# Blender 4.0.2
# www.blender.org
mtllib patch_weeds.mtl
o patch_weeds
v 0.750000 0.750000 0.000000
v 0.750000 0.750000 0.020000
v 0.750000 -0.750000 0.000000
v 0.750000 -0.750000 0.020000
v -0.750000 0.750000 0.000000
v -0.750000 0.750000 0.020000
v -0.750000 -0.750000 0.000000
v -0.750000 -0.750000 0.020000
v 0.075820 -0.103368 0.011823
v 0.075705 -0.116848 0.033246
v 0.062318 -0.108122 0.030528
v 0.059255 -0.096530 0.031125
v 0.070750 -0.098093 0.034212
v 0.080917 -0.110650 0.035522
v 0.059070 -0.118340 0.065788
v 0.048903 -0.105784 0.064478
v 0.054114 -0.099586 0.066754
v 0.067502 -0.108312 0.069472
v 0.070564 -0.119903 0.068875
v 0.054000 -0.113065 0.088177
v 0.037789 -0.103475 0.012646
v 0.037040 -0.108346 0.037473
v 0.040204 -0.092934 0.033571
v 0.049612 -0.086832 0.029287
v 0.052262 -0.098472 0.030542
v 0.044492 -0.111768 0.035601
v 0.048400 -0.094712 0.069458
v 0.056170 -0.081416 0.064399
v 0.063622 -0.084838 0.062527
v 0.060458 -0.100250 0.066429
v 0.051051 -0.106352 0.070713
v 0.062873 -0.089708 0.087354
v 0.027878 0.028183 0.010937
v 0.038704 0.015355 0.029881
v 0.023788 0.020903 0.032961
v 0.018842 0.031555 0.035446
v 0.030701 0.032589 0.033902
v 0.042976 0.022577 0.030463
v 0.036358 0.010799 0.066098
v 0.024083 0.020811 0.069537
v 0.028355 0.028033 0.070119
v 0.043271 0.022485 0.067039
v 0.048217 0.011833 0.064554
v 0.039181 0.015205 0.089063
v 0.046479 -0.018281 0.010129
v 0.034389 -0.019934 0.032304
v 0.048612 -0.012174 0.032777
v 0.060200 -0.015283 0.032410
v 0.053139 -0.024965 0.031710
v 0.037186 -0.027839 0.031645
v 0.040638 -0.017957 0.068290
v 0.056591 -0.015083 0.068355
v 0.059388 -0.022988 0.067696
v 0.045165 -0.030748 0.067223
v 0.033577 -0.027639 0.067590
v 0.047298 -0.024641 0.089871
v 0.446671 -0.046444 0.011712
v 0.443991 -0.055045 0.035365
v 0.433225 -0.043793 0.030868
v 0.433308 -0.031913 0.029147
v 0.444125 -0.035824 0.032581
v 0.450727 -0.050121 0.036424
v 0.428972 -0.045829 0.067419
v 0.422370 -0.031533 0.063576
v 0.429107 -0.026608 0.064635
v 0.439872 -0.037861 0.069132
v 0.439789 -0.049741 0.070853
v 0.426427 -0.035209 0.088288
v 0.436871 0.005455 0.011692
v 0.448369 -0.005668 0.031306
v 0.435654 0.003624 0.035143
v 0.433414 0.015397 0.035836
v 0.444746 0.013381 0.032427
v 0.453989 0.000362 0.029628
v 0.452018 -0.002600 0.067573
v 0.442776 0.010419 0.070372
v 0.448395 0.016448 0.068694
v 0.461111 0.007157 0.064857
v 0.463350 -0.004616 0.064164
v 0.459893 0.005326 0.088308
v -0.417251 0.517142 0.012445
v -0.428330 0.513368 0.034888
v -0.426861 0.528891 0.030456
v -0.417960 0.536921 0.029823
v -0.413929 0.526360 0.033864
v -0.420338 0.511804 0.036994
v -0.435886 0.530816 0.066136
v -0.429477 0.545372 0.063006
v -0.421485 0.543808 0.065112
v -0.422955 0.528285 0.069544
v -0.431855 0.520255 0.070177
v -0.432564 0.540034 0.087555
v -0.427915 0.579420 0.010269
v -0.442203 0.582565 0.030923
v -0.427089 0.588312 0.032064
v -0.416118 0.583640 0.033436
v -0.424451 0.575004 0.033144
v -0.440572 0.574340 0.031591
v -0.439237 0.588728 0.066856
v -0.423115 0.589393 0.068409
v -0.421485 0.581168 0.069077
v -0.436598 0.575420 0.067936
v -0.447570 0.580093 0.066564
v -0.435773 0.584313 0.089731
v 0.603978 -0.446452 0.011107
v 0.619189 -0.454142 0.029819
v 0.603402 -0.453792 0.033481
v 0.595258 -0.445322 0.035934
v 0.606011 -0.440438 0.033789
v 0.620801 -0.445889 0.030010
v 0.619870 -0.457765 0.066211
v 0.605080 -0.452314 0.069990
v 0.606692 -0.444060 0.070181
v 0.622479 -0.444411 0.066519
v 0.630623 -0.452881 0.064066
v 0.621903 -0.451750 0.088893
v 0.560325 -0.452135 0.010021
v 0.569870 -0.460750 0.031822
v 0.553948 -0.457718 0.031997
v 0.546987 -0.447944 0.032342
v 0.558608 -0.444936 0.032382
v 0.572751 -0.452851 0.032060
v 0.562431 -0.461884 0.067618
v 0.548289 -0.453970 0.067940
v 0.551169 -0.446070 0.068178
v 0.567092 -0.449103 0.068003
v 0.574052 -0.458876 0.067658
v 0.560714 -0.454686 0.089979
v 0.644862 -0.686826 0.011072
v 0.641469 -0.698359 0.033345
v 0.631950 -0.685503 0.030726
v 0.633307 -0.673576 0.030684
v 0.643665 -0.679061 0.033277
v 0.648709 -0.694378 0.034921
v 0.627817 -0.692238 0.066723
v 0.622773 -0.676921 0.065079
v 0.630013 -0.672940 0.066655
v 0.639532 -0.685796 0.069274
v 0.638175 -0.697723 0.069316
v 0.626620 -0.684473 0.088928
v 0.601839 -0.707134 0.010868
v 0.606725 -0.719800 0.032230
v 0.598627 -0.705893 0.034169
v 0.601281 -0.694192 0.033801
v 0.611019 -0.700868 0.031635
v 0.614383 -0.716695 0.030664
v 0.609186 -0.714686 0.068365
v 0.605822 -0.698859 0.069336
v 0.613481 -0.695754 0.067770
v 0.621578 -0.709661 0.065831
v 0.618924 -0.721362 0.066199
v 0.618366 -0.708420 0.089132
v -0.180953 -0.124564 0.012757
v -0.180615 -0.136434 0.035110
v -0.195143 -0.130977 0.030429
v -0.200596 -0.120303 0.029778
v -0.189438 -0.119164 0.034055
v -0.177089 -0.129133 0.037351
v -0.200050 -0.139510 0.065945
v -0.212399 -0.129540 0.062649
v -0.208873 -0.122240 0.064890
v -0.194345 -0.127697 0.069571
v -0.188892 -0.138371 0.070222
v -0.208535 -0.134110 0.087243
v -0.230919 -0.152620 0.011019
v -0.245533 -0.159209 0.030606
v -0.233600 -0.148813 0.034108
v -0.221690 -0.149428 0.035480
v -0.226264 -0.160205 0.032827
v -0.240999 -0.166250 0.029814
v -0.245337 -0.160089 0.067173
v -0.230601 -0.154044 0.070186
v -0.226068 -0.161085 0.069394
v -0.238001 -0.171481 0.065892
v -0.249910 -0.170865 0.064520
v -0.240682 -0.167673 0.088981
v 0.661559 -0.044474 0.010251
v 0.653271 -0.055559 0.031443
v 0.657731 -0.040060 0.033069
v 0.668097 -0.034024 0.033527
v 0.670044 -0.045793 0.032184
v 0.660881 -0.059102 0.030896
v 0.654688 -0.051960 0.067816
v 0.663850 -0.038651 0.069104
v 0.671460 -0.042194 0.068557
v 0.667000 -0.057693 0.066931
v 0.656634 -0.063729 0.066473
v 0.663172 -0.053279 0.089749
v 0.725011 -0.089012 0.012176
v 0.712842 -0.092926 0.034022
v 0.715745 -0.077385 0.030444
v 0.725293 -0.070110 0.030515
v 0.728290 -0.081155 0.034137
v 0.720595 -0.095256 0.036304
v 0.705603 -0.076441 0.065863
v 0.713298 -0.062341 0.063696
v 0.721052 -0.064670 0.065978
v 0.718148 -0.080211 0.069556
v 0.708600 -0.087486 0.069485
v 0.708883 -0.068584 0.087824
v 0.439536 0.355750 0.011345
v 0.455777 0.352667 0.030512
v 0.440110 0.351486 0.034503
v 0.430953 0.359098 0.036020
v 0.440960 0.364983 0.032967
v 0.456302 0.361008 0.029563
v 0.457231 0.354109 0.067033
v 0.441890 0.358083 0.070437
v 0.442415 0.366425 0.069488
v 0.458081 0.367605 0.065497
v 0.467239 0.359993 0.063980
v 0.458656 0.363341 0.088655
v 0.466344 0.409272 0.010934
v 0.471448 0.393295 0.029889
v 0.459492 0.403845 0.032805
v 0.458686 0.415550 0.035340
v 0.470143 0.412235 0.033989
v 0.478031 0.398480 0.030621
v 0.466944 0.389699 0.066011
v 0.459057 0.403453 0.069379
v 0.465640 0.408638 0.070111
v 0.477596 0.398088 0.067194
v 0.478402 0.386383 0.064660
v 0.470744 0.392661 0.089066
v 0.060129 0.087897 0.011193
v 0.045982 0.078286 0.029851
v 0.051409 0.093349 0.032384
v 0.061902 0.098411 0.035277
v 0.062959 0.086477 0.034533
v 0.053120 0.074039 0.031180
v 0.039011 0.082860 0.065467
v 0.048851 0.095297 0.068820
v 0.055989 0.091050 0.070149
v 0.050561 0.075988 0.067616
v 0.040068 0.070926 0.064723
v 0.041842 0.081439 0.088807
v 0.043154 0.084688 0.011754
v 0.049859 0.067720 0.029299
v 0.037243 0.077098 0.033254
v 0.035652 0.088482 0.036715
v 0.047284 0.086139 0.034898
v 0.056064 0.073308 0.030314
v 0.046500 0.061028 0.065102
v 0.037719 0.073859 0.069686
v 0.043924 0.079447 0.070701
v 0.056540 0.070068 0.066746
v 0.058132 0.058685 0.063285
v 0.050629 0.062479 0.088246
v -0.015940 -0.190828 0.010092
v -0.018614 -0.202862 0.032198
v -0.021328 -0.186889 0.032680
v -0.014612 -0.176943 0.032434
v -0.007747 -0.186770 0.031798
v -0.010220 -0.202789 0.031652
v -0.018937 -0.196415 0.068202
v -0.016464 -0.180396 0.068348
v -0.008070 -0.180323 0.067802
v -0.005356 -0.196296 0.067320
v -0.012072 -0.206242 0.067566
v -0.010744 -0.192357 0.089908
v -0.043192 -0.215294 0.010203
v -0.035751 -0.227694 0.030976
v -0.049590 -0.219393 0.032497
v -0.052700 -0.207852 0.033611
v -0.040782 -0.209021 0.032778
v -0.030307 -0.221284 0.031149
v -0.040659 -0.227916 0.067222
v -0.051134 -0.215654 0.068851
v -0.045690 -0.209243 0.069024
v -0.031851 -0.217544 0.067503
v -0.028741 -0.229085 0.066389
v -0.038249 -0.221644 0.089797
v -0.215194 0.098693 0.011598
v -0.204401 0.084817 0.029808
v -0.217595 0.093070 0.034344
v -0.220245 0.104521 0.036782
v -0.208689 0.103345 0.033753
v -0.198897 0.091168 0.029443
v -0.202782 0.082069 0.066247
v -0.212574 0.094247 0.070557
v -0.207070 0.100597 0.070192
v -0.193877 0.092344 0.065656
v -0.191226 0.080893 0.063218
v -0.196277 0.086721 0.088402
v -0.248302 0.044379 0.011305
v -0.246653 0.027090 0.029718
v -0.254469 0.040709 0.033739
v -0.251405 0.052025 0.036318
v -0.241694 0.045399 0.033890
v -0.238757 0.029989 0.029811
v -0.248736 0.024051 0.066110
v -0.251672 0.039461 0.070189
v -0.243777 0.042360 0.070282
v -0.235960 0.028741 0.066261
v -0.239025 0.017425 0.063682
v -0.242127 0.025071 0.088695
v -0.660999 -0.662083 0.010090
v -0.673460 -0.667534 0.031436
v -0.664392 -0.654110 0.031992
v -0.652682 -0.651584 0.032769
v -0.654514 -0.663447 0.032693
v -0.667355 -0.673304 0.031869
v -0.672845 -0.660404 0.067307
v -0.660004 -0.650546 0.068131
v -0.653899 -0.656317 0.068564
v -0.662967 -0.669741 0.068008
v -0.674677 -0.672267 0.067231
v -0.666360 -0.661768 0.089910
v -0.699968 -0.696497 0.011016
v -0.694965 -0.712005 0.030384
v -0.704407 -0.699328 0.033974
v -0.702840 -0.687541 0.035618
v -0.692429 -0.692933 0.033044
v -0.687562 -0.708053 0.029809
v -0.694745 -0.712633 0.066956
v -0.699612 -0.697514 0.070191
v -0.692208 -0.693562 0.069616
v -0.682766 -0.706239 0.066026
v -0.684334 -0.718026 0.064382
v -0.687206 -0.709070 0.088984
v -0.261730 0.291024 0.011418
v -0.263495 0.274458 0.030474
v -0.265894 0.289956 0.034576
v -0.259022 0.299671 0.036149
v -0.252375 0.290178 0.033018
v -0.255140 0.274596 0.029511
v -0.261879 0.272867 0.066982
v -0.259114 0.288449 0.070489
v -0.250759 0.288587 0.069526
v -0.248360 0.273089 0.065424
v -0.255233 0.263374 0.063851
v -0.252525 0.272021 0.088582
v -0.308924 0.298763 0.010845
v -0.312103 0.282646 0.030101
v -0.315817 0.298085 0.033357
v -0.309721 0.308220 0.035414
v -0.302240 0.299044 0.033429
v -0.303712 0.283239 0.030145
v -0.314865 0.282142 0.066571
v -0.313393 0.297947 0.069855
v -0.305002 0.298540 0.069899
v -0.301289 0.283101 0.066643
v -0.307384 0.272967 0.064586
v -0.308181 0.282423 0.089155
v 0.334216 0.629857 0.010718
v 0.341430 0.625298 0.034547
v 0.325861 0.629431 0.032736
v 0.319777 0.639536 0.030505
v 0.331586 0.641648 0.030938
v 0.344968 0.632848 0.033436
v 0.331449 0.632160 0.069062
v 0.318067 0.640959 0.066564
v 0.321605 0.648509 0.065453
v 0.337173 0.644376 0.067264
v 0.343257 0.634271 0.069495
v 0.328818 0.643950 0.089282
v 0.334941 0.637034 0.011237
v 0.319274 0.634297 0.030927
v 0.333854 0.640399 0.034523
v 0.345026 0.636130 0.035551
v 0.337350 0.627389 0.032589
v 0.321435 0.626256 0.029732
v 0.319677 0.631701 0.067411
v 0.335593 0.632834 0.070268
v 0.337753 0.624793 0.069073
v 0.323173 0.618691 0.065477
v 0.312002 0.622960 0.064449
v 0.322087 0.622056 0.088763
v 0.124943 -0.458720 0.012869
v 0.112652 -0.460450 0.034928
v 0.116581 -0.445391 0.030396
v 0.126600 -0.438790 0.030008
v 0.128862 -0.449769 0.034300
v 0.120242 -0.463156 0.037341
v 0.106713 -0.441588 0.065700
v 0.115333 -0.428202 0.062659
v 0.122923 -0.430908 0.065072
v 0.118994 -0.445967 0.069604
v 0.108975 -0.452568 0.069992
v 0.110632 -0.432638 0.087131
v 0.101242 -0.450772 0.010554
v 0.091888 -0.461033 0.031716
v 0.099406 -0.446810 0.033699
v 0.110774 -0.442957 0.033830
v 0.110281 -0.454799 0.031928
v 0.098609 -0.465971 0.030622
v 0.095637 -0.459560 0.068072
v 0.107309 -0.448388 0.069378
v 0.114031 -0.453325 0.068284
v 0.106513 -0.467548 0.066301
v 0.095145 -0.471402 0.066170
v 0.104676 -0.463586 0.089446
v -0.649997 -0.470946 0.011236
v -0.646586 -0.480702 0.034341
v -0.652498 -0.465612 0.034042
v -0.648153 -0.454641 0.031839
v -0.639556 -0.462951 0.030777
v -0.638588 -0.479057 0.032324
v -0.642633 -0.470426 0.069223
v -0.643602 -0.454320 0.067676
v -0.635603 -0.452675 0.065659
v -0.629691 -0.467765 0.065958
v -0.634036 -0.478736 0.068161
v -0.632192 -0.462431 0.088764
v -0.657369 -0.507481 0.012301
v -0.643168 -0.513669 0.032318
v -0.657696 -0.507408 0.035852
v -0.662725 -0.496510 0.035639
v -0.651304 -0.496036 0.031973
v -0.639218 -0.506640 0.029920
v -0.639747 -0.506522 0.068027
v -0.651833 -0.495917 0.070080
v -0.647883 -0.488888 0.067682
v -0.633355 -0.495149 0.064148
v -0.628326 -0.506047 0.064361
v -0.633682 -0.495076 0.087699
v 0.418631 -0.535426 0.011598
v 0.429424 -0.549302 0.029808
v 0.416230 -0.541049 0.034344
v 0.413580 -0.529598 0.036782
v 0.425136 -0.530774 0.033753
v 0.434927 -0.542951 0.029443
v 0.431043 -0.552050 0.066247
v 0.421251 -0.539872 0.070557
v 0.426755 -0.533522 0.070192
v 0.439948 -0.541774 0.065656
v 0.442599 -0.553226 0.063218
v 0.437548 -0.547398 0.088402
v 0.385523 -0.589740 0.011305
v 0.387172 -0.607029 0.029718
v 0.379356 -0.593410 0.033739
v 0.382420 -0.582094 0.036318
v 0.392131 -0.588719 0.033890
v 0.395068 -0.604130 0.029811
v 0.385089 -0.610068 0.066110
v 0.382152 -0.594658 0.070189
v 0.390048 -0.591759 0.070282
v 0.397865 -0.605378 0.066261
v 0.394800 -0.616694 0.063682
v 0.391698 -0.609048 0.088695
v -0.694490 0.108498 0.011206
v -0.700145 0.103057 0.035269
v -0.701219 0.118741 0.031319
v -0.693510 0.127698 0.029209
v -0.687672 0.117548 0.031855
v -0.691773 0.102320 0.035600
v -0.702662 0.118894 0.068145
v -0.698561 0.134123 0.064400
v -0.690188 0.133385 0.064731
v -0.689115 0.117701 0.068681
v -0.696824 0.108745 0.070791
v -0.695844 0.127945 0.088794
v -0.691921 0.129036 0.010736
v -0.702498 0.130391 0.033691
v -0.690551 0.141005 0.030976
v -0.678574 0.140588 0.030285
v -0.683119 0.129716 0.032573
v -0.697904 0.123414 0.034678
v -0.695688 0.142781 0.067427
v -0.680903 0.149083 0.065322
v -0.676310 0.142105 0.066309
v -0.688256 0.131491 0.069024
v -0.700233 0.131909 0.069715
v -0.686887 0.143461 0.089264
v -0.150046 -0.419522 0.010146
v -0.149995 -0.431526 0.032429
v -0.159992 -0.418801 0.031484
v -0.158841 -0.406853 0.031496
v -0.148132 -0.412193 0.032448
v -0.142665 -0.427442 0.033025
v -0.158758 -0.426275 0.067552
v -0.164225 -0.411026 0.066975
v -0.156896 -0.406942 0.067571
v -0.146899 -0.419667 0.068516
v -0.148050 -0.431616 0.068504
v -0.156845 -0.418946 0.089854
v -0.140667 -0.409593 0.012342
v -0.155285 -0.419154 0.030660
v -0.143889 -0.408767 0.035660
v -0.131988 -0.409037 0.037203
v -0.136029 -0.419592 0.033157
v -0.150427 -0.425844 0.029114
v -0.155640 -0.424508 0.066843
v -0.141242 -0.418256 0.070886
v -0.136384 -0.424946 0.069340
v -0.147780 -0.435333 0.064340
v -0.159681 -0.435062 0.062797
v -0.151002 -0.434507 0.087658
v 0.621662 0.224387 0.010489
v 0.619602 0.212651 0.032820
v 0.610287 0.225800 0.031066
v 0.611978 0.237684 0.031059
v 0.622339 0.231879 0.032809
v 0.627050 0.216408 0.033897
v 0.608645 0.218694 0.067191
v 0.603934 0.234166 0.066103
v 0.611382 0.237923 0.067180
v 0.620697 0.224774 0.068934
v 0.619006 0.212889 0.068941
v 0.609322 0.226187 0.089511
v 0.551251 0.185183 0.011240
v 0.555169 0.179008 0.035472
v 0.543938 0.190433 0.033006
v 0.543911 0.202073 0.030070
v 0.555125 0.197841 0.030722
v 0.562083 0.183586 0.034060
v 0.550251 0.192082 0.069278
v 0.543293 0.206337 0.065940
v 0.550207 0.210915 0.064528
v 0.561438 0.199490 0.066994
v 0.561465 0.187850 0.069930
v 0.554125 0.204740 0.088760
v -0.340689 0.526670 0.010895
v -0.348125 0.512223 0.030302
v -0.351109 0.528067 0.031972
v -0.344657 0.537897 0.034388
v -0.337685 0.528128 0.034211
v -0.339828 0.512260 0.031686
v -0.356689 0.514521 0.065789
v -0.354546 0.530389 0.068314
v -0.346249 0.530426 0.069698
v -0.343264 0.514581 0.068028
v -0.349716 0.504751 0.065612
v -0.353685 0.515979 0.089105
v -0.350227 0.511308 0.010386
v -0.359404 0.499930 0.031049
v -0.354463 0.515215 0.033224
v -0.343914 0.520875 0.034099
v -0.342334 0.509088 0.032466
v -0.351907 0.496143 0.030581
v -0.358761 0.502465 0.067534
v -0.349188 0.515409 0.069419
v -0.341692 0.511622 0.068951
v -0.346632 0.496338 0.066776
v -0.357181 0.490678 0.065901
v -0.350868 0.500245 0.089614
v 0.579308 0.622950 0.010971
v 0.567921 0.627207 0.033170
v 0.581642 0.635494 0.030769
v 0.593388 0.633019 0.030822
v 0.586925 0.623201 0.033257
v 0.571185 0.619609 0.034709
v 0.574962 0.639907 0.066743
v 0.590702 0.643499 0.065291
v 0.593967 0.635901 0.066829
v 0.580245 0.627613 0.069231
v 0.568499 0.630089 0.069178
v 0.582579 0.640158 0.089029
v 0.559060 0.650691 0.010172
v 0.548507 0.646565 0.032804
v 0.556754 0.660457 0.031481
v 0.568312 0.663678 0.031135
v 0.567208 0.651776 0.032244
v 0.554968 0.641200 0.033276
v 0.551236 0.657001 0.067756
v 0.563477 0.667577 0.066724
v 0.569938 0.662213 0.067196
v 0.561691 0.648321 0.068519
v 0.550133 0.645100 0.068865
v 0.559385 0.658086 0.089828
v 0.426983 -0.076041 0.012816
v 0.411550 -0.083321 0.031510
v 0.425247 -0.076099 0.036306
v 0.436841 -0.079121 0.037045
v 0.430309 -0.088210 0.032707
v 0.414679 -0.090805 0.029286
v 0.411870 -0.090900 0.067293
v 0.427501 -0.088305 0.070714
v 0.430629 -0.095789 0.068490
v 0.416933 -0.103011 0.063694
v 0.405339 -0.099989 0.062955
v 0.415197 -0.103069 0.087184
v 0.443272 -0.080453 0.011894
v 0.433623 -0.094907 0.030297
v 0.438940 -0.080349 0.035046
v 0.449625 -0.075207 0.036911
v 0.450912 -0.086587 0.033314
v 0.441022 -0.098762 0.029226
v 0.434013 -0.098593 0.066686
v 0.443903 -0.086418 0.070774
v 0.451302 -0.090273 0.069703
v 0.445985 -0.104831 0.064954
v 0.435300 -0.109973 0.063089
v 0.441653 -0.104727 0.088106
v 0.467779 -0.357797 0.011130
v 0.454288 -0.359657 0.032465
v 0.462635 -0.345865 0.030776
v 0.474135 -0.342532 0.031631
v 0.472895 -0.354264 0.033848
v 0.460629 -0.364848 0.034364
v 0.452306 -0.345542 0.066152
v 0.464572 -0.334958 0.065636
v 0.470913 -0.340148 0.067535
v 0.462566 -0.353940 0.069224
v 0.451066 -0.357274 0.068369
v 0.457422 -0.342009 0.088870
v 0.460636 -0.300337 0.011212
v 0.467093 -0.303953 0.035417
v 0.451774 -0.299236 0.033007
v 0.446208 -0.289003 0.030109
v 0.458087 -0.287396 0.030727
v 0.470995 -0.296636 0.034008
v 0.456655 -0.294854 0.069273
v 0.443747 -0.285614 0.065992
v 0.447649 -0.278297 0.064583
v 0.462969 -0.283014 0.066993
v 0.468535 -0.293247 0.069891
v 0.454106 -0.281913 0.088788
v -0.178586 0.521888 0.011000
v -0.170116 0.507351 0.029910
v -0.183208 0.516250 0.033397
v -0.185466 0.527807 0.035725
v -0.173769 0.526052 0.033677
v -0.164282 0.513409 0.030083
v -0.171761 0.504287 0.066323
v -0.181248 0.516930 0.069917
v -0.175415 0.522987 0.070090
v -0.162322 0.514089 0.066603
v -0.160064 0.502531 0.064275
v -0.166944 0.508451 0.089000
v -0.223047 0.520527 0.011660
v -0.223626 0.508838 0.034103
v -0.222163 0.524967 0.034775
v -0.213440 0.532971 0.032792
v -0.209511 0.521788 0.030895
v -0.215807 0.506873 0.031705
v -0.214376 0.514058 0.069105
v -0.208081 0.528973 0.068295
v -0.200261 0.527008 0.065897
v -0.201724 0.510879 0.065225
v -0.210448 0.502875 0.067208
v -0.200840 0.515319 0.088340
v 0.357964 0.338971 0.012531
v 0.355618 0.333037 0.037024
v 0.363606 0.346816 0.034011
v 0.374492 0.349813 0.029937
v 0.373232 0.337885 0.030432
v 0.361568 0.327518 0.034812
v 0.370697 0.340211 0.069568
v 0.382362 0.350579 0.065188
v 0.388312 0.345059 0.062976
v 0.380324 0.331280 0.065989
v 0.369437 0.328283 0.070063
v 0.385966 0.339125 0.087469
v 0.416015 0.337228 0.010844
v 0.404356 0.326459 0.030561
v 0.406492 0.342484 0.031737
v 0.415697 0.349864 0.033952
v 0.419250 0.338399 0.034145
v 0.412241 0.323934 0.032050
v 0.396834 0.332439 0.065855
v 0.403843 0.346904 0.067950
v 0.411727 0.344379 0.069439
v 0.409591 0.328354 0.068263
v 0.400386 0.320975 0.066048
v 0.400069 0.333611 0.089156
v -0.458425 0.238484 0.010971
v -0.459044 0.229651 0.034683
v -0.460505 0.245733 0.033285
v -0.453176 0.254927 0.030865
v -0.447185 0.244526 0.030768
v -0.450811 0.228904 0.033127
v -0.454177 0.240635 0.069232
v -0.450550 0.256256 0.066873
v -0.442318 0.255510 0.065317
v -0.440856 0.239427 0.066715
v -0.448185 0.230233 0.069135
v -0.442936 0.246676 0.089029
v -0.390844 0.307974 0.010627
v -0.389786 0.296071 0.032939
v -0.402544 0.305873 0.030961
v -0.404454 0.317724 0.030960
v -0.392876 0.315246 0.032937
v -0.383811 0.301865 0.034161
v -0.402741 0.298465 0.067063
v -0.411806 0.311847 0.065839
v -0.405831 0.317640 0.067061
v -0.393073 0.307838 0.069039
v -0.391163 0.295987 0.069040
v -0.404773 0.305737 0.089373
v 0.409103 0.150044 0.010074
v 0.418374 0.144198 0.032889
v 0.402222 0.145313 0.032098
v 0.394170 0.154186 0.031371
v 0.405346 0.158555 0.031713
v 0.420304 0.152382 0.032651
v 0.409171 0.144726 0.068287
v 0.394212 0.150899 0.067349
v 0.396142 0.159083 0.067111
v 0.412294 0.157968 0.067902
v 0.420346 0.149095 0.068629
v 0.405413 0.153237 0.089926
v 0.413797 0.134609 0.011448
v 0.396228 0.132325 0.029525
v 0.408252 0.142668 0.032874
v 0.419792 0.141806 0.036064
v 0.414900 0.130931 0.034686
v 0.400337 0.125071 0.030645
v 0.391366 0.138110 0.065314
v 0.405929 0.143970 0.069355
v 0.410038 0.136716 0.070475
v 0.398014 0.126374 0.067126
v 0.386474 0.127235 0.063936
v 0.392470 0.134432 0.088552
v -0.233755 0.561355 0.012437
v -0.244471 0.565193 0.035045
v -0.233785 0.576496 0.030481
v -0.221836 0.577307 0.029677
v -0.225136 0.566507 0.033744
v -0.239125 0.559020 0.037062
v -0.239175 0.583517 0.066256
v -0.225186 0.591004 0.062938
v -0.219841 0.584831 0.064955
v -0.230526 0.573528 0.069519
v -0.242475 0.572716 0.070323
v -0.230556 0.588668 0.087563
v -0.164920 0.538474 0.011995
v -0.179970 0.533836 0.031809
v -0.165239 0.539488 0.035524
v -0.154072 0.535092 0.035756
v -0.161901 0.526724 0.032184
v -0.177907 0.525947 0.029744
v -0.178424 0.527588 0.067816
v -0.162418 0.528365 0.070256
v -0.160355 0.520476 0.068191
v -0.175086 0.514824 0.064476
v -0.186254 0.519220 0.064244
v -0.175406 0.515838 0.088005
v 0.418857 0.320369 0.010712
v 0.410656 0.320915 0.034651
v 0.423848 0.329856 0.031685
v 0.435503 0.327735 0.029748
v 0.429515 0.317483 0.031517
v 0.414159 0.313268 0.034547
v 0.422234 0.328618 0.068483
v 0.437590 0.332833 0.065453
v 0.441092 0.325185 0.065349
v 0.427900 0.316245 0.068315
v 0.416245 0.318366 0.070252
v 0.432891 0.325731 0.089288
v 0.429426 0.339751 0.011076
v 0.443626 0.336981 0.031845
v 0.427640 0.337575 0.034461
v 0.419171 0.346082 0.034495
v 0.429923 0.350746 0.031900
v 0.445037 0.345121 0.030262
v 0.442146 0.341600 0.068100
v 0.427032 0.347225 0.069738
v 0.428443 0.355365 0.068155
v 0.444429 0.354771 0.065539
v 0.452898 0.346264 0.065505
v 0.442642 0.352595 0.088924
v 0.264716 0.318383 0.010570
v 0.273872 0.316294 0.034074
v 0.257733 0.315398 0.032866
v 0.248740 0.323119 0.030967
v 0.259321 0.328786 0.031002
v 0.274854 0.324568 0.032922
v 0.263555 0.319738 0.068998
v 0.248022 0.323956 0.067078
v 0.249003 0.332230 0.065926
v 0.265143 0.333126 0.067134
v 0.274136 0.325405 0.069033
v 0.258160 0.330141 0.089430
v 0.259123 0.323157 0.011785
v 0.244572 0.318404 0.031943
v 0.259247 0.324412 0.035305
v 0.270511 0.320261 0.035357
v 0.262796 0.311688 0.032027
v 0.246766 0.310540 0.029917
v 0.246967 0.312571 0.067973
v 0.262998 0.313718 0.070083
v 0.265191 0.305854 0.068057
v 0.250516 0.299847 0.064695
v 0.239253 0.303998 0.064643
v 0.250641 0.301102 0.088215
v 0.597545 -0.107510 0.012971
v 0.599630 -0.124986 0.031161
v 0.596729 -0.109919 0.036387
v 0.603045 -0.099776 0.037540
v 0.609849 -0.108575 0.033027
v 0.607739 -0.124156 0.029085
v 0.606418 -0.128053 0.066973
v 0.608528 -0.112473 0.070915
v 0.616637 -0.111642 0.068839
v 0.619539 -0.126709 0.063613
v 0.613223 -0.136852 0.062460
v 0.618722 -0.129118 0.087029
v 0.562849 -0.104463 0.010045
v 0.550032 -0.100744 0.031551
v 0.565838 -0.097222 0.032258
v 0.576091 -0.103442 0.032790
v 0.566621 -0.110809 0.032412
v 0.550515 -0.109141 0.031647
v 0.555352 -0.097425 0.067588
v 0.571457 -0.099092 0.068353
v 0.571941 -0.107489 0.068449
v 0.556134 -0.111012 0.067742
v 0.545882 -0.104791 0.067210
v 0.559123 -0.103770 0.089955
v -0.162009 0.218775 0.010937
v -0.151184 0.205947 0.029881
v -0.166099 0.211496 0.032961
v -0.171046 0.222147 0.035446
v -0.159186 0.223182 0.033902
v -0.146911 0.213170 0.030463
v -0.153529 0.201391 0.066098
v -0.165804 0.211403 0.069537
v -0.161532 0.218625 0.070119
v -0.146616 0.213077 0.067039
v -0.141670 0.202425 0.064554
v -0.150706 0.205797 0.089063
v -0.143409 0.172311 0.010129
v -0.155499 0.170658 0.032304
v -0.141275 0.178419 0.032777
v -0.129687 0.175310 0.032410
v -0.136749 0.165628 0.031710
v -0.152701 0.162753 0.031645
v -0.149249 0.172635 0.068290
v -0.133297 0.175510 0.068355
v -0.130499 0.167604 0.067696
v -0.144722 0.159844 0.067223
v -0.156311 0.162953 0.067590
v -0.142589 0.165951 0.089871
v -0.613373 0.021501 0.010675
v -0.629469 0.022893 0.030159
v -0.614939 0.029600 0.032738
v -0.603813 0.025629 0.034868
v -0.611467 0.016469 0.033606
v -0.627323 0.014777 0.030696
v -0.629857 0.027881 0.066394
v -0.614001 0.029572 0.069304
v -0.611855 0.021457 0.069841
v -0.626384 0.014750 0.067262
v -0.637511 0.018720 0.065132
v -0.627951 0.022848 0.089325
v -0.671992 0.020519 0.011714
v -0.676811 0.018013 0.036436
v -0.667203 0.030467 0.032520
v -0.655782 0.031864 0.029099
v -0.658332 0.020273 0.030901
v -0.671329 0.011713 0.035435
v -0.663580 0.027810 0.069099
v -0.650583 0.036370 0.064565
v -0.645100 0.030070 0.063564
v -0.654709 0.017616 0.067480
v -0.666130 0.016219 0.070901
v -0.649920 0.027564 0.088286
v -0.533414 0.482578 0.010874
v -0.539857 0.471315 0.032606
v -0.533846 0.486291 0.034129
v -0.523006 0.491397 0.033404
v -0.522319 0.479576 0.031433
v -0.532733 0.467164 0.030939
v -0.533432 0.473173 0.068567
v -0.523017 0.485584 0.069061
v -0.515893 0.481434 0.067394
v -0.521904 0.466458 0.065871
v -0.532744 0.461352 0.066596
v -0.522336 0.470171 0.089126
v -0.540140 0.427430 0.011005
v -0.535680 0.414402 0.032243
v -0.550678 0.420392 0.030859
v -0.555823 0.431194 0.031827
v -0.544004 0.431880 0.033810
v -0.531555 0.421502 0.034066
v -0.548607 0.410114 0.066190
v -0.561057 0.420492 0.065934
v -0.556932 0.427592 0.067757
v -0.541933 0.421603 0.069141
v -0.536788 0.410800 0.068173
v -0.552472 0.414564 0.088995
v -0.564872 -0.436439 0.010191
v -0.561454 -0.448537 0.032159
v -0.570735 -0.435272 0.032973
v -0.568940 -0.423406 0.032714
v -0.558549 -0.429337 0.031740
v -0.553923 -0.444869 0.031397
v -0.563410 -0.442980 0.068260
v -0.568037 -0.427449 0.068603
v -0.560506 -0.423781 0.067841
v -0.551225 -0.437045 0.067027
v -0.553020 -0.448911 0.067286
v -0.557088 -0.435878 0.089809
v -0.583423 -0.433186 0.010007
v -0.573897 -0.440304 0.032351
v -0.589972 -0.438240 0.032061
v -0.597512 -0.428902 0.031845
v -0.586096 -0.425194 0.032002
v -0.571502 -0.432241 0.032315
v -0.582099 -0.440419 0.067998
v -0.596693 -0.433372 0.067685
v -0.594298 -0.425309 0.067649
v -0.578223 -0.427373 0.067939
v -0.570683 -0.436711 0.068155
v -0.584772 -0.432427 0.089993
v 0.441016 -0.320826 0.011187
v 0.446964 -0.326268 0.035179
v 0.433636 -0.317244 0.033266
v 0.431229 -0.305816 0.030490
v 0.443069 -0.307778 0.030689
v 0.452794 -0.320418 0.033587
v 0.440852 -0.314622 0.069311
v 0.431127 -0.301982 0.066413
v 0.436958 -0.296132 0.064821
v 0.450286 -0.305157 0.066734
v 0.452693 -0.316584 0.069510
v 0.442906 -0.301575 0.088813
v 0.454132 -0.321330 0.010255
v 0.464706 -0.330150 0.031493
v 0.448506 -0.329606 0.031577
v 0.440123 -0.321070 0.032557
v 0.451142 -0.316339 0.033079
v 0.466335 -0.321950 0.032421
v 0.457232 -0.335341 0.066921
v 0.442039 -0.329729 0.067579
v 0.443668 -0.321529 0.068507
v 0.459868 -0.322073 0.068423
v 0.468251 -0.330609 0.067443
v 0.454242 -0.330349 0.089745
v 0.430530 -0.647446 0.010010
v 0.438034 -0.657382 0.032046
v 0.422965 -0.651412 0.031960
v 0.417961 -0.640501 0.032089
v 0.429939 -0.639728 0.032255
v 0.442345 -0.650161 0.032229
v 0.430103 -0.656579 0.067745
v 0.417697 -0.646146 0.067771
v 0.422007 -0.638925 0.067954
v 0.437077 -0.644895 0.068040
v 0.442081 -0.655806 0.067911
v 0.429511 -0.648862 0.089990
v 0.453575 -0.674947 0.011155
v 0.454383 -0.682357 0.035344
v 0.441917 -0.672735 0.031502
v 0.440366 -0.661053 0.029217
v 0.451873 -0.663456 0.031646
v 0.460536 -0.676623 0.035432
v 0.441673 -0.673044 0.068354
v 0.433010 -0.659877 0.064568
v 0.439164 -0.654143 0.064656
v 0.451630 -0.663765 0.068498
v 0.453181 -0.675447 0.070783
v 0.439972 -0.661554 0.088845
v -0.152951 0.114083 0.011960
v -0.141000 0.100179 0.029409
v -0.156529 0.103475 0.032683
v -0.162769 0.113041 0.036379
v -0.151095 0.115657 0.035388
v -0.137641 0.107708 0.031081
v -0.143430 0.090543 0.064612
v -0.156884 0.098493 0.068919
v -0.153526 0.106021 0.070591
v -0.137996 0.102725 0.067317
v -0.131757 0.093159 0.063621
v -0.141574 0.092117 0.088040
v -0.139090 0.074438 0.010311
v -0.148549 0.074884 0.033784
v -0.134100 0.082021 0.032045
v -0.122753 0.078384 0.030590
v -0.130190 0.068999 0.031430
v -0.146132 0.066836 0.033404
v -0.138058 0.079106 0.068570
v -0.122115 0.081270 0.066596
v -0.119698 0.073222 0.066216
v -0.134148 0.066084 0.067955
v -0.145494 0.069721 0.069410
v -0.129157 0.073668 0.089689
v 0.608219 -0.596582 0.020648
v 0.601537 -0.600426 0.114637
v 0.606027 -0.604765 0.020158
v 0.599345 -0.608609 0.114147
v 0.597852 -0.602546 0.019667
v 0.591170 -0.606389 0.113656
v 0.600044 -0.594363 0.020158
v 0.593362 -0.598207 0.114147
v 0.315983 -0.422033 0.019702
v 0.316450 -0.431578 0.135095
v 0.309698 -0.416354 0.020198
v 0.310165 -0.425899 0.135590
v 0.315398 -0.410088 0.020693
v 0.315865 -0.419633 0.136086
v 0.321683 -0.415767 0.020198
v 0.322151 -0.425312 0.135590
v 0.422472 -0.287757 0.019597
v 0.425951 -0.296189 0.103228
v 0.414651 -0.284532 0.020248
v 0.418130 -0.292964 0.103879
v 0.417922 -0.276729 0.020899
v 0.421401 -0.285162 0.104529
v 0.425744 -0.279955 0.020248
v 0.429223 -0.288387 0.103879
v -0.076351 -0.457930 0.019699
v -0.066351 -0.455633 0.136106
v -0.080833 -0.465116 0.020226
v -0.070833 -0.462819 0.136633
v -0.088001 -0.460607 0.020752
v -0.078002 -0.458309 0.137159
v -0.083519 -0.453421 0.020226
v -0.073520 -0.451124 0.136633
v -0.540343 0.385092 0.019619
v -0.532928 0.385973 0.100269
v -0.545568 0.378429 0.020172
v -0.538153 0.379310 0.100822
v -0.552208 0.383682 0.020726
v -0.544793 0.384563 0.101375
v -0.546984 0.390345 0.020172
v -0.539569 0.391226 0.100822
v 0.071062 0.574992 0.019748
v 0.071691 0.579702 0.110198
v 0.076215 0.568258 0.020062
v 0.076845 0.572968 0.110513
v 0.069475 0.563114 0.020377
v 0.070104 0.567824 0.110828
v 0.064321 0.569847 0.020062
v 0.064950 0.574557 0.110513
v -0.083203 0.470056 0.021555
v -0.095350 0.480229 0.122043
v -0.091599 0.469262 0.020621
v -0.103746 0.479434 0.121108
v -0.092291 0.477667 0.019686
v -0.104437 0.487839 0.120174
v -0.083895 0.478462 0.020621
v -0.096041 0.488634 0.121108
v -0.624044 -0.212037 0.020237
v -0.624349 -0.207946 0.141641
v -0.630473 -0.206502 0.020035
v -0.630777 -0.202411 0.141439
v -0.624934 -0.200077 0.019832
v -0.625239 -0.195986 0.141236
v -0.618506 -0.205612 0.020035
v -0.618810 -0.201521 0.141439
v 0.469783 0.616736 0.021525
v 0.467424 0.603704 0.101509
v 0.474632 0.609842 0.020544
v 0.472273 0.596811 0.100529
v 0.467674 0.605086 0.019564
v 0.465314 0.592055 0.099549
v 0.462824 0.611980 0.020544
v 0.460465 0.598949 0.100529
v -0.259189 -0.609540 0.020387
v -0.260306 -0.605258 0.101542
v -0.266507 -0.605259 0.020060
v -0.267625 -0.600977 0.101215
v -0.262216 -0.597946 0.019734
v -0.263334 -0.593665 0.100889
v -0.254897 -0.602227 0.020060
v -0.256015 -0.597946 0.101215
v 0.029836 -0.313843 0.022176
v 0.021397 -0.296075 0.119339
v 0.021893 -0.311105 0.020986
v 0.013454 -0.293338 0.118149
v 0.024790 -0.303219 0.019795
v 0.016351 -0.285452 0.116958
v 0.032733 -0.305957 0.020986
v 0.024294 -0.288189 0.118149
v 0.558704 -0.074330 0.021750
v 0.550513 -0.056303 0.144383
v 0.550791 -0.071419 0.020794
v 0.542600 -0.053393 0.143426
v 0.553803 -0.063545 0.019838
v 0.545613 -0.045518 0.142470
v 0.561716 -0.066455 0.020794
v 0.553525 -0.048429 0.143426
v -0.295662 -0.275444 0.021868
v -0.311741 -0.261807 0.147710
v -0.304056 -0.276193 0.020877
v -0.320135 -0.262555 0.146719
v -0.304688 -0.267789 0.019886
v -0.320767 -0.254151 0.145728
v -0.296294 -0.267041 0.020877
v -0.312373 -0.253403 0.146719
v 0.208368 -0.242421 0.021624
v 0.188661 -0.240255 0.154200
v 0.201814 -0.247737 0.020737
v 0.182107 -0.245571 0.153313
v 0.196571 -0.241124 0.019850
v 0.176864 -0.238959 0.152426
v 0.203124 -0.235808 0.020737
v 0.183418 -0.233643 0.153313
v 0.115523 -0.378911 0.020203
v 0.111731 -0.378320 0.151955
v 0.108673 -0.383916 0.020028
v 0.104881 -0.383324 0.151780
v 0.103671 -0.377063 0.019853
v 0.099879 -0.376472 0.151606
v 0.110521 -0.372059 0.020028
v 0.106729 -0.371468 0.151780
v -0.154126 0.154675 0.020316
v -0.159028 0.153669 0.135167
v -0.158791 0.147592 0.020054
v -0.163693 0.146586 0.134906
v -0.165869 0.152264 0.019793
v -0.170772 0.151258 0.134645
v -0.161204 0.159347 0.020054
v -0.166106 0.158341 0.134906
v 0.562201 -0.182227 0.021712
v 0.541114 -0.180944 0.159703
v 0.555916 -0.187856 0.020804
v 0.534829 -0.186573 0.158795
v 0.550361 -0.181507 0.019896
v 0.529274 -0.180224 0.157887
v 0.556645 -0.175878 0.020804
v 0.535558 -0.174595 0.158795
v -0.288801 0.143554 0.020227
v -0.292750 0.144296 0.144264
v -0.295803 0.138765 0.020033
v -0.299752 0.139507 0.144070
v -0.300588 0.145770 0.019838
v -0.304537 0.146512 0.143876
v -0.293586 0.150558 0.020033
v -0.297535 0.151301 0.144070
v 0.082206 -0.448855 0.020812
v 0.078144 -0.441394 0.105414
v 0.074082 -0.446481 0.020213
v 0.070020 -0.439019 0.104814
v 0.076497 -0.438368 0.019613
v 0.072435 -0.430907 0.104215
v 0.084622 -0.440743 0.020213
v 0.080559 -0.433281 0.104814
v 0.611340 -0.131749 0.019670
v 0.618993 -0.140631 0.127895
v 0.602901 -0.131146 0.020317
v 0.610554 -0.140028 0.128541
v 0.603553 -0.122711 0.020963
v 0.611206 -0.131593 0.129187
v 0.611992 -0.123313 0.020317
v 0.619645 -0.132195 0.128541
vn 1.0000 -0.0000 -0.0000
vn -0.0000 -1.0000 -0.0000
vn -1.0000 -0.0000 -0.0000
vn -0.0000 1.0000 -0.0000
vn -0.0000 -0.0000 -1.0000
vn -0.0000 -0.0000 1.0000
vn -0.4047 -0.7730 -0.4885
vn 0.7786 -0.5330 -0.3312
vn -0.7769 -0.1741 -0.6050
vn 0.1813 0.9656 -0.1865
vn 0.7755 0.6307 0.0270
vn 0.7547 -0.6539 0.0528
vn -0.4823 -0.8285 -0.2845
vn -0.9117 -0.2231 -0.3449
vn 0.1075 0.9891 0.1003
vn 0.7398 0.6250 0.2493
vn -0.1075 -0.9891 -0.1003
vn -0.7398 -0.6250 -0.2493
vn -0.7547 0.6539 -0.0528
vn 0.4823 0.8285 0.2845
vn 0.9117 0.2231 0.3449
vn -0.1813 -0.9656 0.1865
vn -0.7755 -0.6307 -0.0270
vn -0.7786 0.5330 0.3312
vn 0.4047 0.7730 0.4885
vn 0.7769 0.1741 0.6050
vn -0.9790 0.2036 0.0104
vn -0.4481 -0.8746 -0.1851
vn -0.6113 0.7329 -0.2986
vn 0.7590 0.1035 -0.6428
vn 0.7088 -0.5715 -0.4135
vn -0.3646 -0.9076 0.2081
vn -0.9410 0.2507 0.2273
vn -0.5521 0.8334 -0.0254
vn 0.9055 0.1640 -0.3915
vn 0.8067 -0.5519 -0.2116
vn -0.9055 -0.1640 0.3915
vn -0.8067 0.5519 0.2116
vn 0.3646 0.9076 -0.2081
vn 0.9410 -0.2507 -0.2273
vn 0.5521 -0.8334 0.0254
vn -0.7590 -0.1035 0.6428
vn -0.7088 0.5715 0.4135
vn 0.4481 0.8746 0.1851
vn 0.9790 -0.2036 -0.0104
vn 0.6113 -0.7329 0.2986
vn -0.3894 -0.8506 -0.3535
vn 0.6872 -0.3555 -0.6335
vn -0.8937 -0.3493 -0.2814
vn -0.1081 0.9787 -0.1745
vn 0.5783 0.7851 -0.2217
vn 0.8365 -0.4725 -0.2775
vn -0.3704 -0.9183 -0.1395
vn -0.9064 -0.4224 0.0062
vn -0.0708 0.9902 0.1200
vn 0.6315 0.7753 -0.0031
vn 0.0708 -0.9902 -0.1200
vn -0.6315 -0.7753 0.0031
vn -0.8365 0.4725 0.2775
vn 0.3704 0.9183 0.1395
vn 0.9064 0.4224 -0.0062
vn 0.1081 -0.9787 0.1745
vn -0.5783 -0.7851 0.2217
vn -0.6872 0.3555 0.6335
vn 0.3894 0.8506 0.3535
vn 0.8937 0.3493 0.2814
vn -0.4654 0.8646 -0.1893
vn -0.8402 -0.2576 -0.4773
vn 0.2411 0.9311 -0.2738
vn 0.7556 -0.5225 -0.3950
vn 0.1682 -0.9258 -0.3386
vn -0.9410 -0.3253 -0.0927
vn -0.4796 0.8768 0.0351
vn 0.2597 0.9655 0.0207
vn 0.8069 -0.5807 -0.1082
vn 0.1765 -0.9770 -0.1195
vn -0.8069 0.5807 0.1082
vn -0.1765 0.9770 0.1195
vn 0.9410 0.3253 0.0927
vn 0.4796 -0.8768 -0.0351
vn -0.2597 -0.9655 -0.0207
vn -0.7556 0.5225 0.3950
vn -0.1682 0.9258 0.3386
vn 0.8402 0.2576 0.4773
vn 0.4654 -0.8646 0.1893
vn -0.2411 -0.9311 0.2738
vn -0.6125 -0.7181 -0.3305
vn 0.5982 -0.7725 -0.2131
vn -0.8211 -0.0762 -0.5657
vn 0.4177 0.8294 -0.3711
vn 0.9132 0.3973 -0.0908
vn 0.5605 -0.8068 0.1870
vn -0.6929 -0.7109 -0.1202
vn -0.9525 -0.0371 -0.3022
vn 0.3651 0.9261 -0.0952
vn 0.8869 0.4440 0.1279
vn -0.3651 -0.9261 0.0952
vn -0.8869 -0.4440 -0.1279
vn -0.5605 0.8068 -0.1870
vn 0.6929 0.7109 0.1202
vn 0.9525 0.0371 0.3022
vn -0.4177 -0.8294 0.3711
vn -0.9132 -0.3973 0.0908
vn -0.5982 0.7725 0.2131
vn 0.6125 0.7181 0.3305
vn 0.8211 0.0762 0.5657
vn -0.6056 -0.7903 -0.0931
vn 0.4744 -0.6169 -0.6280
vn -0.9810 -0.1828 -0.0652
vn 0.0523 0.9260 -0.3738
vn 0.6671 0.5754 -0.4733
vn 0.6623 -0.6951 -0.2797
vn -0.5603 -0.8187 0.1256
vn -0.9534 -0.1949 0.2303
vn 0.1457 0.9845 -0.0979
vn 0.7574 0.5954 -0.2680
vn -0.1457 -0.9845 0.0979
vn -0.7574 -0.5954 0.2680
vn -0.6623 0.6951 0.2797
vn 0.5603 0.8187 -0.1256
vn 0.9534 0.1949 -0.2303
vn -0.0523 -0.9260 0.3738
vn -0.6671 -0.5754 0.4733
vn -0.4744 0.6169 0.6280
vn 0.6056 0.7903 0.0931
vn 0.9810 0.1828 0.0652
vn -0.8929 -0.0434 -0.4481
vn -0.1293 -0.9655 -0.2262
vn -0.5378 0.5455 -0.6428
vn 0.9318 0.2579 -0.2555
vn 0.9171 -0.3976 0.0289
vn -0.2309 -0.9590 0.1641
vn -0.9690 0.0214 -0.2463
vn -0.6320 0.6698 -0.3899
vn 0.9312 0.3639 0.0220
vn 0.9052 -0.3453 0.2476
vn -0.9312 -0.3639 -0.0220
vn -0.9052 0.3453 -0.2476
vn 0.2309 0.9590 -0.1641
vn 0.9690 -0.0214 0.2463
vn 0.6320 -0.6698 0.3899
vn -0.9318 -0.2579 0.2555
vn -0.9171 0.3976 -0.0289
vn 0.1293 0.9655 0.2262
vn 0.8929 0.0434 0.4481
vn 0.5378 -0.5455 0.6428
vn -0.3100 0.8843 -0.3491
vn -0.8192 -0.2059 -0.5353
vn 0.4034 0.8418 -0.3587
vn 0.7033 -0.6706 -0.2359
vn 0.0594 -0.9784 -0.1979
vn -0.9658 -0.2045 -0.1596
vn -0.3437 0.9299 -0.1311
vn 0.3983 0.9145 -0.0707
vn 0.7173 -0.6942 0.0599
vn 0.0387 -0.9989 0.0255
vn -0.7173 0.6942 -0.0599
vn -0.0387 0.9989 -0.0255
vn 0.9658 0.2045 0.1596
vn 0.3437 -0.9299 0.1311
vn -0.3983 -0.9145 0.0707
vn -0.7033 0.6706 0.2359
vn -0.0594 0.9784 0.1979
vn 0.8192 0.2059 0.5353
vn 0.3100 -0.8843 0.3491
vn -0.4034 -0.8418 0.3587
vn -0.0935 -0.9453 -0.3125
vn 0.7426 -0.1299 -0.6570
vn -0.7340 -0.6395 -0.2287
vn -0.4375 0.8781 -0.1936
vn 0.2717 0.9239 -0.2694
vn 0.9357 -0.1758 -0.3059
vn -0.0448 -0.9942 -0.0981
vn -0.7106 -0.7009 0.0610
vn -0.3952 0.9133 0.0983
vn 0.3333 0.9413 -0.0534
vn 0.3952 -0.9133 -0.0983
vn -0.3333 -0.9413 0.0534
vn -0.9357 0.1757 0.3059
vn 0.0448 0.9942 0.0981
vn 0.7106 0.7010 -0.0610
vn 0.4375 -0.8781 0.1936
vn -0.2717 -0.9239 0.2694
vn -0.7426 0.1299 0.6570
vn 0.0935 0.9453 0.3125
vn 0.7340 0.6395 0.2287
vn -0.1820 -0.9391 -0.2914
vn 0.8301 -0.2883 -0.4773
vn -0.7665 -0.5332 -0.3579
vn -0.2369 0.9193 -0.3142
vn 0.4703 0.8500 -0.2375
vn 0.9364 -0.3386 -0.0916
vn -0.1873 -0.9798 -0.0700
vn -0.8138 -0.5772 -0.0679
vn -0.2505 0.9679 -0.0214
vn 0.4881 0.8727 -0.0142
vn 0.2505 -0.9679 0.0214
vn -0.4881 -0.8727 0.0142
vn -0.9364 0.3386 0.0916
vn 0.1873 0.9798 0.0700
vn 0.8138 0.5772 0.0679
vn 0.2369 -0.9193 0.3142
vn -0.4703 -0.8500 0.2375
vn -0.8301 0.2883 0.4773
vn 0.1820 0.9391 0.2914
vn 0.7665 0.5332 0.3579
vn -0.6897 -0.5948 -0.4130
vn 0.5090 -0.7936 -0.3334
vn -0.8293 0.0924 -0.5510
vn 0.5020 0.8245 -0.2612
vn 0.9501 0.3069 -0.0561
vn 0.4711 -0.8801 0.0587
vn -0.7670 -0.6090 -0.2020
vn -0.9535 0.1075 -0.2816
vn 0.4626 0.8862 0.0267
vn 0.9309 0.3246 0.1676
vn -0.4626 -0.8862 -0.0267
vn -0.9309 -0.3246 -0.1676
vn -0.4711 0.8801 -0.0587
vn 0.7670 0.6090 0.2020
vn 0.9535 -0.1075 0.2816
vn -0.5020 -0.8245 0.2612
vn -0.9501 -0.3069 0.0561
vn -0.5089 0.7936 0.3334
vn 0.6897 0.5948 0.4130
vn 0.8293 -0.0924 0.5510
vn -0.8660 -0.4913 -0.0932
vn 0.2215 -0.8157 -0.5343
vn -0.9660 0.2145 -0.1446
vn 0.4424 0.7856 -0.4326
vn 0.8685 0.2121 -0.4480
vn 0.3414 -0.9253 -0.1652
vn -0.8488 -0.5124 0.1303
vn -0.9628 0.2232 0.1524
vn 0.5352 0.8306 -0.1540
vn 0.9472 0.2159 -0.2370
vn -0.5352 -0.8306 0.1540
vn -0.9472 -0.2159 0.2370
vn -0.3414 0.9253 0.1652
vn 0.8488 0.5124 -0.1303
vn 0.9628 -0.2232 -0.1523
vn -0.4424 -0.7856 0.4326
vn -0.8685 -0.2121 0.4480
vn -0.2215 0.8157 0.5343
vn 0.8660 0.4913 0.0932
vn 0.9660 -0.2145 0.1446
vn -0.1788 -0.8701 -0.4594
vn 0.9040 -0.3717 -0.2111
vn -0.6524 -0.3736 -0.6594
vn -0.0041 0.9689 -0.2473
vn 0.6196 0.7834 0.0482
vn 0.8637 -0.4716 0.1776
vn -0.2651 -0.9286 -0.2597
vn -0.8018 -0.4347 -0.4100
vn -0.1123 0.9933 0.0283
vn 0.5616 0.7835 0.2658
vn 0.1123 -0.9933 -0.0283
vn -0.5616 -0.7835 -0.2658
vn -0.8637 0.4716 -0.1776
vn 0.2651 0.9286 0.2597
vn 0.8018 0.4347 0.4100
vn 0.0041 -0.9689 0.2473
vn -0.6196 -0.7834 -0.0482
vn -0.9040 0.3717 0.2111
vn 0.1788 0.8701 0.4594
vn 0.6524 0.3736 0.6594
vn -0.6104 0.7671 -0.1974
vn -0.6817 -0.3679 -0.6324
vn 0.0687 0.9856 -0.1546
vn 0.9024 -0.3091 -0.3001
vn 0.4164 -0.8275 -0.3767
vn -0.8217 -0.4980 -0.2772
vn -0.6603 0.7507 0.0216
vn 0.0349 0.9895 0.1406
vn 0.9217 -0.3876 -0.0143
vn 0.4029 -0.9004 -0.1640
vn -0.9217 0.3876 0.0143
vn -0.4029 0.9004 0.1640
vn 0.8217 0.4980 0.2772
vn 0.6603 -0.7507 -0.0216
vn -0.0349 -0.9895 -0.1406
vn -0.9024 0.3091 0.3001
vn -0.4164 0.8275 0.3767
vn 0.6817 0.3679 0.6324
vn 0.6104 -0.7671 0.1974
vn -0.0687 -0.9856 0.1546
vn -0.9328 0.2908 -0.2127
vn -0.3865 -0.7465 -0.5416
vn -0.4800 0.8428 -0.2435
vn 0.9192 0.1913 -0.3441
vn 0.7905 -0.5117 -0.3366
vn -0.4260 -0.8893 -0.1665
vn -0.9612 0.2755 0.0102
vn -0.5042 0.8620 0.0519
vn 0.9841 0.1690 -0.0550
vn 0.8232 -0.5553 -0.1181
vn -0.9841 -0.1690 0.0550
vn -0.8232 0.5553 0.1181
vn 0.4260 0.8893 0.1665
vn 0.9612 -0.2755 -0.0102
vn 0.5042 -0.8620 -0.0519
vn -0.9192 -0.1913 0.3441
vn -0.7905 0.5117 0.3366
vn 0.3865 0.7465 0.5416
vn 0.9329 -0.2907 0.2127
vn 0.4800 -0.8428 0.2435
vn -0.8764 0.0535 -0.4786
vn -0.1999 -0.9391 -0.2796
vn -0.4672 0.6193 -0.6311
vn 0.9586 0.1908 -0.2114
vn 0.8796 -0.4741 0.0383
vn -0.3149 -0.9431 0.1070
vn -0.9542 0.1146 -0.2763
vn -0.5600 0.7386 -0.3754
vn 0.9565 0.2829 0.0710
vn 0.8640 -0.4317 0.2589
vn -0.9565 -0.2829 -0.0710
vn -0.8640 0.4317 -0.2589
vn 0.3149 0.9431 -0.1070
vn 0.9542 -0.1147 0.2763
vn 0.5600 -0.7386 0.3754
vn -0.9586 -0.1908 0.2114
vn -0.8796 0.4741 -0.0383
vn 0.1999 0.9391 0.2796
vn 0.8764 -0.0535 0.4786
vn 0.4672 -0.6193 0.6311
vn 0.0278 -0.9830 -0.1817
vn 0.7476 -0.1214 -0.6530
vn -0.6463 -0.7531 -0.1226
vn -0.5497 0.7807 -0.2971
vn 0.1468 0.9062 -0.3966
vn 0.9480 -0.0943 -0.3040
vn 0.0842 -0.9958 0.0360
vn -0.6127 -0.7714 0.1720
vn -0.5099 0.8601 -0.0136
vn 0.2074 0.9603 -0.1866
vn 0.5099 -0.8601 0.0136
vn -0.2074 -0.9603 0.1866
vn -0.9480 0.0943 0.3040
vn -0.0842 0.9958 -0.0360
vn 0.6127 0.7714 -0.1720
vn 0.5497 -0.7807 0.2971
vn -0.1468 -0.9062 0.3966
vn -0.7476 0.1214 0.6530
vn -0.0278 0.9830 0.1817
vn 0.6463 0.7531 0.1226
vn -0.6639 -0.6503 -0.3693
vn 0.5239 -0.5766 -0.6270
vn -0.9542 -0.0010 -0.2992
vn 0.2562 0.9525 -0.1646
vn 0.8270 0.5241 -0.2036
vn 0.6141 -0.7415 -0.2702
vn -0.6747 -0.7215 -0.1559
vn -0.9977 -0.0660 -0.0126
vn 0.2898 0.9482 0.1305
vn 0.8690 0.4945 0.0156
vn -0.2898 -0.9482 -0.1305
vn -0.8690 -0.4945 -0.0156
vn -0.6141 0.7415 0.2702
vn 0.6747 0.7215 0.1559
vn 0.9977 0.0660 0.0126
vn -0.2562 -0.9525 0.1646
vn -0.8270 -0.5241 0.2036
vn -0.5238 0.5766 0.6270
vn 0.6639 0.6503 0.3693
vn 0.9542 0.0010 0.2992
vn -0.8222 0.3691 -0.4333
vn -0.3166 -0.7239 -0.6130
vn -0.3236 0.8757 -0.3584
vn 0.9889 0.0947 -0.1142
vn 0.7944 -0.5928 -0.1324
vn -0.4583 -0.8507 -0.2573
vn -0.9044 0.3635 -0.2237
vn -0.4158 0.9062 -0.0777
vn 0.9804 0.0755 0.1822
vn 0.7696 -0.6325 0.0879
vn -0.9804 -0.0755 -0.1822
vn -0.7696 0.6325 -0.0879
vn 0.4583 0.8507 0.2573
vn 0.9044 -0.3635 0.2237
vn 0.4158 -0.9062 0.0777
vn -0.9889 -0.0947 0.1142
vn -0.7944 0.5928 0.1324
vn 0.3166 0.7239 0.6130
vn 0.8222 -0.3691 0.4333
vn 0.3236 -0.8757 0.3584
vn -0.6237 -0.6673 -0.4070
vn 0.5490 -0.4861 -0.6799
vn -0.9586 -0.0487 -0.2807
vn 0.1825 0.9787 -0.0939
vn 0.7816 0.5981 -0.1770
vn 0.6596 -0.6709 -0.3389
vn -0.6241 -0.7554 -0.1997
vn -0.9903 -0.1387 0.0006
vn 0.2233 0.9542 0.1993
vn 0.8310 0.5549 0.0385
vn -0.2233 -0.9542 -0.1993
vn -0.8310 -0.5549 -0.0385
vn -0.6596 0.6709 0.3389
vn 0.6241 0.7554 0.1997
vn 0.9903 0.1387 -0.0006
vn -0.1825 -0.9787 0.0939
vn -0.7816 -0.5981 0.1770
vn -0.5490 0.4861 0.6799
vn 0.6237 0.6673 0.4070
vn 0.9586 0.0487 0.2807
vn -0.9664 -0.1581 -0.2029
vn -0.0235 -0.8768 -0.4802
vn -0.7981 0.5319 -0.2831
vn 0.7453 0.5455 -0.3833
vn 0.9346 -0.1413 -0.3264
vn 0.0026 -0.9954 -0.0956
vn -0.9855 -0.1681 0.0212
vn -0.8286 0.5598 0.0111
vn 0.8131 0.5742 -0.0955
vn 0.9828 -0.1508 -0.1066
vn -0.8131 -0.5742 0.0955
vn -0.9828 0.1508 0.1066
vn -0.0026 0.9954 0.0956
vn 0.9855 0.1681 -0.0212
vn 0.8286 -0.5598 -0.0111
vn -0.7453 -0.5455 0.3833
vn -0.9346 0.1413 0.3264
vn 0.0235 0.8768 0.4802
vn 0.9664 0.1581 0.2029
vn 0.7981 -0.5319 0.2831
vn -0.5151 -0.8045 -0.2957
vn 0.6445 -0.5325 -0.5487
vn -0.9262 -0.2200 -0.3062
vn 0.0748 0.9587 -0.2744
vn 0.7178 0.6472 -0.2565
vn 0.7529 -0.6347 -0.1740
vn -0.5190 -0.8514 -0.0755
vn -0.9658 -0.2588 -0.0144
vn 0.0989 0.9949 0.0195
vn 0.7576 0.6518 -0.0349
vn -0.0989 -0.9949 -0.0195
vn -0.7576 -0.6518 0.0349
vn -0.7529 0.6347 0.1740
vn 0.5190 0.8514 0.0755
vn 0.9658 0.2588 0.0144
vn -0.0748 -0.9587 0.2744
vn -0.7178 -0.6472 0.2565
vn -0.6445 0.5325 0.5487
vn 0.5151 0.8045 0.2957
vn 0.9262 0.2200 0.3062
vn -0.5741 -0.7787 -0.2531
vn 0.5267 -0.4962 -0.6902
vn -0.9698 -0.1925 -0.1499
vn 0.0423 0.9752 -0.2172
vn 0.6724 0.6596 -0.3359
vn 0.6982 -0.6252 -0.3488
vn -0.5396 -0.8410 -0.0394
vn -0.9575 -0.2516 0.1409
vn 0.1190 0.9905 0.0694
vn 0.7511 0.6482 -0.1252
vn -0.1190 -0.9905 -0.0694
vn -0.7511 -0.6482 0.1252
vn -0.6982 0.6252 0.3488
vn 0.5396 0.8410 0.0394
vn 0.9575 0.2516 -0.1409
vn -0.0423 -0.9752 0.2172
vn -0.6724 -0.6596 0.3359
vn -0.5267 0.4962 0.6902
vn 0.5741 0.7787 0.2531
vn 0.9698 0.1925 0.1499
vn -0.8623 -0.4054 -0.3034
vn 0.2619 -0.6917 -0.6730
vn -0.9314 0.2994 -0.2071
vn 0.5205 0.8325 -0.1899
vn 0.9259 0.2512 -0.2823
vn 0.3292 -0.8862 -0.3261
vn -0.8750 -0.4757 -0.0898
vn -0.9665 0.2430 0.0825
vn 0.5778 0.8099 0.1007
vn 0.9766 0.2041 -0.0679
vn -0.5778 -0.8099 -0.1007
vn -0.9766 -0.2041 0.0679
vn -0.3292 0.8862 0.3261
vn 0.8750 0.4757 0.0898
vn 0.9665 -0.2430 -0.0825
vn -0.5205 -0.8325 0.1899
vn -0.9259 -0.2512 0.2823
vn -0.2619 0.6917 0.6730
vn 0.8623 0.4054 0.3034
vn 0.9314 -0.2994 0.2071
vn -0.7797 0.5398 -0.3173
vn -0.5755 -0.6464 -0.5010
vn -0.1738 0.9164 -0.3605
vn 0.9488 -0.1447 -0.2809
vn 0.6029 -0.7671 -0.2193
vn -0.6776 -0.7258 -0.1190
vn -0.8229 0.5599 -0.0972
vn -0.2058 0.9760 -0.0712
vn 0.9882 -0.1526 0.0134
vn 0.6088 -0.7933 0.0043
vn -0.9882 0.1527 -0.0134
vn -0.6088 0.7933 -0.0043
vn 0.6776 0.7258 0.1190
vn 0.8229 -0.5599 0.0972
vn 0.2058 -0.9760 0.0712
vn -0.9488 0.1447 0.2809
vn -0.6029 0.7671 0.2193
vn 0.5755 0.6464 0.5010
vn 0.7797 -0.5398 0.3173
vn 0.1738 -0.9164 0.3605
vn -0.8110 -0.5407 -0.2235
vn 0.3221 -0.6967 -0.6410
vn -0.9736 0.1531 -0.1694
vn 0.3877 0.8798 -0.2750
vn 0.8657 0.3543 -0.3536
vn 0.4337 -0.8542 -0.2869
vn -0.8027 -0.5963 -0.0054
vn -0.9856 0.1137 0.1248
vn 0.4623 0.8866 0.0124
vn 0.9334 0.3304 -0.1401
vn -0.4623 -0.8866 -0.0124
vn -0.9334 -0.3304 0.1401
vn -0.4337 0.8542 0.2869
vn 0.8027 0.5963 0.0054
vn 0.9856 -0.1137 -0.1248
vn -0.3877 -0.8798 0.2750
vn -0.8657 -0.3543 0.3536
vn -0.3221 0.6967 0.6410
vn 0.8110 0.5407 0.2235
vn 0.9736 -0.1531 0.1694
vn -0.9781 -0.1036 -0.1807
vn -0.0635 -0.7502 -0.6581
vn -0.8017 0.5861 -0.1171
vn 0.7346 0.6114 -0.2942
vn 0.9142 -0.0725 -0.3987
vn -0.0202 -0.9503 -0.3106
vn -0.9861 -0.1623 0.0366
vn -0.8168 0.5491 0.1772
vn 0.8174 0.5759 -0.0111
vn 0.9733 -0.1301 -0.1892
vn -0.8174 -0.5759 0.0111
vn -0.9733 0.1301 0.1892
vn 0.0202 0.9503 0.3106
vn 0.9861 0.1623 -0.0366
vn 0.8168 -0.5491 -0.1772
vn -0.7346 -0.6114 0.2942
vn -0.9142 0.0725 0.3987
vn 0.0635 0.7502 0.6581
vn 0.9781 0.1036 0.1807
vn 0.8017 -0.5861 0.1171
vn -0.9417 -0.1647 -0.2933
vn 0.0578 -0.7702 -0.6351
vn -0.8119 0.5355 -0.2325
vn 0.7310 0.6445 -0.2243
vn 0.9585 -0.0304 -0.2833
vn 0.0691 -0.9580 -0.2784
vn -0.9730 -0.2179 -0.0767
vn -0.8607 0.5057 0.0591
vn 0.7804 0.6216 0.0677
vn 0.9947 -0.0788 -0.0664
vn -0.7804 -0.6216 -0.0677
vn -0.9947 0.0789 0.0664
vn -0.0691 0.9580 0.2784
vn 0.9730 0.2179 0.0767
vn 0.8607 -0.5057 -0.0591
vn -0.7310 -0.6445 0.2243
vn -0.9585 0.0304 0.2833
vn -0.0578 0.7702 0.6351
vn 0.9417 0.1647 0.2933
vn 0.8119 -0.5355 0.2325
vn -0.2430 -0.9637 -0.1108
vn 0.8328 -0.4398 -0.3362
vn -0.7836 -0.5397 -0.3078
vn -0.1330 0.8486 -0.5121
vn 0.5584 0.7462 -0.3625
vn 0.9072 -0.4164 0.0595
vn -0.2672 -0.9570 0.1130
vn -0.8546 -0.5190 -0.0200
vn -0.1625 0.9577 -0.2374
vn 0.5625 0.8135 -0.1476
vn 0.1625 -0.9577 0.2374
vn -0.5625 -0.8135 0.1476
vn -0.9072 0.4164 -0.0595
vn 0.2672 0.9570 -0.1130
vn 0.8546 0.5190 0.0200
vn 0.1330 -0.8486 0.5121
vn -0.5584 -0.7462 0.3625
vn -0.8328 0.4398 0.3362
vn 0.2430 0.9637 0.1108
vn 0.7836 0.5397 0.3078
vn -0.3500 0.9247 -0.1499
vn -0.7697 -0.1134 -0.6282
vn 0.3639 0.9241 -0.1166
vn 0.7612 -0.5545 -0.3364
vn 0.1393 -0.8965 -0.4207
vn -0.9380 -0.2112 -0.2749
vn -0.3997 0.9140 0.0695
vn 0.3368 0.9244 0.1793
vn 0.7594 -0.6484 -0.0545
vn 0.1070 -0.9716 -0.2109
vn -0.7594 0.6484 0.0545
vn -0.1070 0.9716 0.2109
vn 0.9380 0.2112 0.2749
vn 0.3997 -0.9140 -0.0695
vn -0.3368 -0.9244 -0.1793
vn -0.7612 0.5545 0.3364
vn -0.1393 0.8965 0.4207
vn 0.7697 0.1134 0.6282
vn 0.3500 -0.9247 0.1500
vn -0.3639 -0.9241 0.1166
vn -0.8733 0.0834 -0.4800
vn -0.2644 -0.9388 -0.2209
vn -0.4275 0.6096 -0.6676
vn 0.9682 0.1120 -0.2238
vn 0.8457 -0.5295 0.0665
vn -0.3774 -0.9112 0.1652
vn -0.9457 0.1619 -0.2818
vn -0.5107 0.7504 -0.4196
vn 0.9738 0.2212 0.0524
vn 0.8342 -0.4726 0.2841
vn -0.9738 -0.2212 -0.0524
vn -0.8342 0.4726 -0.2841
vn 0.3774 0.9112 -0.1652
vn 0.9457 -0.1619 0.2818
vn 0.5107 -0.7504 0.4196
vn -0.9682 -0.1120 0.2238
vn -0.8457 0.5295 -0.0665
vn 0.2644 0.9387 0.2210
vn 0.8733 -0.0834 0.4800
vn 0.4275 -0.6096 0.6676
vn -0.8652 0.4783 -0.1505
vn -0.5512 -0.6288 -0.5485
vn -0.3136 0.9315 -0.1843
vn 0.9224 0.0236 -0.3856
vn 0.6571 -0.6399 -0.3984
vn -0.6012 -0.7791 -0.1776
vn -0.8859 0.4581 0.0728
vn -0.3201 0.9407 0.1125
vn 0.9945 -0.0250 -0.1016
vn 0.6903 -0.6997 -0.1839
vn -0.9945 0.0250 0.1016
vn -0.6903 0.6997 0.1839
vn 0.6012 0.7791 0.1776
vn 0.8859 -0.4581 -0.0728
vn 0.3201 -0.9407 -0.1125
vn -0.9224 -0.0236 0.3856
vn -0.6571 0.6399 0.3984
vn 0.5512 0.6288 0.5485
vn 0.8652 -0.4783 0.1505
vn 0.3136 -0.9315 0.1843
vn -0.9309 -0.3650 -0.0167
vn 0.0872 -0.9131 -0.3984
vn -0.9265 0.3310 -0.1790
vn 0.5443 0.6334 -0.5500
vn 0.8807 0.0075 -0.4737
vn 0.1974 -0.9802 -0.0163
vn -0.9122 -0.3533 0.2074
vn -0.9158 0.3854 0.1129
vn 0.6486 0.7070 -0.2818
vn 0.9635 0.0324 -0.2657
vn -0.6486 -0.7070 0.2818
vn -0.9635 -0.0324 0.2657
vn -0.1974 0.9802 0.0163
vn 0.9122 0.3533 -0.2074
vn 0.9158 -0.3854 -0.1129
vn -0.5443 -0.6334 0.5500
vn -0.8807 -0.0075 0.4737
vn -0.0872 0.9131 0.3984
vn 0.9309 0.3650 0.0167
vn 0.9265 -0.3310 0.1790
vn -0.3963 -0.9181 -0.0026
vn 0.5995 -0.5389 -0.5918
vn -0.9079 -0.4191 -0.0113
vn -0.1814 0.8733 -0.4522
vn 0.4984 0.6737 -0.5456
vn 0.8067 -0.5373 -0.2459
vn -0.3417 -0.9147 0.2158
vn -0.8730 -0.3973 0.2829
vn -0.1003 0.9774 -0.1860
vn 0.5848 0.7335 -0.3464
vn 0.1003 -0.9774 0.1860
vn -0.5848 -0.7335 0.3464
vn -0.8067 0.5373 0.2459
vn 0.3417 0.9147 -0.2158
vn 0.8730 0.3973 -0.2829
vn 0.1814 -0.8733 0.4522
vn -0.4984 -0.6737 0.5456
vn -0.5995 0.5389 0.5918
vn 0.3963 0.9181 0.0026
vn 0.9079 0.4191 0.0113
vn -0.9583 -0.1297 -0.2546
vn -0.0759 -0.9686 -0.2368
vn -0.7136 0.4982 -0.4925
vn 0.8260 0.3626 -0.4316
vn 0.9379 -0.2967 -0.1796
vn -0.0930 -0.9817 0.1659
vn -0.9962 -0.0779 -0.0387
vn -0.7643 0.6060 -0.2203
vn 0.8733 0.4618 -0.1556
vn 0.9672 -0.2509 0.0389
vn -0.8733 -0.4618 0.1556
vn -0.9672 0.2509 -0.0389
vn 0.0930 0.9817 -0.1659
vn 0.9962 0.0779 0.0387
vn 0.7643 -0.6060 0.2203
vn -0.8260 -0.3626 0.4316
vn -0.9379 0.2967 0.1796
vn 0.0759 0.9686 0.2368
vn 0.9583 0.1297 0.2546
vn 0.7136 -0.4982 0.4925
vn -0.6659 0.6610 -0.3459
vn -0.7692 -0.5520 -0.3219
vn 0.0006 0.8607 -0.5091
vn 0.8452 -0.4223 -0.3275
vn 0.3744 -0.9192 -0.1223
vn -0.8377 -0.5408 0.0754
vn -0.6749 0.7263 -0.1305
vn 0.0203 0.9720 -0.2343
vn 0.9187 -0.3927 -0.0412
vn 0.4022 -0.9099 0.1010
vn -0.9187 0.3927 0.0412
vn -0.4022 0.9100 -0.1010
vn 0.8377 0.5408 -0.0754
vn 0.6749 -0.7263 0.1305
vn -0.0203 -0.9720 0.2343
vn -0.8452 0.4223 0.3275
vn -0.3744 0.9192 0.1223
vn 0.7693 0.5520 0.3219
vn 0.6659 -0.6610 0.3459
vn -0.0006 -0.8607 0.5091
vn -0.7329 -0.5996 -0.3213
vn 0.4675 -0.7778 -0.4201
vn -0.9018 0.0873 -0.4233
vn 0.4460 0.8383 -0.3137
vn 0.9270 0.3253 -0.1864
vn 0.4883 -0.8722 -0.0285
vn -0.7786 -0.6192 -0.1017
vn -0.9858 0.0951 -0.1384
vn 0.4478 0.8939 -0.0219
vn 0.9402 0.3385 0.0380
vn -0.4477 -0.8939 0.0219
vn -0.9402 -0.3385 -0.0380
vn -0.4883 0.8722 0.0285
vn 0.7786 0.6192 0.1017
vn 0.9858 -0.0951 0.1384
vn -0.4460 -0.8383 0.3137
vn -0.9270 -0.3253 0.1864
vn -0.4675 0.7778 0.4201
vn 0.7329 0.5996 0.3213
vn 0.9018 -0.0873 0.4233
vn -0.6410 0.7588 -0.1155
vn -0.6542 -0.3162 -0.6871
vn 0.0268 0.9991 -0.0317
vn 0.9202 -0.2311 -0.3161
vn 0.4593 -0.7564 -0.4657
vn -0.7939 -0.4948 -0.3535
vn -0.6937 0.7135 0.0988
vn -0.0119 0.9653 0.2609
vn 0.9383 -0.3433 -0.0416
vn 0.4456 -0.8555 -0.2639
vn -0.9383 0.3433 0.0416
vn -0.4456 0.8555 0.2639
vn 0.7939 0.4948 0.3535
vn 0.6937 -0.7135 -0.0988
vn 0.0119 -0.9653 -0.2609
vn -0.9202 0.2311 0.3161
vn -0.4593 0.7564 0.4657
vn 0.6542 0.3162 0.6871
vn 0.6410 -0.7588 0.1155
vn -0.0268 -0.9991 0.0317
vn -0.7352 -0.5698 -0.3673
vn 0.4599 -0.8028 -0.3795
vn -0.8650 0.1228 -0.4866
vn 0.5047 0.8137 -0.2885
vn 0.9517 0.2812 -0.1232
vn 0.4488 -0.8935 0.0133
vn -0.7970 -0.5848 -0.1512
vn -0.9683 0.1377 -0.2084
vn 0.4885 0.8726 0.0023
vn 0.9497 0.2963 0.1014
vn -0.4885 -0.8725 -0.0023
vn -0.9497 -0.2963 -0.1014
vn -0.4488 0.8935 -0.0133
vn 0.7970 0.5847 0.1512
vn 0.9683 -0.1377 0.2084
vn -0.5047 -0.8137 0.2884
vn -0.9517 -0.2811 0.1232
vn -0.4599 0.8028 0.3795
vn 0.7352 0.5698 0.3673
vn 0.8650 -0.1228 0.4866
vn -0.7044 -0.7067 -0.0662
vn 0.4869 -0.8243 -0.2888
vn -0.9506 -0.0780 -0.3005
vn 0.3208 0.7638 -0.5601
vn 0.8615 0.3301 -0.3858
vn 0.5640 -0.8188 0.1070
vn -0.7210 -0.6751 0.1562
vn -0.9998 -0.0065 -0.0164
vn 0.3524 0.8889 -0.2925
vn 0.9003 0.3985 -0.1748
vn -0.3524 -0.8889 0.2925
vn -0.9003 -0.3985 0.1748
vn -0.5640 0.8188 -0.1070
vn 0.7210 0.6751 -0.1562
vn 0.9998 0.0065 0.0164
vn -0.3208 -0.7638 0.5601
vn -0.8615 -0.3301 0.3858
vn -0.4869 0.8243 0.2888
vn 0.7044 0.7067 0.0662
vn 0.9506 0.0780 0.3005
vn -0.8929 -0.1225 -0.4333
vn 0.0987 -0.8160 -0.5696
vn -0.7209 0.5700 -0.3942
vn 0.8048 0.5769 -0.1397
vn 0.9862 -0.1141 -0.1199
vn 0.0386 -0.9780 -0.2052
vn -0.9622 -0.1579 -0.2220
vn -0.8176 0.5645 -0.1134
vn 0.8052 0.5718 0.1573
vn 0.9835 -0.1491 0.1025
vn -0.8052 -0.5718 -0.1573
vn -0.9835 0.1491 -0.1025
vn -0.0386 0.9780 0.2052
vn 0.9622 0.1579 0.2220
vn 0.8176 -0.5645 0.1134
vn -0.8048 -0.5769 0.1397
vn -0.9862 0.1141 0.1199
vn -0.0987 0.8160 0.5696
vn 0.8929 0.1225 0.4333
vn 0.7209 -0.5700 0.3942
vn -0.9170 0.3286 -0.2263
vn -0.3981 -0.7174 -0.5718
vn -0.4451 0.8653 -0.2306
vn 0.9334 0.1690 -0.3167
vn 0.7808 -0.5291 -0.3323
vn -0.4516 -0.8691 -0.2019
vn -0.9513 0.3081 -0.0047
vn -0.4759 0.8771 0.0647
vn 0.9903 0.1365 -0.0269
vn 0.8066 -0.5799 -0.1144
vn -0.9903 -0.1365 0.0269
vn -0.8066 0.5799 0.1144
vn 0.4516 0.8691 0.2019
vn 0.9513 -0.3081 0.0047
vn 0.4759 -0.8771 -0.0647
vn -0.9334 -0.1690 0.3167
vn -0.7808 0.5291 0.3323
vn 0.3981 0.7174 0.5718
vn 0.9170 -0.3286 0.2263
vn 0.4451 -0.8653 0.2306
vn -0.5229 0.7465 -0.4114
vn -0.8346 -0.4287 -0.3459
vn 0.1757 0.8221 -0.5416
vn 0.7761 -0.5751 -0.2588
vn 0.2165 -0.9742 -0.0630
vn -0.9211 -0.3866 0.0457
vn -0.5320 0.8229 -0.1997
vn 0.1997 0.9417 -0.2707
vn 0.8383 -0.5444 0.0301
vn 0.2337 -0.9589 0.1610
vn -0.8383 0.5444 -0.0301
vn -0.2337 0.9589 -0.1610
vn 0.9211 0.3866 -0.0457
vn 0.5320 -0.8229 0.1997
vn -0.1997 -0.9417 0.2707
vn -0.7761 0.5751 0.2588
vn -0.2165 0.9742 0.0630
vn 0.8346 0.4287 0.3459
vn 0.5229 -0.7465 0.4114
vn -0.1757 -0.8221 0.5416
vn -0.8318 0.4649 -0.3031
vn -0.5691 -0.7203 -0.3967
vn -0.2547 0.8684 -0.4255
vn 0.9334 -0.1181 -0.3388
vn 0.6316 -0.7501 -0.1963
vn -0.6387 -0.7695 -0.0025
vn -0.8604 0.5029 -0.0830
vn -0.2697 0.9526 -0.1410
vn 0.9941 -0.0967 -0.0488
vn 0.6549 -0.7552 0.0277
vn -0.9941 0.0967 0.0488
vn -0.6549 0.7552 -0.0277
vn 0.6387 0.7695 0.0025
vn 0.8604 -0.5029 0.0830
vn 0.2697 -0.9526 0.1410
vn -0.9334 0.1181 0.3388
vn -0.6316 0.7501 0.1963
vn 0.5691 0.7203 0.3967
vn 0.8318 -0.4649 0.3031
vn 0.2547 -0.8684 0.4255
vn -0.4575 0.8887 -0.0316
vn -0.7436 -0.1151 -0.6587
vn 0.2509 0.9678 0.0210
vn 0.8262 -0.4085 -0.3881
vn 0.2511 -0.8064 -0.5354
vn -0.9026 -0.2802 -0.3268
vn -0.5079 0.8418 0.1829
vn 0.2207 0.9237 0.3132
vn 0.8327 -0.5402 -0.1219
vn 0.2258 -0.9134 -0.3388
vn -0.8327 0.5402 0.1219
vn -0.2258 0.9134 0.3388
vn 0.9026 0.2802 0.3268
vn 0.5079 -0.8418 -0.1829
vn -0.2207 -0.9237 -0.3132
vn -0.8262 0.4085 0.3881
vn -0.2511 0.8064 0.5354
vn 0.7436 0.1151 0.6587
vn 0.4575 -0.8887 0.0316
vn -0.2509 -0.9678 -0.0210
vn -0.9061 0.3868 -0.1713
vn -0.4116 -0.5993 -0.6866
vn -0.4204 0.9036 -0.0827
vn 0.9402 0.1947 -0.2796
vn 0.7696 -0.4863 -0.4138
vn -0.4723 -0.8099 -0.3479
vn -0.9429 0.3302 0.0436
vn -0.4535 0.8661 0.2101
vn 0.9937 0.1121 0.0007
vn 0.7922 -0.5739 -0.2075
vn -0.9937 -0.1121 -0.0007
vn -0.7922 0.5739 0.2075
vn 0.4723 0.8099 0.3479
vn 0.9429 -0.3302 -0.0436
vn 0.4535 -0.8661 -0.2101
vn -0.9402 -0.1947 0.2796
vn -0.7696 0.4863 0.4138
vn 0.4116 0.5993 0.6866
vn 0.9061 -0.3868 0.1713
vn 0.4204 -0.9036 0.0827
vn -0.7838 0.4181 -0.4592
vn -0.5106 -0.7664 -0.3897
vn -0.1956 0.8147 -0.5460
vn 0.9704 -0.1398 -0.1968
vn 0.6523 -0.7574 -0.0291
vn -0.6324 -0.7746 -0.0053
vn -0.8416 0.4787 -0.2501
vn -0.2485 0.9283 -0.2766
vn 0.9917 -0.0869 0.0948
vn 0.6454 -0.7385 0.1952
vn -0.9917 0.0869 -0.0948
vn -0.6454 0.7385 -0.1952
vn 0.6324 0.7746 0.0053
vn 0.8416 -0.4787 0.2501
vn 0.2485 -0.9283 0.2766
vn -0.9704 0.1398 0.1968
vn -0.6523 0.7574 0.0291
vn 0.5106 0.7664 0.3897
vn 0.7838 -0.4181 0.4592
vn 0.1956 -0.8147 0.5460
vn -0.2839 -0.9565 -0.0671
vn 0.8193 -0.4932 -0.2923
vn -0.8001 -0.5200 -0.2991
vn -0.0826 0.8256 -0.5582
vn 0.5998 0.7007 -0.3863
vn 0.8858 -0.4524 0.1035
vn -0.3129 -0.9370 0.1553
vn -0.8766 -0.4810 -0.0147
vn -0.1134 0.9502 -0.2903
vn 0.6021 0.7790 -0.1752
vn 0.1134 -0.9502 0.2903
vn -0.6021 -0.7790 0.1752
vn -0.8858 0.4524 -0.1035
vn 0.3129 0.9370 -0.1553
vn 0.8766 0.4810 0.0147
vn 0.0826 -0.8256 0.5582
vn -0.5998 -0.7007 0.3863
vn -0.8193 0.4932 0.2923
vn 0.2839 0.9565 0.0671
vn 0.8001 0.5200 0.2991
vn -0.5895 -0.7461 -0.3095
vn 0.5576 -0.5185 -0.6483
vn -0.9620 -0.1408 -0.2340
vn 0.1107 0.9731 -0.2022
vn 0.7316 0.6258 -0.2703
vn 0.6925 -0.6584 -0.2949
vn -0.5767 -0.8115 -0.0943
vn -0.9777 -0.2024 0.0562
vn 0.1633 0.9825 0.0901
vn 0.7913 0.6091 -0.0538
vn -0.1633 -0.9825 -0.0901
vn -0.7913 -0.6091 0.0538
vn -0.6925 0.6584 0.2949
vn 0.5767 0.8115 0.0943
vn 0.9777 0.2024 -0.0562
vn -0.1107 -0.9731 0.2022
vn -0.7316 -0.6258 0.2703
vn -0.5576 0.5184 0.6483
vn 0.5895 0.7461 0.3095
vn 0.9620 0.1408 0.2340
vn -0.9958 0.0894 0.0209
vn -0.3435 -0.8293 -0.4408
vn -0.6855 0.7194 -0.1120
vn 0.7523 0.3581 -0.5529
vn 0.7752 -0.3555 -0.5222
vn -0.2629 -0.9624 -0.0687
vn -0.9667 0.0775 0.2439
vn -0.6423 0.7448 0.1808
vn 0.8871 0.3605 -0.2882
vn 0.8670 -0.3832 -0.3185
vn -0.8871 -0.3605 0.2882
vn -0.8670 0.3832 0.3185
vn 0.2629 0.9624 0.0687
vn 0.9667 -0.0775 -0.2439
vn 0.6423 -0.7448 -0.1808
vn -0.7523 -0.3581 0.5529
vn -0.7752 0.3555 0.5222
vn 0.3435 0.8293 0.4408
vn 0.9958 -0.0894 -0.0209
vn 0.6855 -0.7194 0.1120
vn -0.8605 0.5077 0.0406
vn -0.7064 -0.6694 -0.2298
vn -0.3407 0.9084 -0.2423
vn 0.7533 -0.1065 -0.6490
vn 0.4869 -0.7423 -0.4603
vn -0.6390 -0.7526 0.1590
vn -0.8099 0.5262 0.2593
vn -0.2529 0.9668 0.0354
vn 0.9108 -0.1127 -0.3972
vn 0.5853 -0.7682 -0.2594
vn -0.9108 0.1127 0.3972
vn -0.5853 0.7682 0.2594
vn 0.6390 0.7526 -0.1590
vn 0.8099 -0.5262 -0.2593
vn 0.2529 -0.9668 -0.0354
vn -0.7533 0.1065 0.6490
vn -0.4869 0.7423 0.4603
vn 0.7064 0.6694 0.2298
vn 0.8606 -0.5077 -0.0406
vn 0.3407 -0.9084 0.2423
vn -0.8848 0.1503 -0.4411
vn -0.1607 -0.8231 -0.5446
vn -0.5041 0.7548 -0.4197
vn 0.9457 0.2906 -0.1459
vn 0.9009 -0.4215 -0.1039
vn -0.2698 -0.9466 -0.1765
vn -0.9624 0.1451 -0.2297
vn -0.5986 0.7887 -0.1401
vn 0.9435 0.2949 0.1511
vn 0.8866 -0.4469 0.1194
vn -0.9435 -0.2949 -0.1511
vn -0.8866 0.4469 -0.1194
vn 0.2698 0.9466 0.1765
vn 0.9624 -0.1451 0.2297
vn 0.5986 -0.7887 0.1401
vn -0.9457 -0.2906 0.1459
vn -0.9009 0.4215 0.1039
vn 0.1607 0.8231 0.5446
vn 0.8848 -0.1503 0.4411
vn 0.5041 -0.7548 0.4197
vn -0.9935 -0.0956 -0.0615
vn -0.1497 -0.9252 -0.3486
vn -0.7876 0.5607 -0.2556
vn 0.7262 0.4234 -0.5416
vn 0.8710 -0.2647 -0.4138
vn -0.0822 -0.9957 0.0427
vn -0.9838 -0.0753 0.1625
vn -0.7772 0.6284 0.0335
vn 0.8331 0.4824 -0.2707
vn 0.9468 -0.2503 -0.2022
vn -0.8331 -0.4824 0.2707
vn -0.9468 0.2503 0.2022
vn 0.0822 0.9957 -0.0427
vn 0.9838 0.0753 -0.1625
vn 0.7772 -0.6284 -0.0335
vn -0.7262 -0.4234 0.5416
vn -0.8710 0.2647 0.4138
vn 0.1497 0.9252 0.3486
vn 0.9935 0.0956 0.0615
vn 0.7876 -0.5607 0.2556
vn -0.5254 -0.7608 -0.3809
vn 0.6849 -0.6289 -0.3680
vn -0.8523 -0.1374 -0.5046
vn 0.2464 0.9278 -0.2800
vn 0.8278 0.5512 -0.1043
vn 0.6933 -0.7203 0.0248
vn -0.5844 -0.7942 -0.1662
vn -0.9611 -0.1549 -0.2287
vn 0.2076 0.9782 0.0102
vn 0.8168 0.5643 0.1203
vn -0.2076 -0.9782 -0.0102
vn -0.8168 -0.5643 -0.1203
vn -0.6933 0.7203 -0.0248
vn 0.5844 0.7942 0.1662
vn 0.9611 0.1549 0.2287
vn -0.2464 -0.9278 0.2800
vn -0.8278 -0.5512 0.1043
vn -0.6849 0.6289 0.3680
vn 0.5254 0.7608 0.3809
vn 0.8523 0.1374 0.5046
vn -0.0560 -0.9724 -0.2264
vn 0.8827 -0.2203 -0.4151
vn -0.6790 -0.6449 -0.3507
vn -0.3241 0.8599 -0.3945
vn 0.3811 0.8810 -0.2803
vn 0.9729 -0.2301 -0.0222
vn -0.0687 -0.9976 -0.0030
vn -0.7367 -0.6735 -0.0607
vn -0.3591 0.9271 -0.1072
vn 0.3839 0.9215 -0.0588
vn 0.3591 -0.9271 0.1072
vn -0.3839 -0.9215 0.0588
vn -0.9729 0.2301 0.0222
vn 0.0687 0.9976 0.0030
vn 0.7367 0.6735 0.0607
vn 0.3241 -0.8599 0.3945
vn -0.3811 -0.8810 0.2803
vn -0.8827 0.2203 0.4151
vn 0.0560 0.9724 0.2264
vn 0.6790 0.6449 0.3507
vn -0.5240 0.7436 -0.4153
vn -0.6124 -0.4475 -0.6517
vn 0.1562 0.9371 -0.3120
vn 0.9118 -0.3967 -0.1061
vn 0.4066 -0.8992 -0.1616
vn -0.8081 -0.5047 -0.3037
vn -0.6044 0.7695 -0.2065
vn 0.0827 0.9961 -0.0303
vn 0.8864 -0.4226 0.1888
vn 0.3592 -0.9316 0.0561
vn -0.8864 0.4226 -0.1888
vn -0.3592 0.9316 -0.0561
vn 0.8081 0.5047 0.3037
vn 0.6044 -0.7695 0.2065
vn -0.0827 -0.9961 0.0303
vn -0.9118 0.3967 0.1061
vn -0.4066 0.8992 0.1616
vn 0.6124 0.4475 0.6517
vn 0.5240 -0.7436 0.4153
vn -0.1562 -0.9371 0.3120
vn -0.7351 0.5187 -0.4365
vn -0.7016 -0.6786 -0.2174
vn -0.0949 0.7625 -0.6400
vn 0.8881 -0.3727 -0.2691
vn 0.4755 -0.8795 0.0203
vn -0.7719 -0.6115 0.1741
vn -0.7519 0.6163 -0.2342
vn -0.0884 0.9179 -0.3869
vn 0.9571 -0.2896 0.0076
vn 0.5016 -0.8315 0.2388
vn -0.9571 0.2896 -0.0076
vn -0.5016 0.8315 -0.2388
vn 0.7719 0.6115 -0.1741
vn 0.7519 -0.6163 0.2342
vn 0.0884 -0.9179 0.3869
vn -0.8881 0.3727 0.2691
vn -0.4755 0.8795 -0.0203
vn 0.7016 0.6786 0.2174
vn 0.7351 -0.5187 0.4365
vn 0.0949 -0.7625 0.6400
vn -0.3479 0.9364 -0.0451
vn -0.7902 -0.0467 -0.6111
vn 0.3667 0.9297 -0.0351
vn 0.7461 -0.5209 -0.4147
vn 0.1194 -0.8502 -0.5127
vn -0.9478 -0.1787 -0.2641
vn -0.3906 0.9040 0.1736
vn 0.3490 0.9003 0.2600
vn 0.7525 -0.6426 -0.1438
vn 0.0932 -0.9460 -0.3105
vn -0.7525 0.6426 0.1438
vn -0.0932 0.9460 0.3105
vn 0.9478 0.1787 0.2641
vn 0.3906 -0.9040 -0.1736
vn -0.3490 -0.9003 -0.2600
vn -0.7461 0.5209 0.4147
vn -0.1194 0.8502 0.5127
vn 0.7902 0.0467 0.6111
vn 0.3479 -0.9364 0.0451
vn -0.3667 -0.9297 0.0351
vn -0.5806 0.7848 -0.2168
vn -0.8717 -0.3953 -0.2896
vn 0.0924 0.8988 -0.4285
vn 0.7364 -0.5074 -0.4476
vn 0.2125 -0.9472 -0.2403
vn -0.9029 -0.4150 0.1120
vn -0.5605 0.8281 0.0033
vn 0.1532 0.9770 -0.1484
vn 0.8381 -0.5187 -0.1687
vn 0.2607 -0.9652 -0.0210
vn -0.8381 0.5187 0.1687
vn -0.2607 0.9652 0.0210
vn 0.9029 0.4150 -0.1120
vn 0.5605 -0.8281 -0.0033
vn -0.1532 -0.9770 0.1484
vn -0.7364 0.5074 0.4476
vn -0.2125 0.9472 0.2403
vn 0.8717 0.3953 0.2896
vn 0.5806 -0.7848 0.2168
vn -0.0924 -0.8988 0.4285
vn -0.0527 -0.9939 -0.0965
vn 0.7844 -0.2466 -0.5692
vn -0.7039 -0.7003 -0.1189
vn -0.4444 0.7965 -0.4099
vn 0.2669 0.8496 -0.4549
vn 0.9565 -0.2060 -0.2067
vn -0.0163 -0.9919 0.1257
vn -0.6970 -0.6946 0.1780
vn -0.4210 0.8975 -0.1315
vn 0.3147 0.9169 -0.2454
vn 0.4210 -0.8975 0.1315
vn -0.3147 -0.9169 0.2454
vn -0.9565 0.2060 0.2067
vn 0.0163 0.9919 -0.1257
vn 0.6970 0.6946 -0.1780
vn 0.4444 -0.7965 0.4099
vn -0.2669 -0.8496 0.4549
vn -0.7844 0.2466 0.5692
vn 0.0527 0.9939 0.0965
vn 0.7039 0.7003 0.1189
vn 0.0635 -0.9916 -0.1129
vn 0.9149 -0.1601 -0.3706
vn -0.5888 -0.7561 -0.2857
vn -0.4083 0.7654 -0.4975
vn 0.2858 0.8824 -0.3738
vn 0.9931 -0.1147 0.0224
vn 0.0467 -0.9926 0.1117
vn -0.6519 -0.7583 0.0046
vn -0.4599 0.8601 -0.2207
vn 0.2770 0.9477 -0.1585
vn 0.4599 -0.8601 0.2207
vn -0.2770 -0.9477 0.1585
vn -0.9931 0.1147 -0.0224
vn -0.0467 0.9926 -0.1117
vn 0.6519 0.7583 -0.0046
vn 0.4083 -0.7654 0.4975
vn -0.2858 -0.8824 0.3738
vn -0.9149 0.1601 0.3706
vn -0.0635 0.9916 0.1129
vn 0.5888 0.7561 0.2857
vn -0.3691 0.9282 -0.0476
vn -0.8009 -0.0702 -0.5947
vn 0.3455 0.9370 -0.0518
vn 0.7489 -0.5090 -0.4243
vn 0.1277 -0.8528 -0.5064
vn -0.9487 -0.2019 -0.2433
vn -0.4067 0.8971 0.1723
vn 0.3344 0.9104 0.2438
vn 0.7634 -0.6277 -0.1524
vn 0.1076 -0.9470 -0.3028
vn -0.7634 0.6277 0.1524
vn -0.1076 0.9470 0.3028
vn 0.9487 0.2019 0.2433
vn 0.4067 -0.8971 -0.1723
vn -0.3344 -0.9104 -0.2438
vn -0.7489 0.5090 0.4243
vn -0.1277 0.8528 0.5064
vn 0.8009 0.0702 0.5947
vn 0.3691 -0.9282 0.0476
vn -0.3455 -0.9370 0.0518
vn -0.9838 -0.1714 -0.0519
vn -0.1009 -0.7232 -0.6832
vn -0.8499 0.5264 0.0245
vn 0.6412 0.6791 -0.3573
vn 0.8527 0.0167 -0.5222
vn 0.0045 -0.9344 -0.3562
vn -0.9573 -0.2401 0.1609
vn -0.8211 0.4754 0.3158
vn 0.7648 0.6378 -0.0903
vn 0.9443 -0.0454 -0.3260
vn -0.7649 -0.6378 0.0903
vn -0.9443 0.0454 0.3260
vn -0.0045 0.9344 0.3562
vn 0.9573 0.2401 -0.1609
vn 0.8212 -0.4754 -0.3158
vn -0.6412 -0.6791 0.3573
vn -0.8527 -0.0166 0.5222
vn 0.1009 0.7232 0.6832
vn 0.9838 0.1714 0.0519
vn 0.8499 -0.5264 -0.0245
vn -0.1969 0.9396 -0.2798
vn -0.8619 -0.0554 -0.5041
vn 0.5023 0.7999 -0.3284
vn 0.5913 -0.7442 -0.3108
vn -0.0873 -0.9621 -0.2582
vn -0.9908 -0.0584 -0.1219
vn -0.2147 0.9750 -0.0581
vn 0.5197 0.8535 -0.0367
vn 0.6143 -0.7888 -0.0180
vn -0.1012 -0.9942 -0.0358
vn -0.6143 0.7888 0.0180
vn 0.1012 0.9942 0.0358
vn 0.9908 0.0585 0.1219
vn 0.2147 -0.9750 0.0581
vn -0.5197 -0.8535 0.0367
vn -0.5913 0.7442 0.3108
vn 0.0873 0.9621 0.2582
vn 0.8619 0.0554 0.5041
vn 0.1969 -0.9396 0.2798
vn -0.5023 -0.7999 0.3283
vn -0.3422 0.8740 -0.3451
vn -0.7567 -0.2403 -0.6080
vn 0.3708 0.8800 -0.2967
vn 0.7655 -0.6123 -0.1980
vn 0.1438 -0.9640 -0.2235
vn -0.9329 -0.2630 -0.2459
vn -0.3966 0.9088 -0.1294
vn 0.3374 0.9413 -0.0079
vn 0.7572 -0.6460 0.0970
vn 0.1067 -0.9943 -0.0035
vn -0.7572 0.6460 -0.0970
vn -0.1067 0.9943 0.0035
vn 0.9329 0.2630 0.2459
vn 0.3966 -0.9089 0.1294
vn -0.3374 -0.9413 0.0079
vn -0.7655 0.6123 0.1980
vn -0.1438 0.9640 0.2235
vn 0.7567 0.2403 0.6080
vn 0.3422 -0.8740 0.3451
vn -0.3708 -0.8800 0.2967
vn -0.8025 0.5887 -0.0968
vn -0.7538 -0.6226 -0.2100
vn -0.2231 0.8984 -0.3782
vn 0.7850 -0.2601 -0.5622
vn 0.4392 -0.8382 -0.3234
vn -0.7254 -0.6615 0.1904
vn -0.7670 0.6300 0.1217
vn -0.1510 0.9832 -0.1028
vn 0.9213 -0.2491 -0.2985
vn 0.5187 -0.8474 -0.1129
vn -0.9213 0.2491 0.2985
vn -0.5187 0.8474 0.1129
vn 0.7254 0.6615 -0.1904
vn 0.7670 -0.6300 -0.1217
vn 0.1510 -0.9832 0.1028
vn -0.7850 0.2601 0.5622
vn -0.4392 0.8382 0.3234
vn 0.7538 0.6226 0.2101
vn 0.8025 -0.5887 0.0968
vn 0.2231 -0.8984 0.3782
vn -0.9225 0.3782 -0.0775
vn -0.5190 -0.6863 -0.5096
vn -0.4295 0.8905 -0.1502
vn 0.8805 0.1274 -0.4566
vn 0.6910 -0.5617 -0.4550
vn -0.5224 -0.8416 -0.1374
vn -0.9231 0.3556 0.1466
vn -0.4135 0.8987 0.1464
vn 0.9799 0.0869 -0.1796
vn 0.7476 -0.6176 -0.2443
vn -0.9799 -0.0869 0.1796
vn -0.7476 0.6176 0.2443
vn 0.5224 0.8416 0.1374
vn 0.9231 -0.3556 -0.1466
vn 0.4135 -0.8987 -0.1464
vn -0.8805 -0.1274 0.4566
vn -0.6910 0.5617 0.4550
vn 0.5190 0.6863 0.5096
vn 0.9225 -0.3782 0.0775
vn 0.4295 -0.8905 0.1502
vn -0.2940 -0.8410 -0.4542
vn 0.8314 -0.3785 -0.4068
vn -0.7827 -0.3252 -0.5307
vn -0.0242 0.9804 -0.1954
vn 0.6403 0.7670 -0.0412
vn 0.8670 -0.4978 -0.0232
vn -0.3401 -0.9081 -0.2442
vn -0.8807 -0.3962 -0.2595
vn -0.0739 0.9925 0.0972
vn 0.6272 0.7569 0.1834
vn 0.0739 -0.9925 -0.0972
vn -0.6272 -0.7569 -0.1834
vn -0.8670 0.4978 0.0231
vn 0.3401 0.9081 0.2442
vn 0.8807 0.3962 0.2595
vn 0.0242 -0.9804 0.1954
vn -0.6403 -0.7670 0.0412
vn -0.8314 0.3785 0.4068
vn 0.2940 0.8410 0.4542
vn 0.7827 0.3252 0.5307
vn -0.8111 -0.5565 -0.1803
vn 0.3399 -0.8005 -0.4937
vn -0.9573 0.1393 -0.2535
vn 0.4276 0.8138 -0.3936
vn 0.8946 0.2743 -0.3528
vn 0.4260 -0.8978 -0.1119
vn -0.8173 -0.5746 0.0441
vn -0.9878 0.1503 0.0418
vn 0.4853 0.8678 -0.1073
vn 0.9488 0.2856 -0.1346
vn -0.4853 -0.8678 0.1073
vn -0.9488 -0.2856 0.1346
vn -0.4260 0.8978 0.1119
vn 0.8173 0.5746 -0.0441
vn 0.9878 -0.1503 -0.0418
vn -0.4276 -0.8138 0.3936
vn -0.8946 -0.2743 0.3528
vn -0.3399 0.8005 0.4937
vn 0.8111 0.5565 0.1803
vn 0.9573 -0.1393 0.2535
vn -0.1185 -0.9596 -0.2551
vn 0.8569 -0.2566 -0.4471
vn -0.7245 -0.5931 -0.3511
vn -0.2840 0.8896 -0.3577
vn 0.4240 0.8665 -0.2633
vn 0.9569 -0.2846 -0.0573
vn -0.1267 -0.9914 -0.0323
vn -0.7759 -0.6279 -0.0606
vn -0.3074 0.9492 -0.0677
vn 0.4351 0.8994 -0.0408
vn 0.3074 -0.9492 0.0677
vn -0.4351 -0.8994 0.0408
vn -0.9569 0.2846 0.0573
vn 0.1267 0.9914 0.0323
vn 0.7759 0.6279 0.0606
vn 0.2840 -0.8896 0.3577
vn -0.4240 -0.8665 0.2633
vn -0.8569 0.2566 0.4471
vn 0.1185 0.9596 0.2551
vn 0.7245 0.5931 0.3511
vn -0.5549 -0.8303 -0.0508
vn 0.6273 -0.7114 -0.3169
vn -0.9276 -0.2604 -0.2678
vn 0.1445 0.8153 -0.5607
vn 0.7655 0.4946 -0.4115
vn 0.7165 -0.6934 0.0760
vn -0.5691 -0.8040 0.1724
vn -0.9793 -0.2017 0.0188
vn 0.1611 0.9425 -0.2927
vn 0.7981 0.5679 -0.2011
vn -0.1611 -0.9425 0.2927
vn -0.7981 -0.5679 0.2011
vn -0.7165 0.6934 -0.0760
vn 0.5691 0.8040 -0.1724
vn 0.9793 0.2017 -0.0188
vn -0.1445 -0.8153 0.5607
vn -0.7655 -0.4946 0.4115
vn -0.6273 0.7114 0.3169
vn 0.5549 0.8303 0.0508
vn 0.9276 0.2604 0.2678
vn -0.0331 -0.9288 -0.3692
vn 0.8685 -0.1181 -0.4814
vn -0.6724 -0.6127 -0.4153
vn -0.3728 0.8951 -0.2446
vn 0.3360 0.9283 -0.1590
vn 0.9781 -0.1832 -0.0988
vn -0.0339 -0.9878 -0.1519
vn -0.7148 -0.6870 -0.1308
vn -0.3961 0.9168 0.0508
vn 0.3482 0.9351 0.0657
vn 0.3961 -0.9168 -0.0508
vn -0.3482 -0.9351 -0.0657
vn -0.9781 0.1832 0.0988
vn 0.0339 0.9878 0.1519
vn 0.7148 0.6870 0.1308
vn 0.3728 -0.8951 0.2446
vn -0.3360 -0.9283 0.1590
vn -0.8685 0.1181 0.4814
vn 0.0331 0.9288 0.3692
vn 0.6724 0.6127 0.4153
vn -0.3519 -0.8924 -0.2826
vn 0.7666 -0.4459 -0.4621
vn -0.8489 -0.3850 -0.3622
vn -0.0563 0.9428 -0.3286
vn 0.6243 0.7430 -0.2412
vn 0.8571 -0.5098 -0.0743
vn -0.3673 -0.9281 -0.0607
vn -0.9069 -0.4150 -0.0724
vn -0.0638 0.9973 -0.0366
vn 0.6435 0.7652 -0.0179
vn 0.0638 -0.9973 0.0366
vn -0.6435 -0.7652 0.0179
vn -0.8571 0.5098 0.0743
vn 0.3673 0.9281 0.0607
vn 0.9069 0.4150 0.0724
vn 0.0563 -0.9428 0.3286
vn -0.6243 -0.7430 0.2412
vn -0.7666 0.4459 0.4621
vn 0.3519 0.8924 0.2826
vn 0.8489 0.3850 0.3622
vn -0.5500 -0.8035 -0.2278
vn 0.6638 -0.7086 -0.2393
vn -0.8586 -0.2059 -0.4695
vn 0.2729 0.8486 -0.4532
vn 0.8435 0.4953 -0.2077
vn 0.6713 -0.7229 0.1637
vn -0.6089 -0.7931 -0.0107
vn -0.9664 -0.1666 -0.1955
vn 0.2370 0.9550 -0.1782
vn 0.8340 0.5516 0.0101
vn -0.2370 -0.9550 0.1782
vn -0.8340 -0.5517 -0.0101
vn -0.6713 0.7229 -0.1637
vn 0.6089 0.7931 0.0107
vn 0.9664 0.1666 0.1955
vn -0.2729 -0.8486 0.4532
vn -0.8435 -0.4953 0.2077
vn -0.6638 0.7086 0.2393
vn 0.5500 0.8035 0.2278
vn 0.8586 0.2059 0.4695
vn -0.2774 -0.8349 -0.4753
vn 0.7364 -0.1840 -0.6510
vn -0.8398 -0.4106 -0.3552
vn -0.2223 0.9738 -0.0478
vn 0.4832 0.8702 -0.0967
vn 0.8923 -0.3295 -0.3087
vn -0.2543 -0.9282 -0.2716
vn -0.8488 -0.5226 -0.0802
vn -0.1919 0.9499 0.2467
vn 0.5333 0.8373 0.1204
vn 0.1919 -0.9499 -0.2467
vn -0.5333 -0.8373 -0.1204
vn -0.8923 0.3295 0.3087
vn 0.2543 0.9282 0.2716
vn 0.8488 0.5226 0.0802
vn 0.2223 -0.9738 0.0478
vn -0.4832 -0.8702 0.0967
vn -0.7364 0.1840 0.6510
vn 0.2774 0.8349 0.4753
vn 0.8398 0.4106 0.3552
vn -0.4532 0.8689 -0.1991
vn -0.8990 -0.2530 -0.3575
vn 0.2405 0.8980 -0.3685
vn 0.6849 -0.5819 -0.4385
vn 0.0941 -0.9538 -0.2853
vn -0.9565 -0.2891 0.0401
vn -0.4404 0.8975 0.0239
vn 0.2947 0.9521 -0.0815
vn 0.7673 -0.6220 -0.1559
vn 0.1262 -0.9898 -0.0653
vn -0.7673 0.6220 0.1559
vn -0.1262 0.9898 0.0653
vn 0.9565 0.2891 -0.0401
vn 0.4404 -0.8975 -0.0239
vn -0.2947 -0.9521 0.0815
vn -0.6849 0.5819 0.4385
vn -0.0941 0.9538 0.2853
vn 0.8990 0.2530 0.3575
vn 0.4532 -0.8689 0.1991
vn -0.2405 -0.8980 0.3685
vn 0.9635 -0.2615 0.0578
vn -0.2583 -0.9643 -0.0578
vn -0.0709 -0.0408 0.9967
vn -0.9635 0.2615 -0.0578
vn 0.2583 0.9643 0.0578
vn 0.0709 0.0408 -0.9967
vn -0.6718 -0.7384 -0.0584
vn -0.7407 0.6693 0.0584
vn 0.0040 -0.0824 0.9966
vn 0.6718 0.7384 0.0584
vn 0.7407 -0.6693 -0.0584
vn -0.0040 0.0824 -0.9966
vn -0.3856 -0.9195 -0.0767
vn -0.9218 0.3801 0.0767
vn 0.0414 -0.1002 0.9941
vn 0.3856 0.9195 0.0767
vn 0.9218 -0.3801 -0.0767
vn -0.0414 0.1002 -0.9941
vn 0.8448 -0.5314 -0.0621
vn -0.5282 -0.8469 0.0621
vn 0.0856 0.0197 0.9961
vn -0.8448 0.5314 0.0621
vn 0.5282 0.8469 -0.0621
vn -0.0856 -0.0197 -0.9961
vn 0.7826 -0.6191 -0.0652
vn -0.6157 -0.7852 0.0652
vn 0.0915 0.0109 0.9957
vn -0.7826 0.6191 0.0652
vn 0.6157 0.7852 -0.0652
vn -0.0915 -0.0109 -0.9957
vn 0.7944 0.6063 -0.0371
vn 0.6074 -0.7936 0.0371
vn 0.0069 0.0520 0.9986
vn -0.7944 -0.6063 0.0371
vn -0.6074 0.7936 -0.0371
vn -0.0069 -0.0520 -0.9986
vn 0.0815 -0.9906 0.1101
vn -0.9895 -0.0936 -0.1101
vn -0.1194 0.1000 0.9878
vn -0.0815 0.9906 -0.1101
vn 0.9895 0.0936 0.1101
vn 0.1194 -0.1000 -0.9878
vn -0.6527 -0.7572 0.0239
vn -0.7576 0.6523 -0.0239
vn -0.0025 0.0337 0.9994
vn 0.6527 0.7572 -0.0239
vn 0.7576 -0.6523 0.0239
vn 0.0025 -0.0337 -0.9994
vn 0.8201 0.5605 0.1155
vn 0.5715 -0.8124 -0.1155
vn -0.0291 -0.1607 0.9866
vn -0.8201 -0.5605 -0.1155
vn -0.5715 0.8124 0.1155
vn 0.0291 0.1607 -0.9866
vn -0.5058 -0.8618 0.0385
vn -0.8625 0.5045 -0.0385
vn -0.0138 0.0527 0.9985
vn 0.5058 0.8618 -0.0385
vn 0.8625 -0.5045 0.0385
vn 0.0138 -0.0527 -0.9985
vn -0.3414 -0.9294 0.1403
vn -0.9361 0.3227 -0.1403
vn -0.0851 0.1792 0.9801
vn 0.3414 0.9294 -0.1403
vn 0.9361 -0.3226 0.1403
vn 0.0851 -0.1792 -0.9801
vn -0.3550 -0.9280 0.1127
vn -0.9325 0.3430 -0.1127
vn -0.0659 0.1451 0.9872
vn 0.3550 0.9280 -0.1127
vn 0.9325 -0.3430 0.1127
vn 0.0659 -0.1451 -0.9872
vn 0.0745 -0.9904 0.1168
vn -0.9892 -0.0882 -0.1168
vn -0.1260 0.1069 0.9863
vn -0.0745 0.9904 -0.1168
vn 0.9892 0.0882 0.1168
vn 0.1260 -0.1069 -0.9863
vn 0.6179 -0.7793 0.1046
vn -0.7724 -0.6265 -0.1046
vn -0.1470 0.0162 0.9890
vn -0.6179 0.7793 -0.1046
vn 0.7724 0.6265 0.1046
vn 0.1470 -0.0162 -0.9890
vn 0.5894 -0.8075 0.0206
vn -0.8073 -0.5898 -0.0206
vn -0.0288 0.0045 0.9996
vn -0.5894 0.8075 -0.0206
vn 0.8073 0.5898 0.0206
vn 0.0288 -0.0045 -0.9996
vn 0.8342 -0.5506 0.0308
vn -0.5498 -0.8347 -0.0308
vn -0.0426 -0.0088 0.9991
vn -0.8342 0.5506 -0.0308
vn 0.5498 0.8347 0.0308
vn 0.0426 0.0088 -0.9991
vn 0.6547 -0.7483 0.1070
vn -0.7406 -0.6633 -0.1070
vn -0.1511 0.0092 0.9885
vn -0.6547 0.7483 -0.1070
vn 0.7406 0.6633 0.1070
vn 0.1511 -0.0092 -0.9885
vn 0.5639 -0.8255 0.0229
vn -0.8252 -0.5644 -0.0229
vn -0.0318 0.0060 0.9995
vn -0.5639 0.8255 -0.0229
vn 0.8252 0.5644 0.0229
vn 0.0318 -0.0060 -0.9995
vn -0.2846 -0.9560 0.0707
vn -0.9574 0.2798 -0.0707
vn -0.0478 0.0878 0.9950
vn 0.2846 0.9560 -0.0707
vn 0.9574 -0.2798 0.0707
vn 0.0478 -0.0878 -0.9950
vn -0.0768 -0.9941 -0.0762
vn -0.9946 0.0710 0.0762
vn 0.0703 -0.0816 0.9942
vn 0.0768 0.9941 0.0762
vn 0.9946 -0.0710 -0.0762
vn -0.0703 0.0816 -0.9942
vt 0.375000 0.000000
vt 0.625000 0.000000
vt 0.625000 0.250000
vt 0.375000 0.250000
vt 0.625000 0.500000
vt 0.375000 0.500000
vt 0.625000 0.750000
vt 0.375000 0.750000
vt 0.625000 1.000000
vt 0.375000 1.000000
vt 0.125000 0.500000
vt 0.125000 0.750000
vt 0.875000 0.500000
vt 0.875000 0.750000
vt 0.181819 0.000000
vt 0.272728 0.157461
vt 0.090910 0.157461
vt 0.363637 0.000000
vt 0.454546 0.157461
vt 0.909091 0.000000
vt 1.000000 0.157461
vt 0.818182 0.157461
vt 0.727273 0.000000
vt 0.636364 0.157461
vt 0.545455 0.000000
vt 0.363637 0.314921
vt 0.181819 0.314921
vt 0.909091 0.314921
vt 0.727273 0.314921
vt 0.545455 0.314921
vt 0.000000 0.314921
vt 0.272728 0.472382
vt 0.090910 0.472382
vt 0.818182 0.472382
vt 0.636364 0.472382
vt 0.454546 0.472382
vt 1.000000 0.500000
vt 1.000000 1.000000
vt 0.750000 1.000000
vt 0.750000 0.500000
vt 0.500000 1.000000
vt 0.500000 0.500000
vt 0.490000 0.250000
vt 0.250000 0.490000
vt 0.010000 0.250000
vt 0.250000 0.010000
vt 0.250000 1.000000
vt 0.250000 0.500000
vt 0.000000 1.000000
vt 0.000000 0.500000
vt 0.750000 0.490000
vt 0.990000 0.250000
vt 0.750000 0.010000
vt 0.510000 0.250000
s 0
usemtl grass_dark
f 1/1/1 2/2/1 4/3/1 3/4/1
f 3/4/2 4/3/2 8/5/2 7/6/2
f 7/6/3 8/5/3 6/7/3 5/8/3
f 5/8/4 6/7/4 2/9/4 1/10/4
f 3/11/5 7/6/5 5/8/5 1/12/5
f 8/5/6 4/13/6 2/14/6 6/7/6
f 9/15/7 10/16/7 11/17/7
f 10/16/8 9/18/8 14/19/8
f 9/20/9 11/21/9 12/22/9
f 9/23/10 12/22/10 13/24/10
f 9/25/11 13/24/11 14/19/11
f 10/16/12 14/19/12 19/26/12
f 11/17/13 10/16/13 15/27/13
f 12/22/14 11/21/14 16/28/14
f 13/24/15 12/22/15 17/29/15
f 14/19/16 13/24/16 18/30/16
f 10/16/17 19/26/17 15/27/17
f 11/17/18 15/27/18 16/31/18
f 12/22/19 16/28/19 17/29/19
f 13/24/20 17/29/20 18/30/20
f 14/19/21 18/30/21 19/26/21
f 15/27/22 19/26/22 20/32/22
f 16/31/23 15/27/23 20/33/23
f 17/29/24 16/28/24 20/34/24
f 18/30/25 17/29/25 20/35/25
f 19/26/26 18/30/26 20/36/26
f 21/15/27 22/16/27 23/17/27
f 22/16/28 21/18/28 26/19/28
f 21/20/29 23/21/29 24/22/29
f 21/23/30 24/22/30 25/24/30
f 21/25/31 25/24/31 26/19/31
f 22/16/32 26/19/32 31/26/32
f 23/17/33 22/16/33 27/27/33
f 24/22/34 23/21/34 28/28/34
f 25/24/35 24/22/35 29/29/35
f 26/19/36 25/24/36 30/30/36
f 22/16/37 31/26/37 27/27/37
f 23/17/38 27/27/38 28/31/38
f 24/22/39 28/28/39 29/29/39
f 25/24/40 29/29/40 30/30/40
f 26/19/41 30/30/41 31/26/41
f 27/27/42 31/26/42 32/32/42
f 28/31/43 27/27/43 32/33/43
f 29/29/44 28/28/44 32/34/44
f 30/30/45 29/29/45 32/35/45
f 31/26/46 30/30/46 32/36/46
f 57/15/87 58/16/87 59/17/87
f 58/16/88 57/18/88 62/19/88
f 57/20/89 59/21/89 60/22/89
f 57/23/90 60/22/90 61/24/90
f 57/25/91 61/24/91 62/19/91
f 58/16/92 62/19/92 67/26/92
f 59/17/93 58/16/93 63/27/93
f 60/22/94 59/21/94 64/28/94
f 61/24/95 60/22/95 65/29/95
f 62/19/96 61/24/96 66/30/96
f 58/16/97 67/26/97 63/27/97
f 59/17/98 63/27/98 64/31/98
f 60/22/99 64/28/99 65/29/99
f 61/24/100 65/29/100 66/30/100
f 62/19/101 66/30/101 67/26/101
f 63/27/102 67/26/102 68/32/102
f 64/31/103 63/27/103 68/33/103
f 65/29/104 64/28/104 68/34/104
f 66/30/105 65/29/105 68/35/105
f 67/26/106 66/30/106 68/36/106
f 69/15/107 70/16/107 71/17/107
f 70/16/108 69/18/108 74/19/108
f 69/20/109 71/21/109 72/22/109
f 69/23/110 72/22/110 73/24/110
f 69/25/111 73/24/111 74/19/111
f 70/16/112 74/19/112 79/26/112
f 71/17/113 70/16/113 75/27/113
f 72/22/114 71/21/114 76/28/114
f 73/24/115 72/22/115 77/29/115
f 74/19/116 73/24/116 78/30/116
f 70/16/117 79/26/117 75/27/117
f 71/17/118 75/27/118 76/31/118
f 72/22/119 76/28/119 77/29/119
f 73/24/120 77/29/120 78/30/120
f 74/19/121 78/30/121 79/26/121
f 75/27/122 79/26/122 80/32/122
f 76/31/123 75/27/123 80/33/123
f 77/29/124 76/28/124 80/34/124
f 78/30/125 77/29/125 80/35/125
f 79/26/126 78/30/126 80/36/126
f 105/15/167 106/16/167 107/17/167
f 106/16/168 105/18/168 110/19/168
f 105/20/169 107/21/169 108/22/169
f 105/23/170 108/22/170 109/24/170
f 105/25/171 109/24/171 110/19/171
f 106/16/172 110/19/172 115/26/172
f 107/17/173 106/16/173 111/27/173
f 108/22/174 107/21/174 112/28/174
f 109/24/175 108/22/175 113/29/175
f 110/19/176 109/24/176 114/30/176
f 106/16/177 115/26/177 111/27/177
f 107/17/178 111/27/178 112/31/178
f 108/22/179 112/28/179 113/29/179
f 109/24/180 113/29/180 114/30/180
f 110/19/181 114/30/181 115/26/181
f 111/27/182 115/26/182 116/32/182
f 112/31/183 111/27/183 116/33/183
f 113/29/184 112/28/184 116/34/184
f 114/30/185 113/29/185 116/35/185
f 115/26/186 114/30/186 116/36/186
f 117/15/187 118/16/187 119/17/187
f 118/16/188 117/18/188 122/19/188
f 117/20/189 119/21/189 120/22/189
f 117/23/190 120/22/190 121/24/190
f 117/25/191 121/24/191 122/19/191
f 118/16/192 122/19/192 127/26/192
f 119/17/193 118/16/193 123/27/193
f 120/22/194 119/21/194 124/28/194
f 121/24/195 120/22/195 125/29/195
f 122/19/196 121/24/196 126/30/196
f 118/16/197 127/26/197 123/27/197
f 119/17/198 123/27/198 124/31/198
f 120/22/199 124/28/199 125/29/199
f 121/24/200 125/29/200 126/30/200
f 122/19/201 126/30/201 127/26/201
f 123/27/202 127/26/202 128/32/202
f 124/31/203 123/27/203 128/33/203
f 125/29/204 124/28/204 128/34/204
f 126/30/205 125/29/205 128/35/205
f 127/26/206 126/30/206 128/36/206
f 129/15/207 130/16/207 131/17/207
f 130/16/208 129/18/208 134/19/208
f 129/20/209 131/21/209 132/22/209
f 129/23/210 132/22/210 133/24/210
f 129/25/211 133/24/211 134/19/211
f 130/16/212 134/19/212 139/26/212
f 131/17/213 130/16/213 135/27/213
f 132/22/214 131/21/214 136/28/214
f 133/24/215 132/22/215 137/29/215
f 134/19/216 133/24/216 138/30/216
f 130/16/217 139/26/217 135/27/217
f 131/17/218 135/27/218 136/31/218
f 132/22/219 136/28/219 137/29/219
f 133/24/220 137/29/220 138/30/220
f 134/19/221 138/30/221 139/26/221
f 135/27/222 139/26/222 140/32/222
f 136/31/223 135/27/223 140/33/223
f 137/29/224 136/28/224 140/34/224
f 138/30/225 137/29/225 140/35/225
f 139/26/226 138/30/226 140/36/226
f 141/15/227 142/16/227 143/17/227
f 142/16/228 141/18/228 146/19/228
f 141/20/229 143/21/229 144/22/229
f 141/23/230 144/22/230 145/24/230
f 141/25/231 145/24/231 146/19/231
f 142/16/232 146/19/232 151/26/232
f 143/17/233 142/16/233 147/27/233
f 144/22/234 143/21/234 148/28/234
f 145/24/235 144/22/235 149/29/235
f 146/19/236 145/24/236 150/30/236
f 142/16/237 151/26/237 147/27/237
f 143/17/238 147/27/238 148/31/238
f 144/22/239 148/28/239 149/29/239
f 145/24/240 149/29/240 150/30/240
f 146/19/241 150/30/241 151/26/241
f 147/27/242 151/26/242 152/32/242
f 148/31/243 147/27/243 152/33/243
f 149/29/244 148/28/244 152/34/244
f 150/30/245 149/29/245 152/35/245
f 151/26/246 150/30/246 152/36/246
f 225/15/367 226/16/367 227/17/367
f 226/16/368 225/18/368 230/19/368
f 225/20/369 227/21/369 228/22/369
f 225/23/370 228/22/370 229/24/370
f 225/25/371 229/24/371 230/19/371
f 226/16/372 230/19/372 235/26/372
f 227/17/373 226/16/373 231/27/373
f 228/22/374 227/21/374 232/28/374
f 229/24/375 228/22/375 233/29/375
f 230/19/376 229/24/376 234/30/376
f 226/16/377 235/26/377 231/27/377
f 227/17/378 231/27/378 232/31/378
f 228/22/379 232/28/379 233/29/379
f 229/24/380 233/29/380 234/30/380
f 230/19/381 234/30/381 235/26/381
f 231/27/382 235/26/382 236/32/382
f 232/31/383 231/27/383 236/33/383
f 233/29/384 232/28/384 236/34/384
f 234/30/385 233/29/385 236/35/385
f 235/26/386 234/30/386 236/36/386
f 237/15/387 238/16/387 239/17/387
f 238/16/388 237/18/388 242/19/388
f 237/20/389 239/21/389 240/22/389
f 237/23/390 240/22/390 241/24/390
f 237/25/391 241/24/391 242/19/391
f 238/16/392 242/19/392 247/26/392
f 239/17/393 238/16/393 243/27/393
f 240/22/394 239/21/394 244/28/394
f 241/24/395 240/22/395 245/29/395
f 242/19/396 241/24/396 246/30/396
f 238/16/397 247/26/397 243/27/397
f 239/17/398 243/27/398 244/31/398
f 240/22/399 244/28/399 245/29/399
f 241/24/400 245/29/400 246/30/400
f 242/19/401 246/30/401 247/26/401
f 243/27/402 247/26/402 248/32/402
f 244/31/403 243/27/403 248/33/403
f 245/29/404 244/28/404 248/34/404
f 246/30/405 245/29/405 248/35/405
f 247/26/406 246/30/406 248/36/406
f 297/15/487 298/16/487 299/17/487
f 298/16/488 297/18/488 302/19/488
f 297/20/489 299/21/489 300/22/489
f 297/23/490 300/22/490 301/24/490
f 297/25/491 301/24/491 302/19/491
f 298/16/492 302/19/492 307/26/492
f 299/17/493 298/16/493 303/27/493
f 300/22/494 299/21/494 304/28/494
f 301/24/495 300/22/495 305/29/495
f 302/19/496 301/24/496 306/30/496
f 298/16/497 307/26/497 303/27/497
f 299/17/498 303/27/498 304/31/498
f 300/22/499 304/28/499 305/29/499
f 301/24/500 305/29/500 306/30/500
f 302/19/501 306/30/501 307/26/501
f 303/27/502 307/26/502 308/32/502
f 304/31/503 303/27/503 308/33/503
f 305/29/504 304/28/504 308/34/504
f 306/30/505 305/29/505 308/35/505
f 307/26/506 306/30/506 308/36/506
f 309/15/507 310/16/507 311/17/507
f 310/16/508 309/18/508 314/19/508
f 309/20/509 311/21/509 312/22/509
f 309/23/510 312/22/510 313/24/510
f 309/25/511 313/24/511 314/19/511
f 310/16/512 314/19/512 319/26/512
f 311/17/513 310/16/513 315/27/513
f 312/22/514 311/21/514 316/28/514
f 313/24/515 312/22/515 317/29/515
f 314/19/516 313/24/516 318/30/516
f 310/16/517 319/26/517 315/27/517
f 311/17/518 315/27/518 316/31/518
f 312/22/519 316/28/519 317/29/519
f 313/24/520 317/29/520 318/30/520
f 314/19/521 318/30/521 319/26/521
f 315/27/522 319/26/522 320/32/522
f 316/31/523 315/27/523 320/33/523
f 317/29/524 316/28/524 320/34/524
f 318/30/525 317/29/525 320/35/525
f 319/26/526 318/30/526 320/36/526
f 345/15/567 346/16/567 347/17/567
f 346/16/568 345/18/568 350/19/568
f 345/20/569 347/21/569 348/22/569
f 345/23/570 348/22/570 349/24/570
f 345/25/571 349/24/571 350/19/571
f 346/16/572 350/19/572 355/26/572
f 347/17/573 346/16/573 351/27/573
f 348/22/574 347/21/574 352/28/574
f 349/24/575 348/22/575 353/29/575
f 350/19/576 349/24/576 354/30/576
f 346/16/577 355/26/577 351/27/577
f 347/17/578 351/27/578 352/31/578
f 348/22/579 352/28/579 353/29/579
f 349/24/580 353/29/580 354/30/580
f 350/19/581 354/30/581 355/26/581
f 351/27/582 355/26/582 356/32/582
f 352/31/583 351/27/583 356/33/583
f 353/29/584 352/28/584 356/34/584
f 354/30/585 353/29/585 356/35/585
f 355/26/586 354/30/586 356/36/586
f 357/15/587 358/16/587 359/17/587
f 358/16/588 357/18/588 362/19/588
f 357/20/589 359/21/589 360/22/589
f 357/23/590 360/22/590 361/24/590
f 357/25/591 361/24/591 362/19/591
f 358/16/592 362/19/592 367/26/592
f 359/17/593 358/16/593 363/27/593
f 360/22/594 359/21/594 364/28/594
f 361/24/595 360/22/595 365/29/595
f 362/19/596 361/24/596 366/30/596
f 358/16/597 367/26/597 363/27/597
f 359/17/598 363/27/598 364/31/598
f 360/22/599 364/28/599 365/29/599
f 361/24/600 365/29/600 366/30/600
f 362/19/601 366/30/601 367/26/601
f 363/27/602 367/26/602 368/32/602
f 364/31/603 363/27/603 368/33/603
f 365/29/604 364/28/604 368/34/604
f 366/30/605 365/29/605 368/35/605
f 367/26/606 366/30/606 368/36/606
f 489/15/767 490/16/767 491/17/767
f 490/16/768 489/18/768 494/19/768
f 489/20/769 491/21/769 492/22/769
f 489/23/770 492/22/770 493/24/770
f 489/25/771 493/24/771 494/19/771
f 490/16/772 494/19/772 499/26/772
f 491/17/773 490/16/773 495/27/773
f 492/22/774 491/21/774 496/28/774
f 493/24/775 492/22/775 497/29/775
f 494/19/776 493/24/776 498/30/776
f 490/16/777 499/26/777 495/27/777
f 491/17/778 495/27/778 496/31/778
f 492/22/779 496/28/779 497/29/779
f 493/24/780 497/29/780 498/30/780
f 494/19/781 498/30/781 499/26/781
f 495/27/782 499/26/782 500/32/782
f 496/31/783 495/27/783 500/33/783
f 497/29/784 496/28/784 500/34/784
f 498/30/785 497/29/785 500/35/785
f 499/26/786 498/30/786 500/36/786
f 501/15/787 502/16/787 503/17/787
f 502/16/788 501/18/788 506/19/788
f 501/20/789 503/21/789 504/22/789
f 501/23/790 504/22/790 505/24/790
f 501/25/791 505/24/791 506/19/791
f 502/16/792 506/19/792 511/26/792
f 503/17/793 502/16/793 507/27/793
f 504/22/794 503/21/794 508/28/794
f 505/24/795 504/22/795 509/29/795
f 506/19/796 505/24/796 510/30/796
f 502/16/797 511/26/797 507/27/797
f 503/17/798 507/27/798 508/31/798
f 504/22/799 508/28/799 509/29/799
f 505/24/800 509/29/800 510/30/800
f 506/19/801 510/30/801 511/26/801
f 507/27/802 511/26/802 512/32/802
f 508/31/803 507/27/803 512/33/803
f 509/29/804 508/28/804 512/34/804
f 510/30/805 509/29/805 512/35/805
f 511/26/806 510/30/806 512/36/806
f 537/15/847 538/16/847 539/17/847
f 538/16/848 537/18/848 542/19/848
f 537/20/849 539/21/849 540/22/849
f 537/23/850 540/22/850 541/24/850
f 537/25/851 541/24/851 542/19/851
f 538/16/852 542/19/852 547/26/852
f 539/17/853 538/16/853 543/27/853
f 540/22/854 539/21/854 544/28/854
f 541/24/855 540/22/855 545/29/855
f 542/19/856 541/24/856 546/30/856
f 538/16/857 547/26/857 543/27/857
f 539/17/858 543/27/858 544/31/858
f 540/22/859 544/28/859 545/29/859
f 541/24/860 545/29/860 546/30/860
f 542/19/861 546/30/861 547/26/861
f 543/27/862 547/26/862 548/32/862
f 544/31/863 543/27/863 548/33/863
f 545/29/864 544/28/864 548/34/864
f 546/30/865 545/29/865 548/35/865
f 547/26/866 546/30/866 548/36/866
f 549/15/867 550/16/867 551/17/867
f 550/16/868 549/18/868 554/19/868
f 549/20/869 551/21/869 552/22/869
f 549/23/870 552/22/870 553/24/870
f 549/25/871 553/24/871 554/19/871
f 550/16/872 554/19/872 559/26/872
f 551/17/873 550/16/873 555/27/873
f 552/22/874 551/21/874 556/28/874
f 553/24/875 552/22/875 557/29/875
f 554/19/876 553/24/876 558/30/876
f 550/16/877 559/26/877 555/27/877
f 551/17/878 555/27/878 556/31/878
f 552/22/879 556/28/879 557/29/879
f 553/24/880 557/29/880 558/30/880
f 554/19/881 558/30/881 559/26/881
f 555/27/882 559/26/882 560/32/882
f 556/31/883 555/27/883 560/33/883
f 557/29/884 556/28/884 560/34/884
f 558/30/885 557/29/885 560/35/885
f 559/26/886 558/30/886 560/36/886
f 633/15/1007 634/16/1007 635/17/1007
f 634/16/1008 633/18/1008 638/19/1008
f 633/20/1009 635/21/1009 636/22/1009
f 633/23/1010 636/22/1010 637/24/1010
f 633/25/1011 637/24/1011 638/19/1011
f 634/16/1012 638/19/1012 643/26/1012
f 635/17/1013 634/16/1013 639/27/1013
f 636/22/1014 635/21/1014 640/28/1014
f 637/24/1015 636/22/1015 641/29/1015
f 638/19/1016 637/24/1016 642/30/1016
f 634/16/1017 643/26/1017 639/27/1017
f 635/17/1018 639/27/1018 640/31/1018
f 636/22/1019 640/28/1019 641/29/1019
f 637/24/1020 641/29/1020 642/30/1020
f 638/19/1021 642/30/1021 643/26/1021
f 639/27/1022 643/26/1022 644/32/1022
f 640/31/1023 639/27/1023 644/33/1023
f 641/29/1024 640/28/1024 644/34/1024
f 642/30/1025 641/29/1025 644/35/1025
f 643/26/1026 642/30/1026 644/36/1026
f 645/15/1027 646/16/1027 647/17/1027
f 646/16/1028 645/18/1028 650/19/1028
f 645/20/1029 647/21/1029 648/22/1029
f 645/23/1030 648/22/1030 649/24/1030
f 645/25/1031 649/24/1031 650/19/1031
f 646/16/1032 650/19/1032 655/26/1032
f 647/17/1033 646/16/1033 651/27/1033
f 648/22/1034 647/21/1034 652/28/1034
f 649/24/1035 648/22/1035 653/29/1035
f 650/19/1036 649/24/1036 654/30/1036
f 646/16/1037 655/26/1037 651/27/1037
f 647/17/1038 651/27/1038 652/31/1038
f 648/22/1039 652/28/1039 653/29/1039
f 649/24/1040 653/29/1040 654/30/1040
f 650/19/1041 654/30/1041 655/26/1041
f 651/27/1042 655/26/1042 656/32/1042
f 652/31/1043 651/27/1043 656/33/1043
f 653/29/1044 652/28/1044 656/34/1044
f 654/30/1045 653/29/1045 656/35/1045
f 655/26/1046 654/30/1046 656/36/1046
f 657/15/1047 658/16/1047 659/17/1047
f 658/16/1048 657/18/1048 662/19/1048
f 657/20/1049 659/21/1049 660/22/1049
f 657/23/1050 660/22/1050 661/24/1050
f 657/25/1051 661/24/1051 662/19/1051
f 658/16/1052 662/19/1052 667/26/1052
f 659/17/1053 658/16/1053 663/27/1053
f 660/22/1054 659/21/1054 664/28/1054
f 661/24/1055 660/22/1055 665/29/1055
f 662/19/1056 661/24/1056 666/30/1056
f 658/16/1057 667/26/1057 663/27/1057
f 659/17/1058 663/27/1058 664/31/1058
f 660/22/1059 664/28/1059 665/29/1059
f 661/24/1060 665/29/1060 666/30/1060
f 662/19/1061 666/30/1061 667/26/1061
f 663/27/1062 667/26/1062 668/32/1062
f 664/31/1063 663/27/1063 668/33/1063
f 665/29/1064 664/28/1064 668/34/1064
f 666/30/1065 665/29/1065 668/35/1065
f 667/26/1066 666/30/1066 668/36/1066
f 669/15/1067 670/16/1067 671/17/1067
f 670/16/1068 669/18/1068 674/19/1068
f 669/20/1069 671/21/1069 672/22/1069
f 669/23/1070 672/22/1070 673/24/1070
f 669/25/1071 673/24/1071 674/19/1071
f 670/16/1072 674/19/1072 679/26/1072
f 671/17/1073 670/16/1073 675/27/1073
f 672/22/1074 671/21/1074 676/28/1074
f 673/24/1075 672/22/1075 677/29/1075
f 674/19/1076 673/24/1076 678/30/1076
f 670/16/1077 679/26/1077 675/27/1077
f 671/17/1078 675/27/1078 676/31/1078
f 672/22/1079 676/28/1079 677/29/1079
f 673/24/1080 677/29/1080 678/30/1080
f 674/19/1081 678/30/1081 679/26/1081
f 675/27/1082 679/26/1082 680/32/1082
f 676/31/1083 675/27/1083 680/33/1083
f 677/29/1084 676/28/1084 680/34/1084
f 678/30/1085 677/29/1085 680/35/1085
f 679/26/1086 678/30/1086 680/36/1086
f 681/15/1087 682/16/1087 683/17/1087
f 682/16/1088 681/18/1088 686/19/1088
f 681/20/1089 683/21/1089 684/22/1089
f 681/23/1090 684/22/1090 685/24/1090
f 681/25/1091 685/24/1091 686/19/1091
f 682/16/1092 686/19/1092 691/26/1092
f 683/17/1093 682/16/1093 687/27/1093
f 684/22/1094 683/21/1094 688/28/1094
f 685/24/1095 684/22/1095 689/29/1095
f 686/19/1096 685/24/1096 690/30/1096
f 682/16/1097 691/26/1097 687/27/1097
f 683/17/1098 687/27/1098 688/31/1098
f 684/22/1099 688/28/1099 689/29/1099
f 685/24/1100 689/29/1100 690/30/1100
f 686/19/1101 690/30/1101 691/26/1101
f 687/27/1102 691/26/1102 692/32/1102
f 688/31/1103 687/27/1103 692/33/1103
f 689/29/1104 688/28/1104 692/34/1104
f 690/30/1105 689/29/1105 692/35/1105
f 691/26/1106 690/30/1106 692/36/1106
f 693/15/1107 694/16/1107 695/17/1107
f 694/16/1108 693/18/1108 698/19/1108
f 693/20/1109 695/21/1109 696/22/1109
f 693/23/1110 696/22/1110 697/24/1110
f 693/25/1111 697/24/1111 698/19/1111
f 694/16/1112 698/19/1112 703/26/1112
f 695/17/1113 694/16/1113 699/27/1113
f 696/22/1114 695/21/1114 700/28/1114
f 697/24/1115 696/22/1115 701/29/1115
f 698/19/1116 697/24/1116 702/30/1116
f 694/16/1117 703/26/1117 699/27/1117
f 695/17/1118 699/27/1118 700/31/1118
f 696/22/1119 700/28/1119 701/29/1119
f 697/24/1120 701/29/1120 702/30/1120
f 698/19/1121 702/30/1121 703/26/1121
f 699/27/1122 703/26/1122 704/32/1122
f 700/31/1123 699/27/1123 704/33/1123
f 701/29/1124 700/28/1124 704/34/1124
f 702/30/1125 701/29/1125 704/35/1125
f 703/26/1126 702/30/1126 704/36/1126
f 705/15/1127 706/16/1127 707/17/1127
f 706/16/1128 705/18/1128 710/19/1128
f 705/20/1129 707/21/1129 708/22/1129
f 705/23/1130 708/22/1130 709/24/1130
f 705/25/1131 709/24/1131 710/19/1131
f 706/16/1132 710/19/1132 715/26/1132
f 707/17/1133 706/16/1133 711/27/1133
f 708/22/1134 707/21/1134 712/28/1134
f 709/24/1135 708/22/1135 713/29/1135
f 710/19/1136 709/24/1136 714/30/1136
f 706/16/1137 715/26/1137 711/27/1137
f 707/17/1138 711/27/1138 712/31/1138
f 708/22/1139 712/28/1139 713/29/1139
f 709/24/1140 713/29/1140 714/30/1140
f 710/19/1141 714/30/1141 715/26/1141
f 711/27/1142 715/26/1142 716/32/1142
f 712/31/1143 711/27/1143 716/33/1143
f 713/29/1144 712/28/1144 716/34/1144
f 714/30/1145 713/29/1145 716/35/1145
f 715/26/1146 714/30/1146 716/36/1146
f 717/15/1147 718/16/1147 719/17/1147
f 718/16/1148 717/18/1148 722/19/1148
f 717/20/1149 719/21/1149 720/22/1149
f 717/23/1150 720/22/1150 721/24/1150
f 717/25/1151 721/24/1151 722/19/1151
f 718/16/1152 722/19/1152 727/26/1152
f 719/17/1153 718/16/1153 723/27/1153
f 720/22/1154 719/21/1154 724/28/1154
f 721/24/1155 720/22/1155 725/29/1155
f 722/19/1156 721/24/1156 726/30/1156
f 718/16/1157 727/26/1157 723/27/1157
f 719/17/1158 723/27/1158 724/31/1158
f 720/22/1159 724/28/1159 725/29/1159
f 721/24/1160 725/29/1160 726/30/1160
f 722/19/1161 726/30/1161 727/26/1161
f 723/27/1162 727/26/1162 728/32/1162
f 724/31/1163 723/27/1163 728/33/1163
f 725/29/1164 724/28/1164 728/34/1164
f 726/30/1165 725/29/1165 728/35/1165
f 727/26/1166 726/30/1166 728/36/1166
f 729/15/1167 730/16/1167 731/17/1167
f 730/16/1168 729/18/1168 734/19/1168
f 729/20/1169 731/21/1169 732/22/1169
f 729/23/1170 732/22/1170 733/24/1170
f 729/25/1171 733/24/1171 734/19/1171
f 730/16/1172 734/19/1172 739/26/1172
f 731/17/1173 730/16/1173 735/27/1173
f 732/22/1174 731/21/1174 736/28/1174
f 733/24/1175 732/22/1175 737/29/1175
f 734/19/1176 733/24/1176 738/30/1176
f 730/16/1177 739/26/1177 735/27/1177
f 731/17/1178 735/27/1178 736/31/1178
f 732/22/1179 736/28/1179 737/29/1179
f 733/24/1180 737/29/1180 738/30/1180
f 734/19/1181 738/30/1181 739/26/1181
f 735/27/1182 739/26/1182 740/32/1182
f 736/31/1183 735/27/1183 740/33/1183
f 737/29/1184 736/28/1184 740/34/1184
f 738/30/1185 737/29/1185 740/35/1185
f 739/26/1186 738/30/1186 740/36/1186
f 741/15/1187 742/16/1187 743/17/1187
f 742/16/1188 741/18/1188 746/19/1188
f 741/20/1189 743/21/1189 744/22/1189
f 741/23/1190 744/22/1190 745/24/1190
f 741/25/1191 745/24/1191 746/19/1191
f 742/16/1192 746/19/1192 751/26/1192
f 743/17/1193 742/16/1193 747/27/1193
f 744/22/1194 743/21/1194 748/28/1194
f 745/24/1195 744/22/1195 749/29/1195
f 746/19/1196 745/24/1196 750/30/1196
f 742/16/1197 751/26/1197 747/27/1197
f 743/17/1198 747/27/1198 748/31/1198
f 744/22/1199 748/28/1199 749/29/1199
f 745/24/1200 749/29/1200 750/30/1200
f 746/19/1201 750/30/1201 751/26/1201
f 747/27/1202 751/26/1202 752/32/1202
f 748/31/1203 747/27/1203 752/33/1203
f 749/29/1204 748/28/1204 752/34/1204
f 750/30/1205 749/29/1205 752/35/1205
f 751/26/1206 750/30/1206 752/36/1206
f 897/15/1407 898/16/1407 899/17/1407
f 898/16/1408 897/18/1408 902/19/1408
f 897/20/1409 899/21/1409 900/22/1409
f 897/23/1410 900/22/1410 901/24/1410
f 897/25/1411 901/24/1411 902/19/1411
f 898/16/1412 902/19/1412 907/26/1412
f 899/17/1413 898/16/1413 903/27/1413
f 900/22/1414 899/21/1414 904/28/1414
f 901/24/1415 900/22/1415 905/29/1415
f 902/19/1416 901/24/1416 906/30/1416
f 898/16/1417 907/26/1417 903/27/1417
f 899/17/1418 903/27/1418 904/31/1418
f 900/22/1419 904/28/1419 905/29/1419
f 901/24/1420 905/29/1420 906/30/1420
f 902/19/1421 906/30/1421 907/26/1421
f 903/27/1422 907/26/1422 908/32/1422
f 904/31/1423 903/27/1423 908/33/1423
f 905/29/1424 904/28/1424 908/34/1424
f 906/30/1425 905/29/1425 908/35/1425
f 907/26/1426 906/30/1426 908/36/1426
f 909/15/1427 910/16/1427 911/17/1427
f 910/16/1428 909/18/1428 914/19/1428
f 909/20/1429 911/21/1429 912/22/1429
f 909/23/1430 912/22/1430 913/24/1430
f 909/25/1431 913/24/1431 914/19/1431
f 910/16/1432 914/19/1432 919/26/1432
f 911/17/1433 910/16/1433 915/27/1433
f 912/22/1434 911/21/1434 916/28/1434
f 913/24/1435 912/22/1435 917/29/1435
f 914/19/1436 913/24/1436 918/30/1436
f 910/16/1437 919/26/1437 915/27/1437
f 911/17/1438 915/27/1438 916/31/1438
f 912/22/1439 916/28/1439 917/29/1439
f 913/24/1440 917/29/1440 918/30/1440
f 914/19/1441 918/30/1441 919/26/1441
f 915/27/1442 919/26/1442 920/32/1442
f 916/31/1443 915/27/1443 920/33/1443
f 917/29/1444 916/28/1444 920/34/1444
f 918/30/1445 917/29/1445 920/35/1445
f 919/26/1446 918/30/1446 920/36/1446
f 921/15/1447 922/16/1447 923/17/1447
f 922/16/1448 921/18/1448 926/19/1448
f 921/20/1449 923/21/1449 924/22/1449
f 921/23/1450 924/22/1450 925/24/1450
f 921/25/1451 925/24/1451 926/19/1451
f 922/16/1452 926/19/1452 931/26/1452
f 923/17/1453 922/16/1453 927/27/1453
f 924/22/1454 923/21/1454 928/28/1454
f 925/24/1455 924/22/1455 929/29/1455
f 926/19/1456 925/24/1456 930/30/1456
f 922/16/1457 931/26/1457 927/27/1457
f 923/17/1458 927/27/1458 928/31/1458
f 924/22/1459 928/28/1459 929/29/1459
f 925/24/1460 929/29/1460 930/30/1460
f 926/19/1461 930/30/1461 931/26/1461
f 927/27/1462 931/26/1462 932/32/1462
f 928/31/1463 927/27/1463 932/33/1463
f 929/29/1464 928/28/1464 932/34/1464
f 930/30/1465 929/29/1465 932/35/1465
f 931/26/1466 930/30/1466 932/36/1466
f 933/15/1467 934/16/1467 935/17/1467
f 934/16/1468 933/18/1468 938/19/1468
f 933/20/1469 935/21/1469 936/22/1469
f 933/23/1470 936/22/1470 937/24/1470
f 933/25/1471 937/24/1471 938/19/1471
f 934/16/1472 938/19/1472 943/26/1472
f 935/17/1473 934/16/1473 939/27/1473
f 936/22/1474 935/21/1474 940/28/1474
f 937/24/1475 936/22/1475 941/29/1475
f 938/19/1476 937/24/1476 942/30/1476
f 934/16/1477 943/26/1477 939/27/1477
f 935/17/1478 939/27/1478 940/31/1478
f 936/22/1479 940/28/1479 941/29/1479
f 937/24/1480 941/29/1480 942/30/1480
f 938/19/1481 942/30/1481 943/26/1481
f 939/27/1482 943/26/1482 944/32/1482
f 940/31/1483 939/27/1483 944/33/1483
f 941/29/1484 940/28/1484 944/34/1484
f 942/30/1485 941/29/1485 944/35/1485
f 943/26/1486 942/30/1486 944/36/1486
usemtl grass_light
f 33/15/47 34/16/47 35/17/47
f 34/16/48 33/18/48 38/19/48
f 33/20/49 35/21/49 36/22/49
f 33/23/50 36/22/50 37/24/50
f 33/25/51 37/24/51 38/19/51
f 34/16/52 38/19/52 43/26/52
f 35/17/53 34/16/53 39/27/53
f 36/22/54 35/21/54 40/28/54
f 37/24/55 36/22/55 41/29/55
f 38/19/56 37/24/56 42/30/56
f 34/16/57 43/26/57 39/27/57
f 35/17/58 39/27/58 40/31/58
f 36/22/59 40/28/59 41/29/59
f 37/24/60 41/29/60 42/30/60
f 38/19/61 42/30/61 43/26/61
f 39/27/62 43/26/62 44/32/62
f 40/31/63 39/27/63 44/33/63
f 41/29/64 40/28/64 44/34/64
f 42/30/65 41/29/65 44/35/65
f 43/26/66 42/30/66 44/36/66
f 45/15/67 46/16/67 47/17/67
f 46/16/68 45/18/68 50/19/68
f 45/20/69 47/21/69 48/22/69
f 45/23/70 48/22/70 49/24/70
f 45/25/71 49/24/71 50/19/71
f 46/16/72 50/19/72 55/26/72
f 47/17/73 46/16/73 51/27/73
f 48/22/74 47/21/74 52/28/74
f 49/24/75 48/22/75 53/29/75
f 50/19/76 49/24/76 54/30/76
f 46/16/77 55/26/77 51/27/77
f 47/17/78 51/27/78 52/31/78
f 48/22/79 52/28/79 53/29/79
f 49/24/80 53/29/80 54/30/80
f 50/19/81 54/30/81 55/26/81
f 51/27/82 55/26/82 56/32/82
f 52/31/83 51/27/83 56/33/83
f 53/29/84 52/28/84 56/34/84
f 54/30/85 53/29/85 56/35/85
f 55/26/86 54/30/86 56/36/86
f 81/15/127 82/16/127 83/17/127
f 82/16/128 81/18/128 86/19/128
f 81/20/129 83/21/129 84/22/129
f 81/23/130 84/22/130 85/24/130
f 81/25/131 85/24/131 86/19/131
f 82/16/132 86/19/132 91/26/132
f 83/17/133 82/16/133 87/27/133
f 84/22/134 83/21/134 88/28/134
f 85/24/135 84/22/135 89/29/135
f 86/19/136 85/24/136 90/30/136
f 82/16/137 91/26/137 87/27/137
f 83/17/138 87/27/138 88/31/138
f 84/22/139 88/28/139 89/29/139
f 85/24/140 89/29/140 90/30/140
f 86/19/141 90/30/141 91/26/141
f 87/27/142 91/26/142 92/32/142
f 88/31/143 87/27/143 92/33/143
f 89/29/144 88/28/144 92/34/144
f 90/30/145 89/29/145 92/35/145
f 91/26/146 90/30/146 92/36/146
f 93/15/147 94/16/147 95/17/147
f 94/16/148 93/18/148 98/19/148
f 93/20/149 95/21/149 96/22/149
f 93/23/150 96/22/150 97/24/150
f 93/25/151 97/24/151 98/19/151
f 94/16/152 98/19/152 103/26/152
f 95/17/153 94/16/153 99/27/153
f 96/22/154 95/21/154 100/28/154
f 97/24/155 96/22/155 101/29/155
f 98/19/156 97/24/156 102/30/156
f 94/16/157 103/26/157 99/27/157
f 95/17/158 99/27/158 100/31/158
f 96/22/159 100/28/159 101/29/159
f 97/24/160 101/29/160 102/30/160
f 98/19/161 102/30/161 103/26/161
f 99/27/162 103/26/162 104/32/162
f 100/31/163 99/27/163 104/33/163
f 101/29/164 100/28/164 104/34/164
f 102/30/165 101/29/165 104/35/165
f 103/26/166 102/30/166 104/36/166
f 153/15/247 154/16/247 155/17/247
f 154/16/248 153/18/248 158/19/248
f 153/20/249 155/21/249 156/22/249
f 153/23/250 156/22/250 157/24/250
f 153/25/251 157/24/251 158/19/251
f 154/16/252 158/19/252 163/26/252
f 155/17/253 154/16/253 159/27/253
f 156/22/254 155/21/254 160/28/254
f 157/24/255 156/22/255 161/29/255
f 158/19/256 157/24/256 162/30/256
f 154/16/257 163/26/257 159/27/257
f 155/17/258 159/27/258 160/31/258
f 156/22/259 160/28/259 161/29/259
f 157/24/260 161/29/260 162/30/260
f 158/19/261 162/30/261 163/26/261
f 159/27/262 163/26/262 164/32/262
f 160/31/263 159/27/263 164/33/263
f 161/29/264 160/28/264 164/34/264
f 162/30/265 161/29/265 164/35/265
f 163/26/266 162/30/266 164/36/266
f 165/15/267 166/16/267 167/17/267
f 166/16/268 165/18/268 170/19/268
f 165/20/269 167/21/269 168/22/269
f 165/23/270 168/22/270 169/24/270
f 165/25/271 169/24/271 170/19/271
f 166/16/272 170/19/272 175/26/272
f 167/17/273 166/16/273 171/27/273
f 168/22/274 167/21/274 172/28/274
f 169/24/275 168/22/275 173/29/275
f 170/19/276 169/24/276 174/30/276
f 166/16/277 175/26/277 171/27/277
f 167/17/278 171/27/278 172/31/278
f 168/22/279 172/28/279 173/29/279
f 169/24/280 173/29/280 174/30/280
f 170/19/281 174/30/281 175/26/281
f 171/27/282 175/26/282 176/32/282
f 172/31/283 171/27/283 176/33/283
f 173/29/284 172/28/284 176/34/284
f 174/30/285 173/29/285 176/35/285
f 175/26/286 174/30/286 176/36/286
f 177/15/287 178/16/287 179/17/287
f 178/16/288 177/18/288 182/19/288
f 177/20/289 179/21/289 180/22/289
f 177/23/290 180/22/290 181/24/290
f 177/25/291 181/24/291 182/19/291
f 178/16/292 182/19/292 187/26/292
f 179/17/293 178/16/293 183/27/293
f 180/22/294 179/21/294 184/28/294
f 181/24/295 180/22/295 185/29/295
f 182/19/296 181/24/296 186/30/296
f 178/16/297 187/26/297 183/27/297
f 179/17/298 183/27/298 184/31/298
f 180/22/299 184/28/299 185/29/299
f 181/24/300 185/29/300 186/30/300
f 182/19/301 186/30/301 187/26/301
f 183/27/302 187/26/302 188/32/302
f 184/31/303 183/27/303 188/33/303
f 185/29/304 184/28/304 188/34/304
f 186/30/305 185/29/305 188/35/305
f 187/26/306 186/30/306 188/36/306
f 189/15/307 190/16/307 191/17/307
f 190/16/308 189/18/308 194/19/308
f 189/20/309 191/21/309 192/22/309
f 189/23/310 192/22/310 193/24/310
f 189/25/311 193/24/311 194/19/311
f 190/16/312 194/19/312 199/26/312
f 191/17/313 190/16/313 195/27/313
f 192/22/314 191/21/314 196/28/314
f 193/24/315 192/22/315 197/29/315
f 194/19/316 193/24/316 198/30/316
f 190/16/317 199/26/317 195/27/317
f 191/17/318 195/27/318 196/31/318
f 192/22/319 196/28/319 197/29/319
f 193/24/320 197/29/320 198/30/320
f 194/19/321 198/30/321 199/26/321
f 195/27/322 199/26/322 200/32/322
f 196/31/323 195/27/323 200/33/323
f 197/29/324 196/28/324 200/34/324
f 198/30/325 197/29/325 200/35/325
f 199/26/326 198/30/326 200/36/326
f 201/15/327 202/16/327 203/17/327
f 202/16/328 201/18/328 206/19/328
f 201/20/329 203/21/329 204/22/329
f 201/23/330 204/22/330 205/24/330
f 201/25/331 205/24/331 206/19/331
f 202/16/332 206/19/332 211/26/332
f 203/17/333 202/16/333 207/27/333
f 204/22/334 203/21/334 208/28/334
f 205/24/335 204/22/335 209/29/335
f 206/19/336 205/24/336 210/30/336
f 202/16/337 211/26/337 207/27/337
f 203/17/338 207/27/338 208/31/338
f 204/22/339 208/28/339 209/29/339
f 205/24/340 209/29/340 210/30/340
f 206/19/341 210/30/341 211/26/341
f 207/27/342 211/26/342 212/32/342
f 208/31/343 207/27/343 212/33/343
f 209/29/344 208/28/344 212/34/344
f 210/30/345 209/29/345 212/35/345
f 211/26/346 210/30/346 212/36/346
f 213/15/347 214/16/347 215/17/347
f 214/16/348 213/18/348 218/19/348
f 213/20/349 215/21/349 216/22/349
f 213/23/350 216/22/350 217/24/350
f 213/25/351 217/24/351 218/19/351
f 214/16/352 218/19/352 223/26/352
f 215/17/353 214/16/353 219/27/353
f 216/22/354 215/21/354 220/28/354
f 217/24/355 216/22/355 221/29/355
f 218/19/356 217/24/356 222/30/356
f 214/16/357 223/26/357 219/27/357
f 215/17/358 219/27/358 220/31/358
f 216/22/359 220/28/359 221/29/359
f 217/24/360 221/29/360 222/30/360
f 218/19/361 222/30/361 223/26/361
f 219/27/362 223/26/362 224/32/362
f 220/31/363 219/27/363 224/33/363
f 221/29/364 220/28/364 224/34/364
f 222/30/365 221/29/365 224/35/365
f 223/26/366 222/30/366 224/36/366
f 249/15/407 250/16/407 251/17/407
f 250/16/408 249/18/408 254/19/408
f 249/20/409 251/21/409 252/22/409
f 249/23/410 252/22/410 253/24/410
f 249/25/411 253/24/411 254/19/411
f 250/16/412 254/19/412 259/26/412
f 251/17/413 250/16/413 255/27/413
f 252/22/414 251/21/414 256/28/414
f 253/24/415 252/22/415 257/29/415
f 254/19/416 253/24/416 258/30/416
f 250/16/417 259/26/417 255/27/417
f 251/17/418 255/27/418 256/31/418
f 252/22/419 256/28/419 257/29/419
f 253/24/420 257/29/420 258/30/420
f 254/19/421 258/30/421 259/26/421
f 255/27/422 259/26/422 260/32/422
f 256/31/423 255/27/423 260/33/423
f 257/29/424 256/28/424 260/34/424
f 258/30/425 257/29/425 260/35/425
f 259/26/426 258/30/426 260/36/426
f 261/15/427 262/16/427 263/17/427
f 262/16/428 261/18/428 266/19/428
f 261/20/429 263/21/429 264/22/429
f 261/23/430 264/22/430 265/24/430
f 261/25/431 265/24/431 266/19/431
f 262/16/432 266/19/432 271/26/432
f 263/17/433 262/16/433 267/27/433
f 264/22/434 263/21/434 268/28/434
f 265/24/435 264/22/435 269/29/435
f 266/19/436 265/24/436 270/30/436
f 262/16/437 271/26/437 267/27/437
f 263/17/438 267/27/438 268/31/438
f 264/22/439 268/28/439 269/29/439
f 265/24/440 269/29/440 270/30/440
f 266/19/441 270/30/441 271/26/441
f 267/27/442 271/26/442 272/32/442
f 268/31/443 267/27/443 272/33/443
f 269/29/444 268/28/444 272/34/444
f 270/30/445 269/29/445 272/35/445
f 271/26/446 270/30/446 272/36/446
f 273/15/447 274/16/447 275/17/447
f 274/16/448 273/18/448 278/19/448
f 273/20/449 275/21/449 276/22/449
f 273/23/450 276/22/450 277/24/450
f 273/25/451 277/24/451 278/19/451
f 274/16/452 278/19/452 283/26/452
f 275/17/453 274/16/453 279/27/453
f 276/22/454 275/21/454 280/28/454
f 277/24/455 276/22/455 281/29/455
f 278/19/456 277/24/456 282/30/456
f 274/16/457 283/26/457 279/27/457
f 275/17/458 279/27/458 280/31/458
f 276/22/459 280/28/459 281/29/459
f 277/24/460 281/29/460 282/30/460
f 278/19/461 282/30/461 283/26/461
f 279/27/462 283/26/462 284/32/462
f 280/31/463 279/27/463 284/33/463
f 281/29/464 280/28/464 284/34/464
f 282/30/465 281/29/465 284/35/465
f 283/26/466 282/30/466 284/36/466
f 285/15/467 286/16/467 287/17/467
f 286/16/468 285/18/468 290/19/468
f 285/20/469 287/21/469 288/22/469
f 285/23/470 288/22/470 289/24/470
f 285/25/471 289/24/471 290/19/471
f 286/16/472 290/19/472 295/26/472
f 287/17/473 286/16/473 291/27/473
f 288/22/474 287/21/474 292/28/474
f 289/24/475 288/22/475 293/29/475
f 290/19/476 289/24/476 294/30/476
f 286/16/477 295/26/477 291/27/477
f 287/17/478 291/27/478 292/31/478
f 288/22/479 292/28/479 293/29/479
f 289/24/480 293/29/480 294/30/480
f 290/19/481 294/30/481 295/26/481
f 291/27/482 295/26/482 296/32/482
f 292/31/483 291/27/483 296/33/483
f 293/29/484 292/28/484 296/34/484
f 294/30/485 293/29/485 296/35/485
f 295/26/486 294/30/486 296/36/486
f 321/15/527 322/16/527 323/17/527
f 322/16/528 321/18/528 326/19/528
f 321/20/529 323/21/529 324/22/529
f 321/23/530 324/22/530 325/24/530
f 321/25/531 325/24/531 326/19/531
f 322/16/532 326/19/532 331/26/532
f 323/17/533 322/16/533 327/27/533
f 324/22/534 323/21/534 328/28/534
f 325/24/535 324/22/535 329/29/535
f 326/19/536 325/24/536 330/30/536
f 322/16/537 331/26/537 327/27/537
f 323/17/538 327/27/538 328/31/538
f 324/22/539 328/28/539 329/29/539
f 325/24/540 329/29/540 330/30/540
f 326/19/541 330/30/541 331/26/541
f 327/27/542 331/26/542 332/32/542
f 328/31/543 327/27/543 332/33/543
f 329/29/544 328/28/544 332/34/544
f 330/30/545 329/29/545 332/35/545
f 331/26/546 330/30/546 332/36/546
f 333/15/547 334/16/547 335/17/547
f 334/16/548 333/18/548 338/19/548
f 333/20/549 335/21/549 336/22/549
f 333/23/550 336/22/550 337/24/550
f 333/25/551 337/24/551 338/19/551
f 334/16/552 338/19/552 343/26/552
f 335/17/553 334/16/553 339/27/553
f 336/22/554 335/21/554 340/28/554
f 337/24/555 336/22/555 341/29/555
f 338/19/556 337/24/556 342/30/556
f 334/16/557 343/26/557 339/27/557
f 335/17/558 339/27/558 340/31/558
f 336/22/559 340/28/559 341/29/559
f 337/24/560 341/29/560 342/30/560
f 338/19/561 342/30/561 343/26/561
f 339/27/562 343/26/562 344/32/562
f 340/31/563 339/27/563 344/33/563
f 341/29/564 340/28/564 344/34/564
f 342/30/565 341/29/565 344/35/565
f 343/26/566 342/30/566 344/36/566
f 369/15/607 370/16/607 371/17/607
f 370/16/608 369/18/608 374/19/608
f 369/20/609 371/21/609 372/22/609
f 369/23/610 372/22/610 373/24/610
f 369/25/611 373/24/611 374/19/611
f 370/16/612 374/19/612 379/26/612
f 371/17/613 370/16/613 375/27/613
f 372/22/614 371/21/614 376/28/614
f 373/24/615 372/22/615 377/29/615
f 374/19/616 373/24/616 378/30/616
f 370/16/617 379/26/617 375/27/617
f 371/17/618 375/27/618 376/31/618
f 372/22/619 376/28/619 377/29/619
f 373/24/620 377/29/620 378/30/620
f 374/19/621 378/30/621 379/26/621
f 375/27/622 379/26/622 380/32/622
f 376/31/623 375/27/623 380/33/623
f 377/29/624 376/28/624 380/34/624
f 378/30/625 377/29/625 380/35/625
f 379/26/626 378/30/626 380/36/626
f 381/15/627 382/16/627 383/17/627
f 382/16/628 381/18/628 386/19/628
f 381/20/629 383/21/629 384/22/629
f 381/23/630 384/22/630 385/24/630
f 381/25/631 385/24/631 386/19/631
f 382/16/632 386/19/632 391/26/632
f 383/17/633 382/16/633 387/27/633
f 384/22/634 383/21/634 388/28/634
f 385/24/635 384/22/635 389/29/635
f 386/19/636 385/24/636 390/30/636
f 382/16/637 391/26/637 387/27/637
f 383/17/638 387/27/638 388/31/638
f 384/22/639 388/28/639 389/29/639
f 385/24/640 389/29/640 390/30/640
f 386/19/641 390/30/641 391/26/641
f 387/27/642 391/26/642 392/32/642
f 388/31/643 387/27/643 392/33/643
f 389/29/644 388/28/644 392/34/644
f 390/30/645 389/29/645 392/35/645
f 391/26/646 390/30/646 392/36/646
f 393/15/647 394/16/647 395/17/647
f 394/16/648 393/18/648 398/19/648
f 393/20/649 395/21/649 396/22/649
f 393/23/650 396/22/650 397/24/650
f 393/25/651 397/24/651 398/19/651
f 394/16/652 398/19/652 403/26/652
f 395/17/653 394/16/653 399/27/653
f 396/22/654 395/21/654 400/28/654
f 397/24/655 396/22/655 401/29/655
f 398/19/656 397/24/656 402/30/656
f 394/16/657 403/26/657 399/27/657
f 395/17/658 399/27/658 400/31/658
f 396/22/659 400/28/659 401/29/659
f 397/24/660 401/29/660 402/30/660
f 398/19/661 402/30/661 403/26/661
f 399/27/662 403/26/662 404/32/662
f 400/31/663 399/27/663 404/33/663
f 401/29/664 400/28/664 404/34/664
f 402/30/665 401/29/665 404/35/665
f 403/26/666 402/30/666 404/36/666
f 405/15/667 406/16/667 407/17/667
f 406/16/668 405/18/668 410/19/668
f 405/20/669 407/21/669 408/22/669
f 405/23/670 408/22/670 409/24/670
f 405/25/671 409/24/671 410/19/671
f 406/16/672 410/19/672 415/26/672
f 407/17/673 406/16/673 411/27/673
f 408/22/674 407/21/674 412/28/674
f 409/24/675 408/22/675 413/29/675
f 410/19/676 409/24/676 414/30/676
f 406/16/677 415/26/677 411/27/677
f 407/17/678 411/27/678 412/31/678
f 408/22/679 412/28/679 413/29/679
f 409/24/680 413/29/680 414/30/680
f 410/19/681 414/30/681 415/26/681
f 411/27/682 415/26/682 416/32/682
f 412/31/683 411/27/683 416/33/683
f 413/29/684 412/28/684 416/34/684
f 414/30/685 413/29/685 416/35/685
f 415/26/686 414/30/686 416/36/686
f 417/15/447 418/16/447 419/17/447
f 418/16/448 417/18/448 422/19/448
f 417/20/449 419/21/449 420/22/449
f 417/23/450 420/22/450 421/24/450
f 417/25/451 421/24/451 422/19/451
f 418/16/452 422/19/452 427/26/452
f 419/17/453 418/16/453 423/27/453
f 420/22/454 419/21/454 424/28/454
f 421/24/455 420/22/455 425/29/455
f 422/19/456 421/24/456 426/30/456
f 418/16/457 427/26/457 423/27/457
f 419/17/458 423/27/458 424/31/458
f 420/22/459 424/28/459 425/29/459
f 421/24/460 425/29/460 426/30/460
f 422/19/461 426/30/461 427/26/461
f 423/27/462 427/26/462 428/32/462
f 424/31/463 423/27/463 428/33/463
f 425/29/464 424/28/464 428/34/464
f 426/30/465 425/29/465 428/35/465
f 427/26/466 426/30/466 428/36/466
f 429/15/467 430/16/467 431/17/467
f 430/16/468 429/18/468 434/19/468
f 429/20/469 431/21/469 432/22/469
f 429/23/470 432/22/470 433/24/470
f 429/25/471 433/24/471 434/19/471
f 430/16/472 434/19/472 439/26/472
f 431/17/473 430/16/473 435/27/473
f 432/22/474 431/21/474 436/28/474
f 433/24/475 432/22/475 437/29/475
f 434/19/476 433/24/476 438/30/476
f 430/16/477 439/26/477 435/27/477
f 431/17/478 435/27/478 436/31/478
f 432/22/479 436/28/479 437/29/479
f 433/24/480 437/29/480 438/30/480
f 434/19/481 438/30/481 439/26/481
f 435/27/482 439/26/482 440/32/482
f 436/31/483 435/27/483 440/33/483
f 437/29/484 436/28/484 440/34/484
f 438/30/485 437/29/485 440/35/485
f 439/26/486 438/30/486 440/36/486
f 441/15/687 442/16/687 443/17/687
f 442/16/688 441/18/688 446/19/688
f 441/20/689 443/21/689 444/22/689
f 441/23/690 444/22/690 445/24/690
f 441/25/691 445/24/691 446/19/691
f 442/16/692 446/19/692 451/26/692
f 443/17/693 442/16/693 447/27/693
f 444/22/694 443/21/694 448/28/694
f 445/24/695 444/22/695 449/29/695
f 446/19/696 445/24/696 450/30/696
f 442/16/697 451/26/697 447/27/697
f 443/17/698 447/27/698 448/31/698
f 444/22/699 448/28/699 449/29/699
f 445/24/700 449/29/700 450/30/700
f 446/19/701 450/30/701 451/26/701
f 447/27/702 451/26/702 452/32/702
f 448/31/703 447/27/703 452/33/703
f 449/29/704 448/28/704 452/34/704
f 450/30/705 449/29/705 452/35/705
f 451/26/706 450/30/706 452/36/706
f 453/15/707 454/16/707 455/17/707
f 454/16/708 453/18/708 458/19/708
f 453/20/709 455/21/709 456/22/709
f 453/23/710 456/22/710 457/24/710
f 453/25/711 457/24/711 458/19/711
f 454/16/712 458/19/712 463/26/712
f 455/17/713 454/16/713 459/27/713
f 456/22/714 455/21/714 460/28/714
f 457/24/715 456/22/715 461/29/715
f 458/19/716 457/24/716 462/30/716
f 454/16/717 463/26/717 459/27/717
f 455/17/718 459/27/718 460/31/718
f 456/22/719 460/28/719 461/29/719
f 457/24/720 461/29/720 462/30/720
f 458/19/721 462/30/721 463/26/721
f 459/27/722 463/26/722 464/32/722
f 460/31/723 459/27/723 464/33/723
f 461/29/724 460/28/724 464/34/724
f 462/30/725 461/29/725 464/35/725
f 463/26/726 462/30/726 464/36/726
f 465/15/727 466/16/727 467/17/727
f 466/16/728 465/18/728 470/19/728
f 465/20/729 467/21/729 468/22/729
f 465/23/730 468/22/730 469/24/730
f 465/25/731 469/24/731 470/19/731
f 466/16/732 470/19/732 475/26/732
f 467/17/733 466/16/733 471/27/733
f 468/22/734 467/21/734 472/28/734
f 469/24/735 468/22/735 473/29/735
f 470/19/736 469/24/736 474/30/736
f 466/16/737 475/26/737 471/27/737
f 467/17/738 471/27/738 472/31/738
f 468/22/739 472/28/739 473/29/739
f 469/24/740 473/29/740 474/30/740
f 470/19/741 474/30/741 475/26/741
f 471/27/742 475/26/742 476/32/742
f 472/31/743 471/27/743 476/33/743
f 473/29/744 472/28/744 476/34/744
f 474/30/745 473/29/745 476/35/745
f 475/26/746 474/30/746 476/36/746
f 477/15/747 478/16/747 479/17/747
f 478/16/748 477/18/748 482/19/748
f 477/20/749 479/21/749 480/22/749
f 477/23/750 480/22/750 481/24/750
f 477/25/751 481/24/751 482/19/751
f 478/16/752 482/19/752 487/26/752
f 479/17/753 478/16/753 483/27/753
f 480/22/754 479/21/754 484/28/754
f 481/24/755 480/22/755 485/29/755
f 482/19/756 481/24/756 486/30/756
f 478/16/757 487/26/757 483/27/757
f 479/17/758 483/27/758 484/31/758
f 480/22/759 484/28/759 485/29/759
f 481/24/760 485/29/760 486/30/760
f 482/19/761 486/30/761 487/26/761
f 483/27/762 487/26/762 488/32/762
f 484/31/763 483/27/763 488/33/763
f 485/29/764 484/28/764 488/34/764
f 486/30/765 485/29/765 488/35/765
f 487/26/766 486/30/766 488/36/766
f 513/15/807 514/16/807 515/17/807
f 514/16/808 513/18/808 518/19/808
f 513/20/809 515/21/809 516/22/809
f 513/23/810 516/22/810 517/24/810
f 513/25/811 517/24/811 518/19/811
f 514/16/812 518/19/812 523/26/812
f 515/17/813 514/16/813 519/27/813
f 516/22/814 515/21/814 520/28/814
f 517/24/815 516/22/815 521/29/815
f 518/19/816 517/24/816 522/30/816
f 514/16/817 523/26/817 519/27/817
f 515/17/818 519/27/818 520/31/818
f 516/22/819 520/28/819 521/29/819
f 517/24/820 521/29/820 522/30/820
f 518/19/821 522/30/821 523/26/821
f 519/27/822 523/26/822 524/32/822
f 520/31/823 519/27/823 524/33/823
f 521/29/824 520/28/824 524/34/824
f 522/30/825 521/29/825 524/35/825
f 523/26/826 522/30/826 524/36/826
f 525/15/827 526/16/827 527/17/827
f 526/16/828 525/18/828 530/19/828
f 525/20/829 527/21/829 528/22/829
f 525/23/830 528/22/830 529/24/830
f 525/25/831 529/24/831 530/19/831
f 526/16/832 530/19/832 535/26/832
f 527/17/833 526/16/833 531/27/833
f 528/22/834 527/21/834 532/28/834
f 529/24/835 528/22/835 533/29/835
f 530/19/836 529/24/836 534/30/836
f 526/16/837 535/26/837 531/27/837
f 527/17/838 531/27/838 532/31/838
f 528/22/839 532/28/839 533/29/839
f 529/24/840 533/29/840 534/30/840
f 530/19/841 534/30/841 535/26/841
f 531/27/842 535/26/842 536/32/842
f 532/31/843 531/27/843 536/33/843
f 533/29/844 532/28/844 536/34/844
f 534/30/845 533/29/845 536/35/845
f 535/26/846 534/30/846 536/36/846
f 561/15/887 562/16/887 563/17/887
f 562/16/888 561/18/888 566/19/888
f 561/20/889 563/21/889 564/22/889
f 561/23/890 564/22/890 565/24/890
f 561/25/891 565/24/891 566/19/891
f 562/16/892 566/19/892 571/26/892
f 563/17/893 562/16/893 567/27/893
f 564/22/894 563/21/894 568/28/894
f 565/24/895 564/22/895 569/29/895
f 566/19/896 565/24/896 570/30/896
f 562/16/897 571/26/897 567/27/897
f 563/17/898 567/27/898 568/31/898
f 564/22/899 568/28/899 569/29/899
f 565/24/900 569/29/900 570/30/900
f 566/19/901 570/30/901 571/26/901
f 567/27/902 571/26/902 572/32/902
f 568/31/903 567/27/903 572/33/903
f 569/29/904 568/28/904 572/34/904
f 570/30/905 569/29/905 572/35/905
f 571/26/906 570/30/906 572/36/906
f 573/15/907 574/16/907 575/17/907
f 574/16/908 573/18/908 578/19/908
f 573/20/909 575/21/909 576/22/909
f 573/23/910 576/22/910 577/24/910
f 573/25/911 577/24/911 578/19/911
f 574/16/912 578/19/912 583/26/912
f 575/17/913 574/16/913 579/27/913
f 576/22/914 575/21/914 580/28/914
f 577/24/915 576/22/915 581/29/915
f 578/19/916 577/24/916 582/30/916
f 574/16/917 583/26/917 579/27/917
f 575/17/918 579/27/918 580/31/918
f 576/22/919 580/28/919 581/29/919
f 577/24/920 581/29/920 582/30/920
f 578/19/921 582/30/921 583/26/921
f 579/27/922 583/26/922 584/32/922
f 580/31/923 579/27/923 584/33/923
f 581/29/924 580/28/924 584/34/924
f 582/30/925 581/29/925 584/35/925
f 583/26/926 582/30/926 584/36/926
f 585/15/927 586/16/927 587/17/927
f 586/16/928 585/18/928 590/19/928
f 585/20/929 587/21/929 588/22/929
f 585/23/930 588/22/930 589/24/930
f 585/25/931 589/24/931 590/19/931
f 586/16/932 590/19/932 595/26/932
f 587/17/933 586/16/933 591/27/933
f 588/22/934 587/21/934 592/28/934
f 589/24/935 588/22/935 593/29/935
f 590/19/936 589/24/936 594/30/936
f 586/16/937 595/26/937 591/27/937
f 587/17/938 591/27/938 592/31/938
f 588/22/939 592/28/939 593/29/939
f 589/24/940 593/29/940 594/30/940
f 590/19/941 594/30/941 595/26/941
f 591/27/942 595/26/942 596/32/942
f 592/31/943 591/27/943 596/33/943
f 593/29/944 592/28/944 596/34/944
f 594/30/945 593/29/945 596/35/945
f 595/26/946 594/30/946 596/36/946
f 597/15/947 598/16/947 599/17/947
f 598/16/948 597/18/948 602/19/948
f 597/20/949 599/21/949 600/22/949
f 597/23/950 600/22/950 601/24/950
f 597/25/951 601/24/951 602/19/951
f 598/16/952 602/19/952 607/26/952
f 599/17/953 598/16/953 603/27/953
f 600/22/954 599/21/954 604/28/954
f 601/24/955 600/22/955 605/29/955
f 602/19/956 601/24/956 606/30/956
f 598/16/957 607/26/957 603/27/957
f 599/17/958 603/27/958 604/31/958
f 600/22/959 604/28/959 605/29/959
f 601/24/960 605/29/960 606/30/960
f 602/19/961 606/30/961 607/26/961
f 603/27/962 607/26/962 608/32/962
f 604/31/963 603/27/963 608/33/963
f 605/29/964 604/28/964 608/34/964
f 606/30/965 605/29/965 608/35/965
f 607/26/966 606/30/966 608/36/966
f 609/15/967 610/16/967 611/17/967
f 610/16/968 609/18/968 614/19/968
f 609/20/969 611/21/969 612/22/969
f 609/23/970 612/22/970 613/24/970
f 609/25/971 613/24/971 614/19/971
f 610/16/972 614/19/972 619/26/972
f 611/17/973 610/16/973 615/27/973
f 612/22/974 611/21/974 616/28/974
f 613/24/975 612/22/975 617/29/975
f 614/19/976 613/24/976 618/30/976
f 610/16/977 619/26/977 615/27/977
f 611/17/978 615/27/978 616/31/978
f 612/22/979 616/28/979 617/29/979
f 613/24/980 617/29/980 618/30/980
f 614/19/981 618/30/981 619/26/981
f 615/27/982 619/26/982 620/32/982
f 616/31/983 615/27/983 620/33/983
f 617/29/984 616/28/984 620/34/984
f 618/30/985 617/29/985 620/35/985
f 619/26/986 618/30/986 620/36/986
f 621/15/987 622/16/987 623/17/987
f 622/16/988 621/18/988 626/19/988
f 621/20/989 623/21/989 624/22/989
f 621/23/990 624/22/990 625/24/990
f 621/25/991 625/24/991 626/19/991
f 622/16/992 626/19/992 631/26/992
f 623/17/993 622/16/993 627/27/993
f 624/22/994 623/21/994 628/28/994
f 625/24/995 624/22/995 629/29/995
f 626/19/996 625/24/996 630/30/996
f 622/16/997 631/26/997 627/27/997
f 623/17/998 627/27/998 628/31/998
f 624/22/999 628/28/999 629/29/999
f 625/24/1000 629/29/1000 630/30/1000
f 626/19/1001 630/30/1001 631/26/1001
f 627/27/1002 631/26/1002 632/32/1002
f 628/31/1003 627/27/1003 632/33/1003
f 629/29/1004 628/28/1004 632/34/1004
f 630/30/1005 629/29/1005 632/35/1005
f 631/26/1006 630/30/1006 632/36/1006
f 753/15/1207 754/16/1207 755/17/1207
f 754/16/1208 753/18/1208 758/19/1208
f 753/20/1209 755/21/1209 756/22/1209
f 753/23/1210 756/22/1210 757/24/1210
f 753/25/1211 757/24/1211 758/19/1211
f 754/16/1212 758/19/1212 763/26/1212
f 755/17/1213 754/16/1213 759/27/1213
f 756/22/1214 755/21/1214 760/28/1214
f 757/24/1215 756/22/1215 761/29/1215
f 758/19/1216 757/24/1216 762/30/1216
f 754/16/1217 763/26/1217 759/27/1217
f 755/17/1218 759/27/1218 760/31/1218
f 756/22/1219 760/28/1219 761/29/1219
f 757/24/1220 761/29/1220 762/30/1220
f 758/19/1221 762/30/1221 763/26/1221
f 759/27/1222 763/26/1222 764/32/1222
f 760/31/1223 759/27/1223 764/33/1223
f 761/29/1224 760/28/1224 764/34/1224
f 762/30/1225 761/29/1225 764/35/1225
f 763/26/1226 762/30/1226 764/36/1226
f 765/15/1227 766/16/1227 767/17/1227
f 766/16/1228 765/18/1228 770/19/1228
f 765/20/1229 767/21/1229 768/22/1229
f 765/23/1230 768/22/1230 769/24/1230
f 765/25/1231 769/24/1231 770/19/1231
f 766/16/1232 770/19/1232 775/26/1232
f 767/17/1233 766/16/1233 771/27/1233
f 768/22/1234 767/21/1234 772/28/1234
f 769/24/1235 768/22/1235 773/29/1235
f 770/19/1236 769/24/1236 774/30/1236
f 766/16/1237 775/26/1237 771/27/1237
f 767/17/1238 771/27/1238 772/31/1238
f 768/22/1239 772/28/1239 773/29/1239
f 769/24/1240 773/29/1240 774/30/1240
f 770/19/1241 774/30/1241 775/26/1241
f 771/27/1242 775/26/1242 776/32/1242
f 772/31/1243 771/27/1243 776/33/1243
f 773/29/1244 772/28/1244 776/34/1244
f 774/30/1245 773/29/1245 776/35/1245
f 775/26/1246 774/30/1246 776/36/1246
f 777/15/1247 778/16/1247 779/17/1247
f 778/16/1248 777/18/1248 782/19/1248
f 777/20/1249 779/21/1249 780/22/1249
f 777/23/1250 780/22/1250 781/24/1250
f 777/25/1251 781/24/1251 782/19/1251
f 778/16/1252 782/19/1252 787/26/1252
f 779/17/1253 778/16/1253 783/27/1253
f 780/22/1254 779/21/1254 784/28/1254
f 781/24/1255 780/22/1255 785/29/1255
f 782/19/1256 781/24/1256 786/30/1256
f 778/16/1257 787/26/1257 783/27/1257
f 779/17/1258 783/27/1258 784/31/1258
f 780/22/1259 784/28/1259 785/29/1259
f 781/24/1260 785/29/1260 786/30/1260
f 782/19/1261 786/30/1261 787/26/1261
f 783/27/1262 787/26/1262 788/32/1262
f 784/31/1263 783/27/1263 788/33/1263
f 785/29/1264 784/28/1264 788/34/1264
f 786/30/1265 785/29/1265 788/35/1265
f 787/26/1266 786/30/1266 788/36/1266
f 789/15/1267 790/16/1267 791/17/1267
f 790/16/1268 789/18/1268 794/19/1268
f 789/20/1269 791/21/1269 792/22/1269
f 789/23/1270 792/22/1270 793/24/1270
f 789/25/1271 793/24/1271 794/19/1271
f 790/16/1272 794/19/1272 799/26/1272
f 791/17/1273 790/16/1273 795/27/1273
f 792/22/1274 791/21/1274 796/28/1274
f 793/24/1275 792/22/1275 797/29/1275
f 794/19/1276 793/24/1276 798/30/1276
f 790/16/1277 799/26/1277 795/27/1277
f 791/17/1278 795/27/1278 796/31/1278
f 792/22/1279 796/28/1279 797/29/1279
f 793/24/1280 797/29/1280 798/30/1280
f 794/19/1281 798/30/1281 799/26/1281
f 795/27/1282 799/26/1282 800/32/1282
f 796/31/1283 795/27/1283 800/33/1283
f 797/29/1284 796/28/1284 800/34/1284
f 798/30/1285 797/29/1285 800/35/1285
f 799/26/1286 798/30/1286 800/36/1286
f 801/15/47 802/16/47 803/17/47
f 802/16/48 801/18/48 806/19/48
f 801/20/49 803/21/49 804/22/49
f 801/23/50 804/22/50 805/24/50
f 801/25/51 805/24/51 806/19/51
f 802/16/52 806/19/52 811/26/52
f 803/17/53 802/16/53 807/27/53
f 804/22/54 803/21/54 808/28/54
f 805/24/55 804/22/55 809/29/55
f 806/19/56 805/24/56 810/30/56
f 802/16/57 811/26/57 807/27/57
f 803/17/58 807/27/58 808/31/58
f 804/22/59 808/28/59 809/29/59
f 805/24/60 809/29/60 810/30/60
f 806/19/61 810/30/61 811/26/61
f 807/27/62 811/26/62 812/32/62
f 808/31/63 807/27/63 812/33/63
f 809/29/64 808/28/64 812/34/64
f 810/30/65 809/29/65 812/35/65
f 811/26/66 810/30/66 812/36/66
f 813/15/67 814/16/67 815/17/67
f 814/16/68 813/18/68 818/19/68
f 813/20/69 815/21/69 816/22/69
f 813/23/70 816/22/70 817/24/70
f 813/25/71 817/24/71 818/19/71
f 814/16/72 818/19/72 823/26/72
f 815/17/73 814/16/73 819/27/73
f 816/22/74 815/21/74 820/28/74
f 817/24/75 816/22/75 821/29/75
f 818/19/76 817/24/76 822/30/76
f 814/16/77 823/26/77 819/27/77
f 815/17/78 819/27/78 820/31/78
f 816/22/79 820/28/79 821/29/79
f 817/24/80 821/29/80 822/30/80
f 818/19/81 822/30/81 823/26/81
f 819/27/82 823/26/82 824/32/82
f 820/31/83 819/27/83 824/33/83
f 821/29/84 820/28/84 824/34/84
f 822/30/85 821/29/85 824/35/85
f 823/26/86 822/30/86 824/36/86
f 825/15/1287 826/16/1287 827/17/1287
f 826/16/1288 825/18/1288 830/19/1288
f 825/20/1289 827/21/1289 828/22/1289
f 825/23/1290 828/22/1290 829/24/1290
f 825/25/1291 829/24/1291 830/19/1291
f 826/16/1292 830/19/1292 835/26/1292
f 827/17/1293 826/16/1293 831/27/1293
f 828/22/1294 827/21/1294 832/28/1294
f 829/24/1295 828/22/1295 833/29/1295
f 830/19/1296 829/24/1296 834/30/1296
f 826/16/1297 835/26/1297 831/27/1297
f 827/17/1298 831/27/1298 832/31/1298
f 828/22/1299 832/28/1299 833/29/1299
f 829/24/1300 833/29/1300 834/30/1300
f 830/19/1301 834/30/1301 835/26/1301
f 831/27/1302 835/26/1302 836/32/1302
f 832/31/1303 831/27/1303 836/33/1303
f 833/29/1304 832/28/1304 836/34/1304
f 834/30/1305 833/29/1305 836/35/1305
f 835/26/1306 834/30/1306 836/36/1306
f 837/15/1307 838/16/1307 839/17/1307
f 838/16/1308 837/18/1308 842/19/1308
f 837/20/1309 839/21/1309 840/22/1309
f 837/23/1310 840/22/1310 841/24/1310
f 837/25/1311 841/24/1311 842/19/1311
f 838/16/1312 842/19/1312 847/26/1312
f 839/17/1313 838/16/1313 843/27/1313
f 840/22/1314 839/21/1314 844/28/1314
f 841/24/1315 840/22/1315 845/29/1315
f 842/19/1316 841/24/1316 846/30/1316
f 838/16/1317 847/26/1317 843/27/1317
f 839/17/1318 843/27/1318 844/31/1318
f 840/22/1319 844/28/1319 845/29/1319
f 841/24/1320 845/29/1320 846/30/1320
f 842/19/1321 846/30/1321 847/26/1321
f 843/27/1322 847/26/1322 848/32/1322
f 844/31/1323 843/27/1323 848/33/1323
f 845/29/1324 844/28/1324 848/34/1324
f 846/30/1325 845/29/1325 848/35/1325
f 847/26/1326 846/30/1326 848/36/1326
f 849/15/1327 850/16/1327 851/17/1327
f 850/16/1328 849/18/1328 854/19/1328
f 849/20/1329 851/21/1329 852/22/1329
f 849/23/1330 852/22/1330 853/24/1330
f 849/25/1331 853/24/1331 854/19/1331
f 850/16/1332 854/19/1332 859/26/1332
f 851/17/1333 850/16/1333 855/27/1333
f 852/22/1334 851/21/1334 856/28/1334
f 853/24/1335 852/22/1335 857/29/1335
f 854/19/1336 853/24/1336 858/30/1336
f 850/16/1337 859/26/1337 855/27/1337
f 851/17/1338 855/27/1338 856/31/1338
f 852/22/1339 856/28/1339 857/29/1339
f 853/24/1340 857/29/1340 858/30/1340
f 854/19/1341 858/30/1341 859/26/1341
f 855/27/1342 859/26/1342 860/32/1342
f 856/31/1343 855/27/1343 860/33/1343
f 857/29/1344 856/28/1344 860/34/1344
f 858/30/1345 857/29/1345 860/35/1345
f 859/26/1346 858/30/1346 860/36/1346
f 861/15/1347 862/16/1347 863/17/1347
f 862/16/1348 861/18/1348 866/19/1348
f 861/20/1349 863/21/1349 864/22/1349
f 861/23/1350 864/22/1350 865/24/1350
f 861/25/1351 865/24/1351 866/19/1351
f 862/16/1352 866/19/1352 871/26/1352
f 863/17/1353 862/16/1353 867/27/1353
f 864/22/1354 863/21/1354 868/28/1354
f 865/24/1355 864/22/1355 869/29/1355
f 866/19/1356 865/24/1356 870/30/1356
f 862/16/1357 871/26/1357 867/27/1357
f 863/17/1358 867/27/1358 868/31/1358
f 864/22/1359 868/28/1359 869/29/1359
f 865/24/1360 869/29/1360 870/30/1360
f 866/19/1361 870/30/1361 871/26/1361
f 867/27/1362 871/26/1362 872/32/1362
f 868/31/1363 867/27/1363 872/33/1363
f 869/29/1364 868/28/1364 872/34/1364
f 870/30/1365 869/29/1365 872/35/1365
f 871/26/1366 870/30/1366 872/36/1366
f 873/15/1367 874/16/1367 875/17/1367
f 874/16/1368 873/18/1368 878/19/1368
f 873/20/1369 875/21/1369 876/22/1369
f 873/23/1370 876/22/1370 877/24/1370
f 873/25/1371 877/24/1371 878/19/1371
f 874/16/1372 878/19/1372 883/26/1372
f 875/17/1373 874/16/1373 879/27/1373
f 876/22/1374 875/21/1374 880/28/1374
f 877/24/1375 876/22/1375 881/29/1375
f 878/19/1376 877/24/1376 882/30/1376
f 874/16/1377 883/26/1377 879/27/1377
f 875/17/1378 879/27/1378 880/31/1378
f 876/22/1379 880/28/1379 881/29/1379
f 877/24/1380 881/29/1380 882/30/1380
f 878/19/1381 882/30/1381 883/26/1381
f 879/27/1382 883/26/1382 884/32/1382
f 880/31/1383 879/27/1383 884/33/1383
f 881/29/1384 880/28/1384 884/34/1384
f 882/30/1385 881/29/1385 884/35/1385
f 883/26/1386 882/30/1386 884/36/1386
f 885/15/1387 886/16/1387 887/17/1387
f 886/16/1388 885/18/1388 890/19/1388
f 885/20/1389 887/21/1389 888/22/1389
f 885/23/1390 888/22/1390 889/24/1390
f 885/25/1391 889/24/1391 890/19/1391
f 886/16/1392 890/19/1392 895/26/1392
f 887/17/1393 886/16/1393 891/27/1393
f 888/22/1394 887/21/1394 892/28/1394
f 889/24/1395 888/22/1395 893/29/1395
f 890/19/1396 889/24/1396 894/30/1396
f 886/16/1397 895/26/1397 891/27/1397
f 887/17/1398 891/27/1398 892/31/1398
f 888/22/1399 892/28/1399 893/29/1399
f 889/24/1400 893/29/1400 894/30/1400
f 890/19/1401 894/30/1401 895/26/1401
f 891/27/1402 895/26/1402 896/32/1402
f 892/31/1403 891/27/1403 896/33/1403
f 893/29/1404 892/28/1404 896/34/1404
f 894/30/1405 893/29/1405 896/35/1405
f 895/26/1406 894/30/1406 896/36/1406
f 945/15/1487 946/16/1487 947/17/1487
f 946/16/1488 945/18/1488 950/19/1488
f 945/20/1489 947/21/1489 948/22/1489
f 945/23/1490 948/22/1490 949/24/1490
f 945/25/1491 949/24/1491 950/19/1491
f 946/16/1492 950/19/1492 955/26/1492
f 947/17/1493 946/16/1493 951/27/1493
f 948/22/1494 947/21/1494 952/28/1494
f 949/24/1495 948/22/1495 953/29/1495
f 950/19/1496 949/24/1496 954/30/1496
f 946/16/1497 955/26/1497 951/27/1497
f 947/17/1498 951/27/1498 952/31/1498
f 948/22/1499 952/28/1499 953/29/1499
f 949/24/1500 953/29/1500 954/30/1500
f 950/19/1501 954/30/1501 955/26/1501
f 951/27/1502 955/26/1502 956/32/1502
f 952/31/1503 951/27/1503 956/33/1503
f 953/29/1504 952/28/1504 956/34/1504
f 954/30/1505 953/29/1505 956/35/1505
f 955/26/1506 954/30/1506 956/36/1506
f 957/15/1507 958/16/1507 959/17/1507
f 958/16/1508 957/18/1508 962/19/1508
f 957/20/1509 959/21/1509 960/22/1509
f 957/23/1510 960/22/1510 961/24/1510
f 957/25/1511 961/24/1511 962/19/1511
f 958/16/1512 962/19/1512 967/26/1512
f 959/17/1513 958/16/1513 963/27/1513
f 960/22/1514 959/21/1514 964/28/1514
f 961/24/1515 960/22/1515 965/29/1515
f 962/19/1516 961/24/1516 966/30/1516
f 958/16/1517 967/26/1517 963/27/1517
f 959/17/1518 963/27/1518 964/31/1518
f 960/22/1519 964/28/1519 965/29/1519
f 961/24/1520 965/29/1520 966/30/1520
f 962/19/1521 966/30/1521 967/26/1521
f 963/27/1522 967/26/1522 968/32/1522
f 964/31/1523 963/27/1523 968/33/1523
f 965/29/1524 964/28/1524 968/34/1524
f 966/30/1525 965/29/1525 968/35/1525
f 967/26/1526 966/30/1526 968/36/1526
usemtl weed
f 969/37/1527 970/38/1527 972/39/1527 971/40/1527
f 971/40/1528 972/39/1528 974/41/1528 973/42/1528
f 972/43/1529 970/44/1529 976/45/1529 974/46/1529
f 973/42/1530 974/41/1530 976/47/1530 975/48/1530
f 975/48/1531 976/47/1531 970/49/1531 969/50/1531
f 969/51/1532 971/52/1532 973/53/1532 975/54/1532
f 977/37/1533 978/38/1533 980/39/1533 979/40/1533
f 979/40/1534 980/39/1534 982/41/1534 981/42/1534
f 980/43/1535 978/44/1535 984/45/1535 982/46/1535
f 981/42/1536 982/41/1536 984/47/1536 983/48/1536
f 983/48/1537 984/47/1537 978/49/1537 977/50/1537
f 977/51/1538 979/52/1538 981/53/1538 983/54/1538
f 985/37/1539 986/38/1539 988/39/1539 987/40/1539
f 987/40/1540 988/39/1540 990/41/1540 989/42/1540
f 988/43/1541 986/44/1541 992/45/1541 990/46/1541
f 989/42/1542 990/41/1542 992/47/1542 991/48/1542
f 991/48/1543 992/47/1543 986/49/1543 985/50/1543
f 985/51/1544 987/52/1544 989/53/1544 991/54/1544
f 993/37/1545 994/38/1545 996/39/1545 995/40/1545
f 995/40/1546 996/39/1546 998/41/1546 997/42/1546
f 996/43/1547 994/44/1547 1000/45/1547 998/46/1547
f 997/42/1548 998/41/1548 1000/47/1548 999/48/1548
f 999/48/1549 1000/47/1549 994/49/1549 993/50/1549
f 993/51/1550 995/52/1550 997/53/1550 999/54/1550
f 1001/37/1551 1002/38/1551 1004/39/1551 1003/40/1551
f 1003/40/1552 1004/39/1552 1006/41/1552 1005/42/1552
f 1004/43/1553 1002/44/1553 1008/45/1553 1006/46/1553
f 1005/42/1554 1006/41/1554 1008/47/1554 1007/48/1554
f 1007/48/1555 1008/47/1555 1002/49/1555 1001/50/1555
f 1001/51/1556 1003/52/1556 1005/53/1556 1007/54/1556
f 1009/37/1557 1010/38/1557 1012/39/1557 1011/40/1557
f 1011/40/1558 1012/39/1558 1014/41/1558 1013/42/1558
f 1012/43/1559 1010/44/1559 1016/45/1559 1014/46/1559
f 1013/42/1560 1014/41/1560 1016/47/1560 1015/48/1560
f 1015/48/1561 1016/47/1561 1010/49/1561 1009/50/1561
f 1009/51/1562 1011/52/1562 1013/53/1562 1015/54/1562
f 1017/37/1563 1018/38/1563 1020/39/1563 1019/40/1563
f 1019/40/1564 1020/39/1564 1022/41/1564 1021/42/1564
f 1020/43/1565 1018/44/1565 1024/45/1565 1022/46/1565
f 1021/42/1566 1022/41/1566 1024/47/1566 1023/48/1566
f 1023/48/1567 1024/47/1567 1018/49/1567 1017/50/1567
f 1017/51/1568 1019/52/1568 1021/53/1568 1023/54/1568
f 1025/37/1569 1026/38/1569 1028/39/1569 1027/40/1569
f 1027/40/1570 1028/39/1570 1030/41/1570 1029/42/1570
f 1028/43/1571 1026/44/1571 1032/45/1571 1030/46/1571
f 1029/42/1572 1030/41/1572 1032/47/1572 1031/48/1572
f 1031/48/1573 1032/47/1573 1026/49/1573 1025/50/1573
f 1025/51/1574 1027/52/1574 1029/53/1574 1031/54/1574
f 1033/37/1575 1034/38/1575 1036/39/1575 1035/40/1575
f 1035/40/1576 1036/39/1576 1038/41/1576 1037/42/1576
f 1036/43/1577 1034/44/1577 1040/45/1577 1038/46/1577
f 1037/42/1578 1038/41/1578 1040/47/1578 1039/48/1578
f 1039/48/1579 1040/47/1579 1034/49/1579 1033/50/1579
f 1033/51/1580 1035/52/1580 1037/53/1580 1039/54/1580
f 1041/37/1581 1042/38/1581 1044/39/1581 1043/40/1581
f 1043/40/1582 1044/39/1582 1046/41/1582 1045/42/1582
f 1044/43/1583 1042/44/1583 1048/45/1583 1046/46/1583
f 1045/42/1584 1046/41/1584 1048/47/1584 1047/48/1584
f 1047/48/1585 1048/47/1585 1042/49/1585 1041/50/1585
f 1041/51/1586 1043/52/1586 1045/53/1586 1047/54/1586
f 1049/37/1587 1050/38/1587 1052/39/1587 1051/40/1587
f 1051/40/1588 1052/39/1588 1054/41/1588 1053/42/1588
f 1052/43/1589 1050/44/1589 1056/45/1589 1054/46/1589
f 1053/42/1590 1054/41/1590 1056/47/1590 1055/48/1590
f 1055/48/1591 1056/47/1591 1050/49/1591 1049/50/1591
f 1049/51/1592 1051/52/1592 1053/53/1592 1055/54/1592
f 1057/37/1593 1058/38/1593 1060/39/1593 1059/40/1593
f 1059/40/1594 1060/39/1594 1062/41/1594 1061/42/1594
f 1060/43/1595 1058/44/1595 1064/45/1595 1062/46/1595
f 1061/42/1596 1062/41/1596 1064/47/1596 1063/48/1596
f 1063/48/1597 1064/47/1597 1058/49/1597 1057/50/1597
f 1057/51/1598 1059/52/1598 1061/53/1598 1063/54/1598
f 1065/37/1599 1066/38/1599 1068/39/1599 1067/40/1599
f 1067/40/1600 1068/39/1600 1070/41/1600 1069/42/1600
f 1068/43/1601 1066/44/1601 1072/45/1601 1070/46/1601
f 1069/42/1602 1070/41/1602 1072/47/1602 1071/48/1602
f 1071/48/1603 1072/47/1603 1066/49/1603 1065/50/1603
f 1065/51/1604 1067/52/1604 1069/53/1604 1071/54/1604
f 1073/37/1605 1074/38/1605 1076/39/1605 1075/40/1605
f 1075/40/1606 1076/39/1606 1078/41/1606 1077/42/1606
f 1076/43/1607 1074/44/1607 1080/45/1607 1078/46/1607
f 1077/42/1608 1078/41/1608 1080/47/1608 1079/48/1608
f 1079/48/1609 1080/47/1609 1074/49/1609 1073/50/1609
f 1073/51/1610 1075/52/1610 1077/53/1610 1079/54/1610
f 1081/37/1611 1082/38/1611 1084/39/1611 1083/40/1611
f 1083/40/1612 1084/39/1612 1086/41/1612 1085/42/1612
f 1084/43/1613 1082/44/1613 1088/45/1613 1086/46/1613
f 1085/42/1614 1086/41/1614 1088/47/1614 1087/48/1614
f 1087/48/1615 1088/47/1615 1082/49/1615 1081/50/1615
f 1081/51/1616 1083/52/1616 1085/53/1616 1087/54/1616
f 1089/37/1617 1090/38/1617 1092/39/1617 1091/40/1617
f 1091/40/1618 1092/39/1618 1094/41/1618 1093/42/1618
f 1092/43/1619 1090/44/1619 1096/45/1619 1094/46/1619
f 1093/42/1620 1094/41/1620 1096/47/1620 1095/48/1620
f 1095/48/1621 1096/47/1621 1090/49/1621 1089/50/1621
f 1089/51/1622 1091/52/1622 1093/53/1622 1095/54/1622
f 1097/37/1623 1098/38/1623 1100/39/1623 1099/40/1623
f 1099/40/1624 1100/39/1624 1102/41/1624 1101/42/1624
f 1100/43/1625 1098/44/1625 1104/45/1625 1102/46/1625
f 1101/42/1626 1102/41/1626 1104/47/1626 1103/48/1626
f 1103/48/1627 1104/47/1627 1098/49/1627 1097/50/1627
f 1097/51/1628 1099/52/1628 1101/53/1628 1103/54/1628
f 1105/37/1629 1106/38/1629 1108/39/1629 1107/40/1629
f 1107/40/1630 1108/39/1630 1110/41/1630 1109/42/1630
f 1108/43/1631 1106/44/1631 1112/45/1631 1110/46/1631
f 1109/42/1632 1110/41/1632 1112/47/1632 1111/48/1632
f 1111/48/1633 1112/47/1633 1106/49/1633 1105/50/1633
f 1105/51/1634 1107/52/1634 1109/53/1634 1111/54/1634
f 1113/37/1635 1114/38/1635 1116/39/1635 1115/40/1635
f 1115/40/1636 1116/39/1636 1118/41/1636 1117/42/1636
f 1116/43/1637 1114/44/1637 1120/45/1637 1118/46/1637
f 1117/42/1638 1118/41/1638 1120/47/1638 1119/48/1638
f 1119/48/1639 1120/47/1639 1114/49/1639 1113/50/1639
f 1113/51/1640 1115/52/1640 1117/53/1640 1119/54/1640
f 1121/37/1641 1122/38/1641 1124/39/1641 1123/40/1641
f 1123/40/1642 1124/39/1642 1126/41/1642 1125/42/1642
f 1124/43/1643 1122/44/1643 1128/45/1643 1126/46/1643
f 1125/42/1644 1126/41/1644 1128/47/1644 1127/48/1644
f 1127/48/1645 1128/47/1645 1122/49/1645 1121/50/1645
f 1121/51/1646 1123/52/1646 1125/53/1646 1127/54/1646
