# Blender 4.0.2
# www.blender.org
mtllib 2_young.mtl
o 2_young
v 0.000000 -0.108000 0.004000
v 0.000000 -0.108000 0.016000
v -0.063481 -0.087374 0.004000
v -0.063481 -0.087374 0.016000
v -0.102714 -0.033374 0.004000
v -0.102714 -0.033374 0.016000
v -0.102714 0.033374 0.004000
v -0.102714 0.033374 0.016000
v -0.063481 0.087374 0.004000
v -0.063481 0.087374 0.016000
v 0.000000 0.108000 0.004000
v 0.000000 0.108000 0.016000
v 0.063481 0.087374 0.004000
v 0.063481 0.087374 0.016000
v 0.102714 0.033374 0.004000
v 0.102714 0.033374 0.016000
v 0.102714 -0.033374 0.004000
v 0.102714 -0.033374 0.016000
v 0.063481 -0.087374 0.004000
v 0.063481 -0.087374 0.016000
v 0.000369 -0.006995 0.026334
v -0.107631 -0.066995 0.254334
v -0.006102 -0.001810 0.024633
v -0.114102 -0.061810 0.252633
v -0.004140 0.005876 0.027585
v -0.112140 -0.054124 0.255585
v 0.003543 0.005442 0.031110
v -0.104457 -0.054558 0.259110
v 0.006330 -0.002513 0.030337
v -0.101670 -0.062513 0.258337
v -0.000488 -0.006827 0.025765
v 0.101512 -0.084827 0.241765
v -0.006392 -0.002574 0.030089
v 0.095608 -0.080574 0.246089
v -0.003462 0.005236 0.031526
v 0.098538 -0.072764 0.247526
v 0.004252 0.005810 0.028090
v 0.106252 -0.072190 0.244090
v 0.006090 -0.001646 0.024530
v 0.108090 -0.079646 0.240530
v -0.000568 -0.006670 0.030652
v -0.090568 0.077330 0.222652
v -0.006444 -0.002601 0.026117
v -0.096444 0.081399 0.218117
v -0.003415 0.005062 0.024185
v -0.093415 0.089062 0.216185
v 0.004334 0.005730 0.027525
v -0.085666 0.089730 0.219525
v 0.006093 -0.001521 0.031521
v -0.083907 0.082479 0.223522
v 0.000458 -0.006959 0.029791
v 0.114458 0.053041 0.233791
v -0.005878 -0.001714 0.031789
v 0.108122 0.058286 0.235789
v -0.004091 0.005899 0.028551
v 0.109909 0.065899 0.232551
v 0.003349 0.005360 0.024552
v 0.117349 0.065360 0.228552
v 0.006161 -0.002586 0.025318
v 0.120161 0.057414 0.229318
v 0.000173 -0.006507 0.024922
v -0.029827 -0.126507 0.276922
v -0.006753 -0.001846 0.026317
v -0.036753 -0.121846 0.278317
v -0.004347 0.005366 0.030038
v -0.034347 -0.114634 0.282038
v 0.004066 0.005162 0.030942
v -0.025934 -0.114838 0.282942
v 0.006860 -0.002176 0.027781
v -0.023140 -0.122176 0.279781
v -0.000242 -0.006578 0.030918
v -0.042242 0.101422 0.270918
v -0.006833 -0.002263 0.027822
v -0.048833 0.105737 0.267822
v -0.003981 0.005179 0.024973
v -0.045981 0.113179 0.264973
v 0.004372 0.005464 0.026306
v -0.037628 0.113464 0.266306
v 0.006683 -0.001803 0.029981
v -0.035317 0.106197 0.269981
v -0.000134 -0.007187 0.028418
v -0.120134 0.004813 0.196418
v -0.005617 -0.002348 0.024156
v -0.125617 0.009652 0.192156
v -0.003338 0.005735 0.025206
v -0.123338 0.017735 0.193206
v 0.003554 0.005893 0.030118
v -0.116446 0.017893 0.198118
v 0.005534 -0.002094 0.032103
v -0.114466 0.009906 0.200103
v -0.000124 -0.007188 0.027607
v 0.125876 -0.019188 0.207607
v -0.005651 -0.002339 0.031800
v 0.120349 -0.014339 0.211800
v -0.003369 0.005743 0.030741
v 0.122631 -0.006257 0.210741
v 0.003569 0.005888 0.025894
v 0.129569 -0.006112 0.205894
v 0.005574 -0.002104 0.023958
v 0.131574 -0.014104 0.203958
v 0.002106 -0.006051 0.024716
v -0.129894 -0.078051 0.072716
v -0.002524 0.000133 0.021258
v -0.134524 -0.071867 0.069258
v -0.003666 0.006133 0.027118
v -0.135666 -0.065867 0.075118
v 0.000258 0.003657 0.034197
v -0.131742 -0.068343 0.082196
v 0.003826 -0.003873 0.032712
v -0.128174 -0.075873 0.080712
v -0.002634 -0.005318 0.023924
v 0.123366 -0.095318 0.059924
v -0.004154 -0.004149 0.032168
v 0.121846 -0.094149 0.068168
v 0.000067 0.002754 0.034652
v 0.126067 -0.087246 0.070652
v 0.004195 0.005851 0.027943
v 0.130195 -0.084149 0.063943
v 0.002526 0.000862 0.021313
v 0.128526 -0.089138 0.057313
v -0.003021 -0.004001 0.033167
v -0.105021 0.103999 0.057167
v -0.005068 -0.004110 0.024955
v -0.107068 0.103890 0.048955
v -0.000111 0.001462 0.020951
v -0.102111 0.109462 0.044951
v 0.004999 0.005013 0.026688
v -0.097001 0.113013 0.050688
v 0.003201 0.001637 0.034238
v -0.098799 0.109637 0.058238
v 0.002586 -0.005131 0.032339
v 0.122586 0.090869 0.074339
v -0.002974 0.000874 0.034499
v 0.117026 0.096874 0.076499
v -0.004424 0.005671 0.027678
v 0.115576 0.101671 0.069678
v 0.000240 0.002631 0.021302
v 0.120240 0.098631 0.063302
v 0.004572 -0.004045 0.024183
v 0.124572 0.091955 0.066183
v 0.001675 -0.003514 0.021943
v -0.058325 -0.135514 0.081943
v -0.005606 0.000507 0.023510
v -0.065606 -0.131493 0.083510
v -0.005140 0.003828 0.031282
v -0.065140 -0.128172 0.091282
v 0.002429 0.001859 0.034518
v -0.057571 -0.130141 0.094518
v 0.006641 -0.002679 0.028747
v -0.053359 -0.134679 0.088747
v -0.001483 -0.003123 0.034316
v -0.049483 0.128877 0.088316
v -0.006793 -0.002375 0.027767
v -0.054793 0.129625 0.081767
v -0.002716 0.001655 0.021540
v -0.050716 0.133655 0.075540
v 0.005115 0.003398 0.024240
v -0.042885 0.135398 0.078240
v 0.005877 0.000445 0.032136
v -0.042123 0.132445 0.086136
v 0.000000 -0.013200 0.004000
v 0.000000 -0.013200 0.040000
v -0.012554 -0.004079 0.004000
v -0.012554 -0.004079 0.040000
v -0.007759 0.010679 0.004000
v -0.007759 0.010679 0.040000
v 0.007759 0.010679 0.004000
v 0.007759 0.010679 0.040000
v 0.012554 -0.004079 0.004000
v 0.012554 -0.004079 0.040000
v -0.098384 -0.043414 0.247995
v -0.100554 -0.059528 0.210355
v -0.118215 -0.040235 0.258699
v -0.109434 -0.030347 0.293898
v -0.086346 -0.043529 0.267308
v -0.080858 -0.061564 0.215676
v -0.112944 -0.056420 0.232996
v -0.118432 -0.038385 0.284628
v -0.098737 -0.040421 0.289949
v -0.081076 -0.059714 0.241605
v -0.089856 -0.069602 0.206406
v -0.100906 -0.056535 0.252309
v -0.119579 -0.047825 0.253266
v -0.129504 -0.086177 0.242698
v -0.136680 -0.034681 0.260525
v -0.120693 -0.003155 0.273348
v -0.103637 -0.035169 0.263445
v -0.109083 -0.086479 0.244502
v -0.136753 -0.065210 0.256249
v -0.131307 -0.013900 0.275191
v -0.110886 -0.014202 0.276996
v -0.103710 -0.065698 0.259169
v -0.119697 -0.097224 0.246346
v -0.120812 -0.052554 0.266428
v -0.121298 -0.061776 0.275822
v -0.114322 -0.094664 0.252352
v -0.128269 -0.043019 0.264982
v -0.137755 -0.018519 0.291882
v -0.129670 -0.055023 0.295877
v -0.115188 -0.102082 0.271446
v -0.126468 -0.071732 0.253908
v -0.140950 -0.024673 0.278338
v -0.141816 -0.032091 0.297433
v -0.127869 -0.083736 0.284803
v -0.118383 -0.108236 0.257903
v -0.134840 -0.064979 0.273963
v -0.111642 -0.054588 0.288706
v -0.135575 -0.070504 0.259467
v -0.090036 -0.050488 0.282849
v -0.074993 -0.031542 0.311635
v -0.111236 -0.039850 0.306043
v -0.148678 -0.063930 0.273802
v -0.113718 -0.057296 0.264325
v -0.076277 -0.033216 0.296567
v -0.089379 -0.026641 0.310901
v -0.134918 -0.046658 0.287519
v -0.149961 -0.065604 0.258733
v -0.113312 -0.042558 0.281662
v -0.133291 -0.046221 0.236532
v -0.140460 -0.059190 0.198302
v -0.150924 -0.047107 0.250893
v -0.136949 -0.039023 0.284851
v -0.117848 -0.046108 0.253248
v -0.120018 -0.058572 0.199758
v -0.148548 -0.060007 0.222995
v -0.146378 -0.047543 0.276485
v -0.125936 -0.046926 0.277940
v -0.115472 -0.059008 0.225350
v -0.129447 -0.067093 0.191391
v -0.133105 -0.059895 0.239711
v -0.121760 -0.023839 0.273185
v -0.107109 -0.051906 0.247134
v -0.108290 -0.005958 0.277277
v -0.129020 0.018159 0.297339
v -0.140651 -0.012885 0.279595
v -0.127109 -0.056187 0.248567
v -0.105314 -0.027254 0.255187
v -0.118856 0.016049 0.286215
v -0.138855 0.011767 0.287648
v -0.137674 -0.034181 0.257505
v -0.116944 -0.058298 0.237443
v -0.124204 -0.016300 0.261597
v -0.126689 -0.033612 0.289629
v -0.134743 -0.033466 0.249427
v -0.104897 -0.030680 0.295499
v -0.104771 -0.026628 0.332882
v -0.134539 -0.026911 0.309912
v -0.153063 -0.031136 0.258334
v -0.117803 -0.026393 0.267834
v -0.099280 -0.022167 0.319411
v -0.117600 -0.019837 0.328318
v -0.147445 -0.022623 0.282246
v -0.147572 -0.026675 0.244864
v -0.125654 -0.019692 0.288117
v -0.107220 -0.086301 0.232107
v -0.139711 -0.109156 0.221956
v -0.108266 -0.064293 0.226404
v -0.078525 -0.048026 0.242674
v -0.091590 -0.082836 0.248282
v -0.129404 -0.120616 0.235478
v -0.131097 -0.085007 0.226250
v -0.093283 -0.047227 0.239055
v -0.082976 -0.058687 0.252576
v -0.114421 -0.103550 0.248128
v -0.144162 -0.119817 0.231858
v -0.115467 -0.081543 0.242426
v 0.118613 -0.052771 0.239360
v 0.150636 -0.069924 0.220349
v 0.099214 -0.064667 0.239041
v 0.075645 -0.046527 0.262049
v 0.112502 -0.040573 0.257575
v 0.158848 -0.055033 0.231804
v 0.127459 -0.074281 0.231289
v 0.081113 -0.059821 0.257060
v 0.089326 -0.044931 0.268515
v 0.140747 -0.050188 0.249823
v 0.164316 -0.068328 0.226815
v 0.121348 -0.062084 0.249504
v 0.128935 -0.050912 0.235772
v 0.119338 -0.085417 0.215811
v 0.143191 -0.036769 0.225064
v 0.143928 -0.005341 0.245695
v 0.120529 -0.034567 0.249192
v 0.105332 -0.084056 0.230723
v 0.128400 -0.061171 0.213398
v 0.143597 -0.011682 0.231867
v 0.129591 -0.010321 0.246779
v 0.105738 -0.058969 0.237526
v 0.105002 -0.090397 0.216896
v 0.119995 -0.044826 0.226819
v 0.069848 -0.073379 0.257699
v 0.070831 -0.071103 0.216773
v 0.058988 -0.056497 0.268422
v 0.057077 -0.066799 0.304534
v 0.067740 -0.087770 0.275203
v 0.076241 -0.090430 0.220963
v 0.058668 -0.063115 0.238315
v 0.050168 -0.060455 0.292554
v 0.055577 -0.079782 0.296745
v 0.067421 -0.094388 0.245095
v 0.069331 -0.084086 0.208983
v 0.056560 -0.077506 0.255819
v 0.099683 -0.085812 0.236395
v 0.133089 -0.101754 0.218760
v 0.080024 -0.096426 0.232060
v 0.054558 -0.080571 0.254731
v 0.091886 -0.076101 0.255443
v 0.140420 -0.089193 0.233211
v 0.108610 -0.106365 0.226197
v 0.060075 -0.093273 0.248428
v 0.067407 -0.080712 0.262880
v 0.120472 -0.086040 0.249580
v 0.145938 -0.101895 0.226909
v 0.100813 -0.096653 0.245245
v 0.090896 -0.058958 0.262956
v 0.084378 -0.054992 0.222672
v 0.084063 -0.041589 0.275977
v 0.087936 -0.053232 0.311520
v 0.090645 -0.073831 0.280180
v 0.088446 -0.074919 0.225269
v 0.077389 -0.046815 0.246338
v 0.079588 -0.045727 0.301249
v 0.083656 -0.065654 0.303846
v 0.083971 -0.079058 0.250541
v 0.080098 -0.067414 0.214998
v 0.077137 -0.061688 0.263561
v 0.102125 -0.094172 0.254159
v 0.118100 -0.109816 0.219792
v 0.081775 -0.102267 0.260346
v 0.075072 -0.088182 0.294560
v 0.107255 -0.087027 0.275149
v 0.133848 -0.100397 0.228940
v 0.100920 -0.113495 0.238952
v 0.074327 -0.100124 0.285161
v 0.090074 -0.090705 0.294309
v 0.126400 -0.098255 0.253754
v 0.133103 -0.112340 0.219541
v 0.106050 -0.106349 0.259941
v 0.120119 -0.097477 0.286045
v 0.082372 -0.099494 0.270165
v 0.136744 -0.091578 0.271667
v 0.167373 -0.086509 0.292881
v 0.131930 -0.091292 0.304489
v 0.079397 -0.099317 0.290450
v 0.106297 -0.089772 0.267186
v 0.158830 -0.081748 0.281225
v 0.155855 -0.081571 0.301510
v 0.101483 -0.089487 0.300008
v 0.070854 -0.094556 0.278794
v 0.118108 -0.083588 0.285630
v 0.078802 -0.104699 0.270586
v 0.059022 -0.138218 0.257688
v 0.077558 -0.086476 0.257010
v 0.092918 -0.058147 0.276386
v 0.083876 -0.092382 0.289038
v 0.062927 -0.141868 0.277482
v 0.060914 -0.112381 0.255516
v 0.081863 -0.062896 0.267072
v 0.085767 -0.066546 0.286867
v 0.067232 -0.118288 0.287544
v 0.051871 -0.146616 0.268168
v 0.065988 -0.100064 0.273968
v -0.121853 0.086646 0.266449
v -0.090817 0.061261 0.257881
v -0.121326 0.106950 0.256182
v -0.154366 0.123196 0.263815
v -0.144276 0.087547 0.270231
v -0.105001 0.049269 0.266564
v -0.104149 0.082121 0.249951
v -0.143425 0.120399 0.253619
v -0.157609 0.108407 0.262302
v -0.127099 0.062718 0.264000
v -0.094059 0.046472 0.256367
v -0.126573 0.083022 0.253733
v -0.069522 0.113616 0.216573
v -0.076183 0.077211 0.198927
v -0.062381 0.130274 0.202808
v -0.063109 0.161695 0.223449
v -0.077362 0.128051 0.232324
v -0.085442 0.075837 0.217168
v -0.073888 0.102790 0.194897
v -0.065808 0.155004 0.210053
v -0.075067 0.153630 0.228294
v -0.088869 0.100567 0.224413
v -0.088141 0.069146 0.203772
v -0.081728 0.117225 0.210648
v -0.034528 0.066489 0.250450
v -0.060421 0.061780 0.219011
v -0.027254 0.087697 0.254359
v -0.008414 0.086281 0.286869
v -0.029939 0.059489 0.271613
v -0.062081 0.044347 0.229675
v -0.050311 0.078661 0.236000
v -0.018169 0.093804 0.277938
v -0.019829 0.076371 0.288602
v -0.052996 0.050454 0.253254
v -0.071836 0.051869 0.220744
v -0.045722 0.071661 0.257163
v -0.130639 0.102577 0.217408
v -0.142533 0.095461 0.178821
v -0.109225 0.109788 0.220131
v -0.106111 0.119317 0.256372
v -0.137495 0.110879 0.237458
v -0.160005 0.096135 0.189529
v -0.125357 0.107802 0.193937
v -0.102847 0.122545 0.241865
v -0.120319 0.123220 0.252574
v -0.153627 0.108893 0.211263
v -0.156741 0.099364 0.175023
v -0.132213 0.116103 0.213987
v -0.086773 0.114879 0.248058
v -0.109958 0.082771 0.237448
v -0.080790 0.128936 0.231190
v -0.064434 0.158478 0.247732
v -0.083494 0.130569 0.264214
v -0.111629 0.083779 0.257858
v -0.101948 0.106525 0.230565
v -0.073813 0.153314 0.236921
v -0.075485 0.154323 0.257331
v -0.104653 0.108157 0.263589
v -0.121008 0.078616 0.247047
v -0.098670 0.122214 0.246721
v -0.142768 0.073779 0.259363
v -0.172038 0.061384 0.233465
v -0.122034 0.065023 0.255994
v -0.099058 0.083813 0.279079
v -0.134864 0.091786 0.270817
v -0.179967 0.077924 0.242626
v -0.146418 0.063757 0.237175
v -0.101314 0.077619 0.265366
v -0.109243 0.094160 0.274526
v -0.159247 0.090520 0.251997
v -0.182223 0.071731 0.228912
v -0.138513 0.081764 0.248628
v -0.122527 0.125054 0.201346
v -0.097601 0.095808 0.187048
v -0.137929 0.133154 0.186680
v -0.160614 0.155376 0.206815
v -0.134306 0.131763 0.219627
v -0.095361 0.094949 0.207410
v -0.120282 0.108056 0.183679
v -0.159227 0.144870 0.195896
v -0.156987 0.144011 0.216258
v -0.116659 0.106665 0.216627
v -0.093973 0.084443 0.196492
v -0.132061 0.114765 0.201960
v -0.088615 0.107519 0.228369
v -0.060213 0.093057 0.202577
v -0.108136 0.114434 0.218934
v -0.131460 0.121509 0.247566
v -0.097950 0.104504 0.248904
v -0.053918 0.086920 0.221099
v -0.085505 0.098109 0.205833
v -0.129537 0.115693 0.233638
v -0.123242 0.109556 0.252161
v -0.075319 0.088179 0.235803
v -0.051995 0.081104 0.207171
v -0.094840 0.095094 0.226368
v 0.136074 0.046162 0.248005
v 0.120120 0.015480 0.225979
v 0.153359 0.057449 0.238427
v 0.159985 0.086979 0.260741
v 0.130840 0.063259 0.262084
v 0.106202 0.019071 0.240600
v 0.134172 0.037333 0.225103
v 0.158809 0.081522 0.246587
v 0.144891 0.085113 0.261208
v 0.111652 0.043144 0.248760
v 0.105027 0.013614 0.226446
v 0.128938 0.054430 0.239182
v 0.079215 0.055816 0.237295
v 0.049045 0.034446 0.219569
v 0.090985 0.069737 0.223672
v 0.113228 0.089901 0.246311
v 0.085034 0.067071 0.256200
v 0.045368 0.032798 0.239672
v 0.064412 0.055324 0.217629
v 0.104079 0.089597 0.234157
v 0.100401 0.087949 0.254260
v 0.058462 0.052658 0.250157
v 0.036219 0.032494 0.227518
v 0.070232 0.066579 0.236534
v 0.137158 0.031115 0.217815
v 0.143215 -0.008654 0.209889
v 0.116843 0.039528 0.211948
v 0.115594 0.074293 0.226220
v 0.141196 0.047597 0.232981
v 0.158267 -0.003667 0.222888
v 0.125395 0.009946 0.213395
v 0.108324 0.061209 0.223488
v 0.123375 0.066196 0.236486
v 0.149748 0.018015 0.234427
v 0.150997 -0.016751 0.220156
v 0.129432 0.026427 0.228560
v 0.107471 0.013351 0.258362
v 0.117011 -0.024342 0.245350
v 0.085691 0.016802 0.263988
v 0.084415 0.050930 0.279721
v 0.114948 0.030877 0.270806
v 0.135093 -0.015644 0.249564
v 0.099852 -0.010058 0.258666
v 0.079707 0.036463 0.279908
v 0.097789 0.045161 0.284122
v 0.129109 0.004017 0.265484
v 0.130385 -0.030111 0.249751
v 0.107329 0.007469 0.271110
v 0.115194 0.047564 0.270889
v 0.131219 0.032751 0.236178
v 0.097474 0.061650 0.268540
v 0.084317 0.067508 0.303274
v 0.109930 0.042229 0.292377
v 0.138917 0.020748 0.250910
v 0.110245 0.043540 0.247111
v 0.081259 0.065021 0.288578
v 0.088957 0.053018 0.303310
v 0.122702 0.024118 0.270948
v 0.135859 0.018260 0.236214
v 0.104982 0.038205 0.268599
v 0.113847 0.078924 0.213211
v 0.105258 0.054264 0.181600
v 0.108741 0.100928 0.210438
v 0.113997 0.117017 0.244015
v 0.113764 0.080296 0.235927
v 0.108363 0.041514 0.197353
v 0.100100 0.077117 0.192868
v 0.105501 0.115899 0.231442
v 0.108606 0.103148 0.247195
v 0.105123 0.056485 0.218357
v 0.099866 0.040396 0.184780
v 0.100016 0.078489 0.215584
v 0.123062 0.102360 0.267561
v 0.097903 0.079464 0.244673
v 0.114472 0.121926 0.275392
v 0.140024 0.135495 0.299410
v 0.139246 0.101419 0.283534
v 0.113214 0.066790 0.249705
v 0.099316 0.098449 0.262376
v 0.125347 0.133077 0.296205
v 0.140658 0.120403 0.301237
v 0.124089 0.077941 0.270518
v 0.098537 0.064372 0.246500
v 0.115499 0.097507 0.278349
v 0.105276 0.073234 0.219664
v 0.084853 0.057321 0.187872
v 0.114125 0.093966 0.216534
v 0.126766 0.104946 0.250202
v 0.105306 0.075085 0.242347
v 0.079403 0.045652 0.203825
v 0.093720 0.079198 0.198761
v 0.119623 0.108632 0.237282
v 0.114173 0.096963 0.253235
v 0.084901 0.060317 0.224574
v 0.072260 0.049338 0.190906
v 0.093750 0.081050 0.221443
v -0.034374 -0.174468 0.289378
v -0.052590 -0.185142 0.254231
v -0.014682 -0.184884 0.294031
v -0.000692 -0.167411 0.324245
v -0.029956 -0.156871 0.303117
v -0.062030 -0.167830 0.259846
v -0.030167 -0.184683 0.267376
v 0.001907 -0.173725 0.310647
v -0.007533 -0.156412 0.316262
v -0.045442 -0.156670 0.276462
v -0.059431 -0.174143 0.246248
v -0.025750 -0.167086 0.281116
v -0.082064 -0.124496 0.321562
v -0.080429 -0.134043 0.281722
v -0.064988 -0.132268 0.334444
v -0.069363 -0.116156 0.368136
v -0.087508 -0.107973 0.336235
v -0.094347 -0.119028 0.282829
v -0.066717 -0.131602 0.303673
v -0.059878 -0.120547 0.357079
v -0.073797 -0.105533 0.358186
v -0.089237 -0.107308 0.305463
v -0.084862 -0.123420 0.271771
v -0.072161 -0.115079 0.318345
v -0.012914 -0.120427 0.276755
v 0.020351 -0.132764 0.256204
v -0.025746 -0.136870 0.285860
v -0.051202 -0.119370 0.307298
v -0.020837 -0.104448 0.290891
v 0.023384 -0.112726 0.259314
v 0.002622 -0.139332 0.274046
v -0.041600 -0.131054 0.305624
v -0.038567 -0.111016 0.308733
v 0.007530 -0.106910 0.279078
v 0.032986 -0.124410 0.257640
v -0.005302 -0.123353 0.288183
v -0.027294 -0.157887 0.285918
v -0.033739 -0.164018 0.245894
v -0.043556 -0.165395 0.299958
v -0.029692 -0.161621 0.334706
v -0.011308 -0.157911 0.302116
v -0.013809 -0.159393 0.247227
v -0.040121 -0.171541 0.269945
v -0.037620 -0.170059 0.324834
v -0.017690 -0.165434 0.326168
v -0.007873 -0.164058 0.272103
v -0.021737 -0.167832 0.237355
v -0.024135 -0.171565 0.286143
v 0.014044 -0.100084 0.266011
v 0.004124 -0.098509 0.226259
v -0.001448 -0.091914 0.280543
v 0.011003 -0.100765 0.314901
v 0.024269 -0.112830 0.281851
v 0.020018 -0.111435 0.227068
v -0.005049 -0.098216 0.250582
v -0.000797 -0.099610 0.305365
v 0.015097 -0.112537 0.306174
v 0.020669 -0.119132 0.251891
v 0.008218 -0.110281 0.217532
v 0.005177 -0.110962 0.266422
v 0.016089 -0.103142 0.261065
v 0.033566 -0.113052 0.225323
v -0.003975 -0.092475 0.259798
v -0.016990 -0.090828 0.295037
v 0.012507 -0.110387 0.282339
v 0.043753 -0.124121 0.239255
v 0.011289 -0.106862 0.237206
v -0.019956 -0.093127 0.280291
v -0.009770 -0.104197 0.294222
v 0.027771 -0.124773 0.259748
v 0.040786 -0.126420 0.224509
v 0.007707 -0.114106 0.258481
v -0.057928 -0.157705 0.257808
v -0.055779 -0.181648 0.224593
v -0.078721 -0.154374 0.266439
v -0.073564 -0.136317 0.299015
v -0.047435 -0.152432 0.277302
v -0.036444 -0.180448 0.231307
v -0.070088 -0.175058 0.245273
v -0.081079 -0.147042 0.291268
v -0.061743 -0.145841 0.297981
v -0.038802 -0.173115 0.256136
v -0.043959 -0.191172 0.223560
v -0.059595 -0.169784 0.264767
v -0.028497 -0.131408 0.311772
v -0.030529 -0.153671 0.277402
v -0.047945 -0.121805 0.318663
v -0.040841 -0.107453 0.352683
v -0.019034 -0.130449 0.332447
v -0.012661 -0.159012 0.285921
v -0.044129 -0.143475 0.297071
v -0.050502 -0.114911 0.343597
v -0.032634 -0.120253 0.352116
v -0.015218 -0.152118 0.310855
v -0.022322 -0.166470 0.276835
v -0.034666 -0.142515 0.317746
v -0.007614 0.089465 0.285026
v 0.021965 0.067546 0.266979
v -0.006011 0.112074 0.282973
v -0.038093 0.125960 0.296822
v -0.029944 0.090013 0.289386
v 0.007174 0.053912 0.270942
v 0.009767 0.090494 0.267621
v -0.027350 0.126595 0.286065
v -0.042142 0.112961 0.290028
v -0.014166 0.068433 0.274034
v 0.017916 0.054547 0.260185
v -0.012563 0.091042 0.271982
v -0.041439 0.084871 0.284704
v -0.025215 0.055949 0.260592
v -0.063711 0.088760 0.282101
v -0.073410 0.112055 0.309978
v -0.040908 0.093640 0.305698
v -0.011122 0.058964 0.275176
v -0.047158 0.065259 0.270965
v -0.076945 0.099934 0.301488
v -0.062852 0.102950 0.316071
v -0.024355 0.070138 0.294562
v -0.014656 0.046843 0.266685
v -0.046627 0.074028 0.291959
v -0.070636 0.093677 0.316871
v -0.094714 0.061602 0.308355
v -0.048250 0.090306 0.314547
v -0.032281 0.124103 0.318624
v -0.068877 0.116286 0.314951
v -0.107462 0.077658 0.308605
v -0.071239 0.072204 0.304845
v -0.032654 0.110832 0.311191
v -0.045402 0.126888 0.311441
v -0.091866 0.098184 0.305249
v -0.107835 0.064387 0.301172
v -0.069479 0.094813 0.302925
v -0.039028 0.053049 0.307590
v -0.060675 0.032155 0.279735
v -0.016581 0.049301 0.307716
v -0.002048 0.074673 0.331357
v -0.037161 0.073207 0.317987
v -0.073395 0.046930 0.286083
v -0.037074 0.040865 0.286287
v -0.000841 0.067143 0.318191
v -0.013560 0.081918 0.324539
v -0.057655 0.064772 0.296558
v -0.072188 0.039400 0.272917
v -0.035208 0.061024 0.296684
v -0.068862 0.143499 0.287998
v -0.085371 0.133003 0.251966
v -0.056770 0.127373 0.298565
v -0.040300 0.144357 0.327791
v -0.058723 0.160483 0.299253
v -0.086578 0.153466 0.252391
v -0.067012 0.127373 0.269489
v -0.039157 0.134391 0.316351
v -0.040364 0.154854 0.316776
v -0.068965 0.160484 0.270177
v -0.085435 0.143500 0.240951
v -0.056873 0.144357 0.280743
v -0.052931 0.128658 0.294522
v -0.084616 0.106665 0.280613
v -0.032256 0.119878 0.290864
v -0.007800 0.146573 0.301023
v -0.045047 0.149857 0.297050
v -0.092521 0.125193 0.284436
v -0.059067 0.110987 0.278518
v -0.011593 0.135651 0.291131
v -0.019498 0.154179 0.294954
v -0.071858 0.140965 0.284703
v -0.096313 0.114271 0.274545
v -0.051183 0.132185 0.281045
v -0.067243 0.079496 0.262949
v -0.073121 0.075568 0.222562
v -0.048753 0.091142 0.269305
v -0.051710 0.095629 0.306520
v -0.077906 0.082826 0.282777
v -0.091138 0.070428 0.230889
v -0.061220 0.089273 0.241173
v -0.047987 0.101671 0.293061
v -0.066005 0.096532 0.301388
v -0.090373 0.080957 0.254645
v -0.087416 0.076470 0.217430
v -0.071883 0.092603 0.261001
v -0.032306 0.121410 0.277850
v -0.032645 0.112267 0.237883
v -0.016660 0.110715 0.290450
v -0.017976 0.126873 0.324377
v -0.034774 0.138411 0.292777
v -0.043840 0.129384 0.239321
v -0.018525 0.112079 0.259709
v -0.009459 0.121105 0.313165
v -0.020654 0.138222 0.314603
v -0.036638 0.139775 0.262036
v -0.035322 0.123617 0.228109
v -0.020993 0.129079 0.274636
v -0.098685 -0.005316 0.175085
v -0.103865 -0.018485 0.136603
v -0.077943 0.002451 0.180317
v -0.080965 0.017546 0.214623
v -0.108755 0.005939 0.192109
v -0.122908 -0.016329 0.143891
v -0.089347 -0.003762 0.152359
v -0.075194 0.018507 0.200577
v -0.094236 0.020662 0.207865
v -0.120158 -0.000274 0.164151
v -0.117137 -0.015369 0.129845
v -0.099417 0.007493 0.169384
v -0.118759 0.047613 0.193260
v -0.085470 0.023703 0.192143
v -0.138369 0.037266 0.198390
v -0.163636 0.064750 0.202870
v -0.126352 0.068172 0.199391
v -0.078044 0.042804 0.192762
v -0.109774 0.026062 0.201064
v -0.158082 0.051431 0.207693
v -0.150656 0.070532 0.208311
v -0.097758 0.056968 0.202064
v -0.072491 0.029484 0.197585
v -0.117367 0.046621 0.207195
v -0.146482 0.025408 0.228834
v -0.180009 0.012438 0.209116
v -0.129149 0.032201 0.215744
v -0.103971 0.047474 0.239125
v -0.139271 0.037150 0.246947
v -0.186264 0.015497 0.228400
v -0.158218 0.026488 0.207220
v -0.111225 0.048141 0.225766
v -0.117481 0.051200 0.245050
v -0.168340 0.031437 0.238423
v -0.193518 0.016164 0.215042
v -0.151007 0.038229 0.225332
v -0.105327 -0.040660 0.225549
v -0.099446 -0.045769 0.185295
v -0.087013 -0.043384 0.238783
v -0.097493 -0.032500 0.273215
v -0.116403 -0.028157 0.241006
v -0.117610 -0.036357 0.186669
v -0.087978 -0.040765 0.208082
v -0.086771 -0.032564 0.262419
v -0.104935 -0.023153 0.263793
v -0.117368 -0.025537 0.210305
v -0.106888 -0.036422 0.175873
v -0.099054 -0.028261 0.223539
v -0.116280 -0.007024 0.228756
v -0.098527 -0.029439 0.199371
v -0.109750 0.014736 0.230093
v -0.132876 0.030907 0.254943
v -0.135946 -0.003274 0.239578
v -0.114717 -0.040569 0.205233
v -0.104151 -0.005361 0.207397
v -0.125380 0.031935 0.241742
v -0.141570 0.020804 0.247604
v -0.130347 -0.023371 0.216882
v -0.107220 -0.039542 0.192032
v -0.123817 -0.001611 0.218219
v -0.142390 -0.032094 0.231114
v -0.132125 -0.025441 0.191981
v -0.145141 -0.013571 0.244047
v -0.159264 -0.025811 0.276675
v -0.154976 -0.045246 0.244773
v -0.138204 -0.045017 0.192429
v -0.142655 -0.015046 0.213355
v -0.159427 -0.015275 0.265699
v -0.165506 -0.034851 0.266147
v -0.152490 -0.046721 0.214081
v -0.138367 -0.034481 0.181453
v -0.155241 -0.028198 0.227014
v -0.155849 0.004015 0.196020
v -0.146256 0.009729 0.156568
v -0.160069 0.022811 0.208136
v -0.173066 0.010931 0.241359
v -0.167286 -0.009495 0.210323
v -0.150717 -0.010238 0.157920
v -0.157546 0.020176 0.177525
v -0.174115 0.020918 0.229929
v -0.178576 0.000952 0.231280
v -0.164764 -0.012131 0.179712
v -0.151766 -0.000250 0.146489
v -0.168984 0.006666 0.191829
v -0.133496 0.038435 0.222647
v -0.130874 0.025050 0.183980
v -0.145142 0.025225 0.237062
v -0.139609 0.039913 0.271231
v -0.121921 0.048815 0.239266
v -0.116523 0.039630 0.185343
v -0.135367 0.018256 0.208668
v -0.140765 0.027442 0.262591
v -0.126414 0.042021 0.263953
v -0.112146 0.041846 0.210872
v -0.117679 0.027159 0.176703
v -0.123793 0.028637 0.225287
v 0.124678 -0.059434 0.213106
v 0.113722 -0.056940 0.173674
v 0.128077 -0.039655 0.223838
v 0.132649 -0.048306 0.260144
v 0.121120 -0.070937 0.232417
v 0.109422 -0.076273 0.178977
v 0.114923 -0.044271 0.196343
v 0.126620 -0.038935 0.249783
v 0.122320 -0.058268 0.255086
v 0.107966 -0.075553 0.204922
v 0.103393 -0.066902 0.168616
v 0.111365 -0.055774 0.215654
v 0.104259 -0.021743 0.205998
v 0.113851 -0.022300 0.166138
v 0.121775 -0.021796 0.220528
v 0.106906 -0.016052 0.254583
v 0.089794 -0.013005 0.221241
v 0.094086 -0.016866 0.166579
v 0.122427 -0.016953 0.190090
v 0.118135 -0.013092 0.244752
v 0.098370 -0.007659 0.245192
v 0.090446 -0.008162 0.190803
v 0.105315 -0.013906 0.156747
v 0.107962 -0.008216 0.205333
v 0.145872 0.003547 0.248832
v 0.151288 0.008479 0.208490
v 0.162268 0.011872 0.262241
v 0.149268 0.008958 0.297403
v 0.130253 0.003763 0.265382
v 0.131502 0.003467 0.210432
v 0.158031 0.016937 0.232129
v 0.156782 0.017233 0.287080
v 0.136996 0.012222 0.289021
v 0.126016 0.008828 0.235271
v 0.139016 0.011743 0.200109
v 0.142411 0.017153 0.248680
v 0.112089 -0.008673 0.242879
v 0.094757 -0.043971 0.231271
v 0.101735 0.010353 0.235898
v 0.119010 0.038597 0.253724
v 0.122707 0.001727 0.260113
v 0.107718 -0.049302 0.246236
v 0.090965 -0.018516 0.234942
v 0.105955 0.032513 0.248819
v 0.118916 0.027182 0.263784
v 0.111937 -0.027142 0.259156
v 0.094663 -0.055386 0.241331
v 0.101584 -0.008116 0.252176
v 0.136231 0.014479 0.224217
v 0.139157 -0.012180 0.193203
v 0.127819 0.034985 0.219052
v 0.122874 0.052640 0.251881
v 0.131157 0.016386 0.246320
v 0.141220 -0.023674 0.210056
v 0.127610 0.009506 0.201700
v 0.117546 0.049566 0.237964
v 0.119609 0.038072 0.254816
v 0.130948 -0.009093 0.228967
v 0.135892 -0.026748 0.196139
v 0.122536 0.011413 0.223803
v 0.131745 -0.056660 0.188640
v 0.152483 -0.067554 0.154990
v 0.133511 -0.034847 0.194884
v 0.108656 -0.030062 0.222690
v 0.112268 -0.059813 0.199981
v 0.139354 -0.082984 0.158140
v 0.142211 -0.047688 0.168243
v 0.115125 -0.024518 0.210084
v 0.101995 -0.039947 0.213234
v 0.120967 -0.072654 0.173340
v 0.145822 -0.077439 0.145533
v 0.122733 -0.050841 0.179583
v 0.132359 0.032434 0.204590
v 0.112223 0.019675 0.171232
v 0.121479 0.047510 0.217716
v 0.142465 0.051211 0.248696
v 0.146178 0.025663 0.221357
v 0.127488 0.006174 0.173482
v 0.109883 0.030567 0.194720
v 0.128574 0.050056 0.242595
v 0.143839 0.036555 0.244846
v 0.134583 0.008720 0.198361
v 0.113597 0.005019 0.167381
v 0.123702 0.023796 0.211487
v 0.150609 -0.055597 0.227860
v 0.132708 -0.083801 0.204087
v 0.143526 -0.034153 0.225045
v 0.159552 -0.014316 0.252677
v 0.158638 -0.051705 0.248796
v 0.142048 -0.094649 0.218766
v 0.130588 -0.059951 0.214211
v 0.147178 -0.017008 0.244242
v 0.156517 -0.027856 0.258921
v 0.145700 -0.077504 0.237962
v 0.129674 -0.097341 0.210330
v 0.138617 -0.056060 0.235148
v -0.107172 -0.080989 0.060239
v -0.115285 -0.079871 0.020064
v -0.122547 -0.071177 0.073849
v -0.112273 -0.079911 0.108950
v -0.098662 -0.094003 0.076856
v -0.100524 -0.093979 0.021922
v -0.125401 -0.078102 0.043946
v -0.123539 -0.078126 0.098880
v -0.108778 -0.092234 0.100738
v -0.101516 -0.100929 0.046953
v -0.111790 -0.092195 0.011852
v -0.116891 -0.091116 0.060563
v -0.157568 -0.054602 0.072916
v -0.183883 -0.084152 0.062173
v -0.149254 -0.041923 0.055944
v -0.130272 -0.013925 0.072365
v -0.153170 -0.038851 0.088743
v -0.186303 -0.082253 0.082444
v -0.172850 -0.061738 0.054982
v -0.139717 -0.018336 0.061281
v -0.142137 -0.016437 0.081552
v -0.176766 -0.058666 0.087782
v -0.195748 -0.086664 0.071361
v -0.168452 -0.045987 0.070809
v -0.094385 -0.092661 0.094618
v -0.116360 -0.103756 0.061830
v -0.080790 -0.074608 0.091936
v -0.067619 -0.066469 0.126202
v -0.095049 -0.090587 0.117272
v -0.125173 -0.113631 0.077488
v -0.103175 -0.084421 0.073149
v -0.073051 -0.061377 0.112933
v -0.081864 -0.071253 0.128591
v -0.117434 -0.100401 0.098485
v -0.130605 -0.108539 0.064219
v -0.103839 -0.082348 0.095803
v -0.079332 -0.079384 0.098545
v -0.088232 -0.118773 0.091447
v -0.096329 -0.064558 0.095507
v -0.083629 -0.031577 0.108343
v -0.067683 -0.065408 0.112217
v -0.070528 -0.119298 0.101775
v -0.098030 -0.095309 0.096858
v -0.095185 -0.041420 0.107301
v -0.077480 -0.041945 0.117628
v -0.069383 -0.096159 0.113569
v -0.082084 -0.129141 0.100732
v -0.086381 -0.081334 0.110530
v -0.114597 -0.059242 0.108465
v -0.119823 -0.069661 0.069156
v -0.093517 -0.053152 0.114506
v -0.096270 -0.040033 0.149637
v -0.124278 -0.048435 0.125998
v -0.138835 -0.066746 0.076258
v -0.104727 -0.056892 0.086034
v -0.090171 -0.038581 0.135774
v -0.109182 -0.035666 0.142876
v -0.135489 -0.052175 0.097526
v -0.132735 -0.065294 0.062395
v -0.114409 -0.046085 0.103567
v -0.133987 -0.091062 0.068032
v -0.134653 -0.086423 0.027299
v -0.116348 -0.081653 0.078907
v -0.124029 -0.084770 0.115584
v -0.147080 -0.091467 0.086642
v -0.153646 -0.092489 0.032079
v -0.125106 -0.077265 0.049678
v -0.118540 -0.076244 0.104240
v -0.137533 -0.082309 0.109020
v -0.155837 -0.087080 0.057412
v -0.148157 -0.083962 0.020735
v -0.138199 -0.077671 0.068288
v -0.097052 -0.097788 0.067729
v -0.110080 -0.114171 0.032474
v -0.076873 -0.087285 0.067053
v -0.073020 -0.070254 0.100354
v -0.103846 -0.086615 0.086356
v -0.126750 -0.113757 0.044404
v -0.094101 -0.096763 0.043310
v -0.071197 -0.069620 0.085261
v -0.087867 -0.069207 0.097191
v -0.121073 -0.096093 0.062613
v -0.124926 -0.113124 0.029312
v -0.100895 -0.085590 0.061936
v -0.120882 -0.063772 0.106756
v -0.124599 -0.101280 0.090618
v -0.107270 -0.049354 0.095586
v -0.112045 -0.015875 0.112024
v -0.132325 -0.047110 0.117215
v -0.140083 -0.099893 0.103986
v -0.118058 -0.076564 0.085912
v -0.110300 -0.023781 0.099142
v -0.125784 -0.022394 0.112509
v -0.143113 -0.074320 0.107541
v -0.138338 -0.107799 0.091103
v -0.129501 -0.059902 0.096371
v 0.100701 -0.134480 0.067777
v 0.128984 -0.161156 0.054757
v 0.080928 -0.143395 0.074668
v 0.061607 -0.114988 0.089951
v 0.097722 -0.115193 0.079486
v 0.139363 -0.143727 0.057735
v 0.107369 -0.158152 0.068885
v 0.065729 -0.129619 0.090636
v 0.076107 -0.112189 0.093613
v 0.124163 -0.129950 0.073703
v 0.143484 -0.158357 0.058419
v 0.104390 -0.138866 0.080594
v 0.175580 -0.102954 0.088224
v 0.196928 -0.096110 0.053894
v 0.165717 -0.084761 0.097693
v 0.143844 -0.098081 0.125225
v 0.161538 -0.117663 0.098441
v 0.194345 -0.116445 0.054357
v 0.178386 -0.087008 0.069679
v 0.145579 -0.088226 0.113763
v 0.142996 -0.108560 0.114226
v 0.174207 -0.119910 0.070428
v 0.196079 -0.106589 0.042895
v 0.164344 -0.101717 0.079896
v 0.103668 -0.065259 0.087500
v 0.100051 -0.066258 0.046671
v 0.097078 -0.046003 0.097682
v 0.097899 -0.053086 0.134601
v 0.101380 -0.077719 0.106406
v 0.102710 -0.085860 0.052063
v 0.092046 -0.054702 0.068538
v 0.090716 -0.046561 0.122881
v 0.093375 -0.066163 0.128273
v 0.096349 -0.086418 0.077263
v 0.095527 -0.079335 0.040343
v 0.089758 -0.067162 0.087444
v 0.095345 -0.060182 0.066869
v 0.100959 -0.095866 0.047473
v 0.075100 -0.050224 0.063884
v 0.074262 -0.021243 0.087827
v 0.099603 -0.048975 0.086213
v 0.116103 -0.095094 0.061273
v 0.083346 -0.078982 0.056444
v 0.066846 -0.032862 0.081384
v 0.081990 -0.032090 0.095184
v 0.107849 -0.077732 0.078773
v 0.108687 -0.106714 0.054830
v 0.087604 -0.067775 0.075788
v 0.127152 -0.059164 0.076833
v 0.095583 -0.083331 0.066813
v 0.126514 -0.037932 0.068664
v 0.154878 -0.019665 0.085268
v 0.141477 -0.053776 0.093677
v 0.104831 -0.093123 0.082271
v 0.103799 -0.058769 0.069054
v 0.140445 -0.019422 0.080460
v 0.149692 -0.029214 0.095918
v 0.118761 -0.074613 0.094066
v 0.090397 -0.092880 0.077463
v 0.118123 -0.053382 0.085897
v 0.130588 -0.111644 0.069698
v 0.142596 -0.147953 0.054914
v 0.108133 -0.108612 0.071821
v 0.103839 -0.076171 0.090341
v 0.135649 -0.095463 0.084881
v 0.159602 -0.139826 0.062986
v 0.123268 -0.134920 0.066420
v 0.099315 -0.090557 0.088314
v 0.116321 -0.082430 0.096386
v 0.150784 -0.121771 0.079480
v 0.155078 -0.154212 0.060959
v 0.128329 -0.118739 0.081602
v 0.133730 -0.081734 0.067646
v 0.112414 -0.094820 0.035158
v 0.150490 -0.066949 0.063348
v 0.162536 -0.055015 0.096909
v 0.131904 -0.075511 0.089460
v 0.100927 -0.100111 0.051296
v 0.128045 -0.076189 0.044343
v 0.159022 -0.051589 0.082507
v 0.147535 -0.056880 0.098645
v 0.109459 -0.084751 0.070455
v 0.097413 -0.096685 0.036894
v 0.126219 -0.069966 0.066157
v 0.176615 -0.112448 0.079452
v 0.177320 -0.109393 0.038571
v 0.167006 -0.095114 0.090638
v 0.164796 -0.106014 0.126557
v 0.173744 -0.127029 0.096688
v 0.181484 -0.129117 0.042310
v 0.165936 -0.101070 0.060410
v 0.158196 -0.098982 0.114788
v 0.162360 -0.118707 0.118527
v 0.172674 -0.132985 0.066460
v 0.174884 -0.122085 0.030541
v 0.163065 -0.115651 0.077646
v -0.087503 0.103782 0.052361
v -0.087489 0.108444 0.011626
v -0.103422 0.115369 0.063774
v -0.101594 0.103115 0.099275
v -0.084532 0.088617 0.069068
v -0.075814 0.091910 0.014898
v -0.101572 0.110658 0.033365
v -0.110289 0.107365 0.087535
v -0.098615 0.090831 0.090806
v -0.082682 0.083905 0.038658
v -0.084509 0.096159 0.003157
v -0.098601 0.095493 0.050071
v -0.060456 0.081243 0.066149
v -0.086523 0.060290 0.042432
v -0.044036 0.092692 0.055321
v -0.027025 0.113564 0.081567
v -0.059000 0.094060 0.084898
v -0.095771 0.061136 0.060711
v -0.069203 0.079661 0.043191
v -0.032431 0.112586 0.067378
v -0.041679 0.113431 0.085658
v -0.084167 0.081029 0.072768
v -0.101178 0.060158 0.046522
v -0.067747 0.092478 0.061940
v -0.088828 0.096556 0.053200
v -0.109834 0.082052 0.021114
v -0.067222 0.102473 0.049192
v -0.055242 0.119498 0.080505
v -0.090452 0.109598 0.071779
v -0.124191 0.086455 0.035074
v -0.089230 0.096030 0.028590
v -0.055491 0.119173 0.065295
v -0.069847 0.123576 0.079255
v -0.112460 0.103155 0.051177
v -0.124440 0.086130 0.019864
v -0.090853 0.109072 0.047169
v -0.085236 0.108563 0.063372
v -0.088749 0.073216 0.042893
v -0.103931 0.115817 0.074133
v -0.093099 0.145265 0.094854
v -0.071222 0.120863 0.076419
v -0.068534 0.076335 0.044306
v -0.098783 0.088073 0.061719
v -0.101471 0.132601 0.093832
v -0.081256 0.135720 0.095245
v -0.066074 0.093119 0.064005
v -0.076907 0.063671 0.043284
v -0.084769 0.100373 0.074766
v -0.133934 0.098870 0.036116
v -0.152973 0.064887 0.023317
v -0.133316 0.116180 0.021355
v -0.119477 0.145478 0.040434
v -0.130581 0.112290 0.054187
v -0.151282 0.062483 0.043609
v -0.150282 0.090493 0.019725
v -0.129581 0.140300 0.030304
v -0.127890 0.137896 0.050595
v -0.147547 0.086603 0.052557
v -0.161386 0.057306 0.033478
v -0.146929 0.103914 0.037796
v -0.106932 0.089860 0.077253
v -0.104161 0.079672 0.037635
v -0.127958 0.090833 0.085909
v -0.123619 0.095420 0.122976
v -0.097141 0.087095 0.097610
v -0.085115 0.077362 0.044866
v -0.119135 0.078936 0.058872
v -0.131160 0.088669 0.111616
v -0.112115 0.086358 0.118848
v -0.088318 0.075198 0.070574
v -0.092657 0.070610 0.033506
v -0.109343 0.076171 0.079229
v -0.095967 0.088626 0.029279
v -0.093435 0.099285 -0.010231
v -0.089879 0.104538 0.044368
v -0.099177 0.090808 0.078115
v -0.108479 0.077068 0.044372
v -0.104930 0.082308 -0.010228
v -0.095080 0.108055 0.014186
v -0.098629 0.102815 0.068786
v -0.110124 0.085838 0.068789
v -0.113680 0.080585 0.014191
v -0.104382 0.094315 -0.019556
v -0.107592 0.096497 0.029279
v -0.076885 0.137371 0.071413
v -0.068675 0.137586 0.031243
v -0.058947 0.139021 0.085322
v -0.073098 0.143452 0.119876
v -0.091572 0.144754 0.087152
v -0.088838 0.141129 0.032374
v -0.059815 0.143800 0.054880
v -0.062548 0.147426 0.109657
v -0.082711 0.150969 0.110788
v -0.092439 0.149533 0.056710
v -0.078289 0.145103 0.022155
v -0.074502 0.151184 0.070618
v 0.103439 0.087220 0.056585
v 0.091736 0.075263 0.019153
v 0.123799 0.097292 0.057985
v 0.126435 0.110314 0.093160
v 0.096001 0.096333 0.076067
v 0.074557 0.074670 0.030328
v 0.107500 0.090967 0.032594
v 0.128945 0.112630 0.078333
v 0.111765 0.112038 0.089509
v 0.079703 0.090009 0.050676
v 0.077066 0.076986 0.015501
v 0.100063 0.100081 0.052076
v 0.134132 0.131045 0.057969
v 0.129236 0.129495 0.017291
v 0.154847 0.136892 0.065359
v 0.151579 0.141521 0.102531
v 0.123948 0.136986 0.077435
v 0.110139 0.129553 0.024754
v 0.143658 0.139014 0.036713
v 0.157466 0.146447 0.089394
v 0.138370 0.146504 0.096857
v 0.112759 0.139108 0.048789
v 0.116027 0.134478 0.011617
v 0.133474 0.144955 0.056179
v 0.096586 0.146712 0.046961
v 0.106838 0.110341 0.031050
v 0.075877 0.148094 0.056296
v 0.074500 0.181574 0.073358
v 0.104609 0.164511 0.058655
v 0.124595 0.120487 0.032508
v 0.091086 0.122724 0.047614
v 0.071101 0.166748 0.073761
v 0.088858 0.176894 0.075219
v 0.119818 0.139141 0.049973
v 0.121196 0.105662 0.032911
v 0.099109 0.140523 0.059308
v 0.091507 0.109647 0.090005
v 0.089131 0.087318 0.055700
v 0.073019 0.109634 0.103277
v 0.083082 0.127231 0.134947
v 0.105412 0.115789 0.106942
v 0.109150 0.091122 0.057964
v 0.079237 0.091102 0.079440
v 0.075499 0.115769 0.128418
v 0.095518 0.119573 0.130682
v 0.111630 0.097257 0.083105
v 0.101568 0.079660 0.051434
v 0.093143 0.097244 0.096377
v 0.085108 0.076093 0.104258
v 0.121762 0.073722 0.086038
v 0.067179 0.078463 0.090443
v 0.036800 0.074853 0.112306
v 0.072610 0.067881 0.121413
v 0.125119 0.067182 0.105178
v 0.096107 0.071016 0.082826
v 0.043598 0.071715 0.099060
v 0.046955 0.065176 0.118200
v 0.101538 0.060435 0.113795
v 0.131917 0.064044 0.091933
v 0.083609 0.062805 0.099981
v 0.121197 0.120681 0.072328
v 0.103959 0.104963 0.038611
v 0.122040 0.143394 0.073502
v 0.133907 0.151464 0.108257
v 0.123160 0.118020 0.094845
v 0.104651 0.089282 0.051801
v 0.106015 0.126031 0.053701
v 0.124523 0.154770 0.096745
v 0.125215 0.139088 0.109935
v 0.107135 0.100658 0.075044
v 0.095268 0.092587 0.040289
v 0.107977 0.123370 0.076218
v 0.098217 0.131462 0.056739
v 0.117874 0.131022 0.020760
v 0.095140 0.151915 0.066234
v 0.072479 0.146270 0.095704
v 0.081208 0.121888 0.068442
v 0.109264 0.112465 0.022125
v 0.104285 0.145558 0.037489
v 0.076229 0.154981 0.083806
v 0.067618 0.136424 0.085171
v 0.090352 0.115531 0.039697
v 0.113014 0.121176 0.010227
v 0.087276 0.135984 0.049192
v 0.130825 0.124205 0.100791
v 0.164344 0.113008 0.080000
v 0.126685 0.146558 0.101850
v 0.092611 0.149983 0.117377
v 0.109211 0.118549 0.105123
v 0.153544 0.095697 0.082023
v 0.146844 0.131866 0.083738
v 0.102511 0.154717 0.106838
v 0.091712 0.137407 0.108861
v 0.129371 0.103856 0.087011
v 0.163445 0.100431 0.071484
v 0.125231 0.126209 0.088070
v -0.024556 -0.120491 0.096999
v 0.005659 -0.131315 0.071485
v -0.038694 -0.104308 0.089504
v -0.066612 -0.102595 0.114634
v -0.039512 -0.128542 0.112145
v 0.005153 -0.146292 0.085478
v -0.017723 -0.120108 0.073351
v -0.062389 -0.102359 0.100018
v -0.062895 -0.117336 0.114011
v -0.018542 -0.144342 0.095992
v 0.009377 -0.146056 0.070862
v -0.032680 -0.128160 0.088497
v -0.064166 -0.113503 0.118418
v -0.064619 -0.141914 0.088859
v -0.083731 -0.102442 0.121994
v -0.078426 -0.081943 0.153067
v -0.056035 -0.108747 0.139135
v -0.047503 -0.145810 0.099453
v -0.079159 -0.127912 0.105240
v -0.087692 -0.090849 0.144923
v -0.070576 -0.094745 0.155516
v -0.051464 -0.134217 0.122381
v -0.056769 -0.154716 0.091308
v -0.071029 -0.123156 0.125957
v -0.049734 -0.136899 0.114582
v -0.026640 -0.167239 0.099507
v -0.072239 -0.140253 0.114127
v -0.087270 -0.111842 0.133640
v -0.050959 -0.121269 0.131078
v -0.013489 -0.155506 0.109983
v -0.049903 -0.160932 0.109247
v -0.087374 -0.126696 0.130342
v -0.074222 -0.114963 0.140819
v -0.028623 -0.141948 0.126199
v -0.013593 -0.170359 0.106686
v -0.051128 -0.145302 0.125743
v -0.032872 -0.167997 0.105741
v 0.004466 -0.183860 0.099798
v -0.050143 -0.179021 0.095835
v -0.081494 -0.162993 0.109028
v -0.046261 -0.157927 0.121144
v 0.006865 -0.170824 0.115440
v -0.021081 -0.188661 0.099412
v -0.074206 -0.175764 0.105116
v -0.071807 -0.162727 0.120758
v -0.017199 -0.167566 0.124721
v 0.014153 -0.183594 0.111529
v -0.034469 -0.178590 0.114815
v -0.089950 -0.155540 0.098623
v -0.081379 -0.162153 0.059077
v -0.090252 -0.133790 0.105316
v -0.103541 -0.134036 0.140490
v -0.102882 -0.162551 0.115989
v -0.089185 -0.179928 0.065673
v -0.089673 -0.144736 0.076503
v -0.103370 -0.127359 0.126819
v -0.111175 -0.145134 0.133415
v -0.102303 -0.173497 0.087176
v -0.089014 -0.173251 0.052002
v -0.102605 -0.151747 0.093869
v -0.008353 -0.133275 0.067634
v -0.025543 -0.139827 0.030992
v -0.012941 -0.113250 0.077426
v 0.001098 -0.115367 0.112244
v -0.002828 -0.143254 0.087328
v -0.019293 -0.158370 0.037112
v -0.026716 -0.125969 0.052955
v -0.010251 -0.110852 0.103171
v -0.004001 -0.129396 0.109291
v -0.016603 -0.155973 0.062857
v -0.030643 -0.153855 0.028040
v -0.021192 -0.135948 0.072649
v -0.025571 -0.118539 0.098408
v -0.034419 -0.121449 0.058479
v -0.022052 -0.097520 0.106393
v -0.019626 -0.100983 0.143756
v -0.030493 -0.127052 0.118932
v -0.039635 -0.139700 0.066229
v -0.033942 -0.105690 0.079149
v -0.024800 -0.093042 0.131853
v -0.030016 -0.111293 0.139603
v -0.042383 -0.135221 0.091689
v -0.044809 -0.131759 0.054326
v -0.038864 -0.114202 0.099673
v -0.050415 -0.111344 0.074367
v -0.089469 -0.114962 0.062417
v -0.042492 -0.090111 0.076445
v -0.008573 -0.093301 0.092357
v -0.034588 -0.120124 0.088164
v -0.084584 -0.133511 0.069659
v -0.071763 -0.099155 0.073022
v -0.021767 -0.085769 0.091526
v -0.016882 -0.104318 0.098768
v -0.063860 -0.129169 0.084740
v -0.097778 -0.125978 0.068828
v -0.055936 -0.107936 0.086818
v -0.004182 0.147560 0.066265
v 0.004920 0.120819 0.036548
v -0.026260 0.149824 0.071300
v -0.027631 0.171327 0.102115
v 0.002703 0.155610 0.086408
v 0.022820 0.124395 0.045885
v -0.012904 0.128057 0.054032
v -0.033021 0.159273 0.094555
v -0.015122 0.162849 0.103892
v 0.016059 0.133844 0.069140
v 0.017430 0.112341 0.038324
v -0.006020 0.136107 0.074175
v -0.078726 0.136651 0.070313
v -0.114481 0.120124 0.058933
v -0.078645 0.159192 0.073448
v -0.045167 0.167364 0.088493
v -0.060315 0.133346 0.083276
v -0.103153 0.104151 0.065007
v -0.103021 0.140623 0.070080
v -0.060183 0.169819 0.088348
v -0.048854 0.153845 0.094423
v -0.084691 0.114777 0.079908
v -0.118168 0.106605 0.064863
v -0.084610 0.137318 0.083043
v -0.048911 0.126015 0.093068
v -0.059006 0.128014 0.053380
v -0.064243 0.134237 0.107741
v -0.051723 0.124978 0.141966
v -0.038748 0.113034 0.108757
v -0.043249 0.114910 0.054008
v -0.068057 0.128213 0.077749
v -0.063555 0.126336 0.132498
v -0.047799 0.113232 0.133126
v -0.042562 0.107010 0.078765
v -0.055082 0.116268 0.044540
v -0.057894 0.115231 0.093437
v -0.035604 0.150178 0.115278
v -0.040146 0.151247 0.074544
v -0.044254 0.167796 0.126798
v -0.041590 0.158615 0.163163
v -0.035835 0.136391 0.133384
v -0.034942 0.131837 0.078614
v -0.048938 0.160345 0.097253
v -0.049831 0.164898 0.152023
v -0.044627 0.145489 0.156093
v -0.040519 0.128939 0.103839
v -0.043183 0.138121 0.067473
v -0.049169 0.146558 0.115358
v -0.016455 0.132975 0.069527
v -0.027578 0.127914 0.030390
v -0.033392 0.134398 0.084661
v -0.017028 0.133718 0.118508
v -0.001100 0.126813 0.085154
v -0.007620 0.123227 0.030694
v -0.035025 0.125530 0.055182
v -0.028505 0.129116 0.109642
v -0.008547 0.124429 0.109946
v -0.002733 0.117945 0.055675
v -0.019097 0.118625 0.021828
v -0.019670 0.119368 0.070809
v -0.057917 0.152063 0.065656
v -0.091996 0.134256 0.051422
v -0.041889 0.156819 0.050215
v -0.015997 0.177284 0.068234
v -0.050103 0.167368 0.080577
v -0.097072 0.140776 0.070186
v -0.071138 0.148472 0.045202
v -0.024169 0.175065 0.055593
v -0.029246 0.181584 0.074357
v -0.079353 0.159022 0.075563
v -0.105244 0.138557 0.057544
v -0.063325 0.163778 0.060123
v -0.024731 0.148121 0.121234
v -0.030437 0.131129 0.084358
v -0.043190 0.149877 0.134429
v -0.030749 0.161159 0.168072
v -0.010307 0.149384 0.138791
v -0.010114 0.130825 0.087054
v -0.039981 0.133665 0.108406
v -0.040174 0.152224 0.160143
v -0.019851 0.151920 0.162839
v -0.007098 0.133172 0.112768
v -0.019539 0.121890 0.079126
v -0.025557 0.134928 0.125963
v -0.051119 0.159352 0.091655
v -0.031495 0.144141 0.059027
v -0.073482 0.162787 0.089203
v -0.086336 0.171665 0.123406
v -0.052292 0.158505 0.114367
v -0.018399 0.141494 0.074579
v -0.054584 0.147053 0.070612
v -0.088477 0.164064 0.110401
v -0.075381 0.161417 0.125953
v -0.033394 0.142771 0.095776
v -0.020541 0.133893 0.061573
v -0.055758 0.146206 0.093324
v -0.019796 0.016452 0.139990
v -0.013427 0.015170 0.093130
v -0.043927 0.022740 0.148219
v -0.043924 0.016188 0.191108
v -0.013423 0.004569 0.162524
v 0.005425 0.003940 0.101971
v -0.033620 0.014114 0.115285
v -0.052468 0.014744 0.175839
v -0.033616 0.003514 0.184680
v -0.003116 -0.004056 0.129590
v -0.003119 0.002495 0.086702
v -0.027247 0.002232 0.137819
v -0.019207 -0.019410 0.168981
v -0.064385 -0.017371 0.155091
v -0.005995 0.003282 0.168744
v 0.032023 -0.004919 0.187972
v -0.002872 -0.030640 0.186202
v -0.062455 -0.038335 0.165881
v -0.041076 -0.001618 0.165498
v 0.018507 0.006077 0.185820
v 0.020437 -0.014888 0.196610
v -0.037953 -0.035541 0.182957
v -0.075971 -0.027340 0.163728
v -0.024741 -0.012848 0.182720
v 0.057918 -0.028340 0.157635
v 0.073712 -0.066887 0.135212
v 0.033275 -0.021078 0.152202
v 0.023802 0.010659 0.180227
v 0.058386 -0.015537 0.180557
v 0.089232 -0.063463 0.152737
v 0.049357 -0.051711 0.143946
v 0.018512 -0.003786 0.171766
v 0.034031 -0.000361 0.189291
v 0.074468 -0.046171 0.172301
v 0.083941 -0.077908 0.144276
v 0.049825 -0.038908 0.166868
v -0.041125 0.026071 0.191072
v -0.028365 0.022530 0.145654
v -0.030320 0.045800 0.204620
v -0.050735 0.046492 0.242897
v -0.061398 0.023650 0.207585
v -0.047572 0.008841 0.147486
v -0.030089 0.040763 0.169409
v -0.043915 0.055572 0.229508
v -0.063122 0.041883 0.231340
v -0.061167 0.018613 0.172374
v -0.040751 0.017921 0.134098
v -0.050362 0.038342 0.185923
v 0.031461 0.022602 0.146797
v 0.043585 0.016111 0.101532
v 0.006215 0.028235 0.151319
v 0.001291 0.026907 0.194405
v 0.035619 0.013963 0.171244
v 0.061758 0.007291 0.113846
v 0.020908 0.016405 0.121163
v -0.005231 0.023077 0.178561
v 0.012941 0.014256 0.190875
v 0.050311 0.002133 0.141088
v 0.055236 0.003461 0.098002
v 0.025065 0.007766 0.145609
v -0.070087 0.026160 0.186214
v -0.077902 0.013294 0.141364
v -0.088378 0.041455 0.197217
v -0.077848 0.044210 0.239215
v -0.060864 0.017752 0.209318
v -0.060898 -0.001355 0.148843
v -0.090493 0.023393 0.166647
v -0.090459 0.042500 0.227122
v -0.073455 0.027851 0.234601
v -0.062979 -0.000310 0.178748
v -0.073509 -0.003066 0.136749
v -0.081270 0.014985 0.189751
v 0.076711 0.013304 0.188956
v 0.080019 0.021365 0.142456
v 0.084294 0.032930 0.204668
v 0.073075 0.020984 0.244840
v 0.061866 0.002036 0.207454
v 0.066158 0.002271 0.144178
v 0.078427 0.034026 0.169602
v 0.074136 0.033791 0.232878
v 0.060275 0.014697 0.234600
v 0.055999 0.003132 0.172389
v 0.067219 0.015078 0.132217
v 0.063583 0.022758 0.188101
v 0.006490 -0.044863 0.195455
v -0.022906 -0.064582 0.164068
v 0.017357 -0.022032 0.188371
v 0.037872 -0.007212 0.223611
v 0.010287 -0.040604 0.221087
v -0.027276 -0.076060 0.184288
v -0.009691 -0.039118 0.172826
v 0.027872 -0.003662 0.209625
v 0.023502 -0.015140 0.229845
v -0.016762 -0.057691 0.205542
v -0.037277 -0.072510 0.170302
v -0.005894 -0.034860 0.198458
v 0.021517 0.039701 0.180209
v 0.012525 0.038128 0.133790
v 0.000575 0.039855 0.196052
v 0.016115 0.035355 0.236309
v 0.037668 0.030846 0.198926
v 0.035449 0.032560 0.135566
v 0.001565 0.032810 0.161200
v 0.003784 0.031096 0.224560
v 0.026708 0.025528 0.226336
v 0.038657 0.023801 0.164074
v 0.023118 0.028302 0.123817
v 0.017716 0.023956 0.179917
v -0.025478 -0.013860 0.213281
v -0.008744 -0.034482 0.174130
v -0.026959 0.012353 0.212821
v -0.048315 0.023668 0.248852
v -0.043299 -0.016175 0.232428
v -0.018843 -0.052113 0.186248
v -0.021240 -0.009698 0.185503
v -0.045696 0.026240 0.231683
v -0.055795 0.008609 0.243802
v -0.037580 -0.038226 0.205110
v -0.016224 -0.049541 0.169079
v -0.039061 -0.012013 0.204650
v 0.003889 0.025549 0.236432
v -0.018760 0.018061 0.195577
v 0.029832 0.029253 0.234768
v 0.042678 0.041238 0.274437
v 0.002025 0.037454 0.259763
v -0.035946 0.023130 0.211025
v 0.006032 0.029123 0.208333
v 0.044003 0.043447 0.257071
v 0.026817 0.048516 0.272519
v -0.021775 0.037324 0.233328
v -0.034621 0.025339 0.193658
v 0.004168 0.041029 0.231664
v 0.012238 0.007034 0.254429
v 0.039451 -0.016754 0.223905
v 0.012681 0.033208 0.252357
v -0.018475 0.047738 0.278825
v -0.010960 0.006755 0.266730
v 0.024840 -0.033103 0.232789
v 0.025556 0.009247 0.229436
v -0.010244 0.049105 0.263378
v -0.024855 0.032757 0.272261
v 0.001915 -0.017206 0.243810
v 0.033071 -0.031736 0.217342
v 0.002358 0.008968 0.241737
v 0.016388 -0.026466 0.072485
v -0.000243 -0.047033 0.033261
v 0.029507 -0.003975 0.069083
v 0.036374 0.011896 0.108874
v 0.010867 -0.021356 0.097643
v -0.011763 -0.057775 0.050912
v 0.009464 -0.021383 0.045408
v 0.032095 0.015037 0.092139
v 0.020574 0.004295 0.109791
v -0.009176 -0.038764 0.073969
v -0.016042 -0.054634 0.034177
v 0.003944 -0.016272 0.070566
v -0.032222 -0.055050 0.073707
v -0.040988 -0.047091 0.027904
v -0.044723 -0.039473 0.090756
v -0.036754 -0.056070 0.130042
v -0.028095 -0.073945 0.091469
v -0.030712 -0.068396 0.028345
v -0.050939 -0.043193 0.055931
v -0.048322 -0.048742 0.119055
v -0.038046 -0.070046 0.119496
v -0.034311 -0.077664 0.056645
v -0.042280 -0.061068 0.017358
v -0.046813 -0.062088 0.073693
v 0.045527 -0.032096 0.073230
v 0.040563 -0.043701 0.027636
v 0.026333 -0.017484 0.083605
v 0.034372 -0.015845 0.126208
v 0.053571 -0.041049 0.096568
v 0.057397 -0.058265 0.035648
v 0.026340 -0.034622 0.052436
v 0.022514 -0.017406 0.113356
v 0.039348 -0.031971 0.121368
v 0.053578 -0.058188 0.065399
v 0.045539 -0.059827 0.022796
v 0.034384 -0.043576 0.075774
vn -0.3090 -0.9511 -0.0000
vn -0.8090 -0.5878 -0.0000
vn -1.0000 -0.0000 -0.0000
vn -0.8090 0.5878 -0.0000
vn -0.3090 0.9511 -0.0000
vn 0.3090 0.9511 -0.0000
vn 0.8090 0.5878 -0.0000
vn 1.0000 -0.0000 -0.0000
vn -0.0000 -0.0000 1.0000
vn 0.8090 -0.5878 -0.0000
vn 0.3090 -0.9511 -0.0000
vn -0.0000 -0.0000 -1.0000
vn -0.4921 -0.7558 -0.4320
vn -0.8791 0.3490 -0.3246
vn -0.0513 0.9715 0.2314
vn -0.4165 -0.2314 0.8792
vn 0.8474 0.2514 0.4676
vn 0.5750 -0.8161 0.0576
vn 0.4165 0.2314 -0.8792
vn -0.5905 -0.8069 -0.0125
vn -0.8459 0.2286 0.4820
vn 0.0678 0.9482 0.3104
vn 0.4059 -0.3104 0.8596
vn 0.8877 0.3574 -0.2901
vn 0.4809 -0.7273 -0.4897
vn -0.4059 0.3104 -0.8596
vn -0.6019 -0.7958 0.0660
vn -0.8463 0.2112 -0.4891
vn 0.0789 0.9264 -0.3683
vn -0.3946 0.3683 0.8418
vn 0.8950 0.3613 0.2615
vn 0.4743 -0.7031 0.5299
vn 0.3946 -0.3683 -0.8418
vn -0.4652 -0.7445 0.4789
vn -0.8557 0.3592 0.3725
vn -0.0637 0.9665 -0.2487
vn 0.4725 0.2487 0.8455
vn 0.8163 0.2381 -0.5262
vn 0.5682 -0.8193 -0.0765
vn -0.4725 -0.2487 -0.8455
vn -0.5648 -0.7170 -0.4086
vn -0.9528 0.3022 0.0305
vn -0.0241 0.9037 0.4275
vn -0.1069 -0.4275 0.8977
vn 0.9379 0.2564 0.2337
vn 0.6037 -0.7453 -0.2830
vn 0.1069 0.4275 -0.8977
vn -0.6073 -0.7589 0.2352
vn -0.9282 0.2504 -0.2751
vn 0.0336 0.9136 -0.4052
vn -0.1576 0.4052 0.9005
vn 0.9490 0.3143 0.0247
vn 0.5529 -0.7194 0.4205
vn 0.1576 -0.4052 -0.9005
vn -0.4936 -0.8184 -0.2941
vn -0.7686 0.2908 -0.5698
vn 0.0186 0.9981 -0.0580
vn -0.5803 0.0580 0.8124
vn 0.7801 0.3261 0.5339
vn 0.4636 -0.7966 0.3880
vn 0.5803 -0.0580 -0.8124
vn -0.4957 -0.8178 0.2925
vn -0.7742 0.2922 0.5614
vn 0.0172 0.9984 0.0545
vn 0.5726 -0.0545 0.8180
vn 0.7848 0.3248 -0.5277
vn 0.4679 -0.7976 -0.3807
vn -0.5726 0.0545 -0.8180
vn -0.0359 -0.5080 -0.8606
vn -0.5314 0.5379 -0.6544
vn -0.2925 0.8404 0.4562
vn -0.8363 -0.4562 0.3041
vn 0.3506 -0.0185 0.9363
vn 0.5092 -0.8519 0.1225
vn 0.8363 0.4562 -0.3041
vn -0.5827 -0.8126 0.0079
vn -0.3509 -0.1197 0.9287
vn 0.3659 0.7387 0.5661
vn 0.7926 -0.5661 0.2265
vn 0.5770 0.5762 -0.5789
vn -0.0093 -0.3825 -0.9239
vn -0.7926 0.5661 -0.2265
vn -0.6943 -0.6962 0.1822
vn -0.4445 -0.2273 -0.8664
vn 0.4196 0.5558 -0.7177
vn -0.6778 0.7177 0.1595
vn 0.7038 0.5708 0.4229
vn 0.0154 -0.2030 0.9791
vn 0.6778 -0.7177 -0.1595
vn -0.0333 -0.3654 0.9303
vn -0.6350 0.5618 0.5302
vn -0.3592 0.7126 -0.6026
vn 0.7532 0.6026 0.2636
vn 0.4130 -0.1214 -0.9026
vn 0.6145 -0.7877 0.0448
vn -0.7532 -0.6026 -0.2636
vn -0.3374 -0.2581 -0.9053
vn -0.9224 0.3721 -0.1037
vn -0.2327 0.4881 0.8412
vn -0.3824 -0.8412 0.3824
vn 0.7786 -0.0704 0.6236
vn 0.7139 -0.5317 -0.4558
vn 0.3824 0.8412 -0.3824
vn -0.7104 -0.4719 0.5222
vn -0.8162 -0.0618 -0.5744
vn 0.2059 0.4337 -0.8772
vn -0.3190 0.8772 0.3589
vn 0.9435 0.3299 0.0323
vn 0.3772 -0.2299 0.8972
vn 0.3190 -0.8772 -0.3589
vn -0.5878 -0.8090 -0.0000
vn -0.9511 0.3090 -0.0000
vn -0.0000 1.0000 -0.0000
vn 0.9511 0.3090 -0.0000
vn 0.5878 -0.8090 -0.0000
vn -0.0631 0.9188 -0.3897
vn 0.1995 0.8966 -0.3953
vn 0.0074 0.9622 -0.2721
vn 0.3130 0.9306 -0.1896
vn 0.4229 0.8686 -0.2584
vn 0.2674 0.5843 -0.7662
vn -0.7262 0.5047 -0.4667
vn -0.6295 0.7746 -0.0606
vn 0.7103 0.6361 0.3014
vn 0.9431 0.3322 -0.0158
vn -0.7103 -0.6361 -0.3014
vn -0.9431 -0.3322 0.0158
vn -0.2674 -0.5843 0.7662
vn 0.7262 -0.5047 0.4667
vn 0.6295 -0.7746 0.0606
vn -0.3130 -0.9306 0.1896
vn -0.4229 -0.8686 0.2584
vn -0.1995 -0.8966 0.3953
vn 0.0631 -0.9188 0.3897
vn -0.0074 -0.9622 0.2721
vn -0.1665 0.3018 -0.9387
vn 0.0889 0.2431 -0.9659
vn -0.0733 0.4074 -0.9103
vn 0.2436 0.4027 -0.8823
vn 0.3373 0.2943 -0.8942
vn 0.0817 -0.2464 -0.9657
vn -0.8212 0.0811 -0.5648
vn -0.6448 0.5450 -0.5360
vn 0.7444 0.5244 -0.4132
vn 0.9096 0.0555 -0.4118
vn -0.7444 -0.5244 0.4132
vn -0.9096 -0.0555 0.4118
vn -0.0817 0.2464 0.9657
vn 0.8212 -0.0811 0.5648
vn 0.6448 -0.5450 0.5360
vn -0.2437 -0.4027 0.8823
vn -0.3373 -0.2943 0.8942
vn -0.0890 -0.2431 0.9659
vn 0.1665 -0.3018 0.9387
vn 0.0733 -0.4074 0.9103
vn 0.9511 0.2856 -0.1175
vn 0.9854 0.1387 0.0986
vn 0.9357 0.3528 0.0087
vn 0.9222 0.2376 0.3050
vn 0.9298 0.1026 0.3536
vn 0.9456 -0.3155 -0.0797
vn 0.5304 0.3338 -0.7792
vn 0.5473 0.7058 -0.4498
vn 0.4884 0.2011 0.8491
vn 0.4571 -0.2950 0.8391
vn -0.4884 -0.2011 -0.8491
vn -0.4571 0.2950 -0.8391
vn -0.9456 0.3155 0.0797
vn -0.5304 -0.3338 0.7792
vn -0.5473 -0.7058 0.4498
vn -0.9222 -0.2376 -0.3050
vn -0.9298 -0.1026 -0.3536
vn -0.9854 -0.1387 -0.0986
vn -0.9511 -0.2856 0.1175
vn -0.9357 -0.3528 -0.0087
vn 0.2544 -0.9215 0.2934
vn 0.0441 -0.8922 0.4495
vn 0.2782 -0.8627 0.4224
vn 0.0749 -0.7606 0.6449
vn -0.0689 -0.7593 0.6471
vn -0.3257 -0.9363 0.1318
vn 0.5363 -0.7346 -0.4157
vn 0.7810 -0.6245 0.0028
vn -0.1103 -0.1772 0.9780
vn -0.5742 -0.1774 0.7993
vn 0.1103 0.1772 -0.9780
vn 0.5742 0.1774 -0.7993
vn 0.3257 0.9363 -0.1318
vn -0.5363 0.7346 0.4157
vn -0.7810 0.6245 -0.0028
vn -0.0749 0.7606 -0.6449
vn 0.0689 0.7593 -0.6471
vn -0.0441 0.8922 -0.4495
vn -0.2544 0.9215 -0.2934
vn -0.2782 0.8627 -0.4224
vn -0.2628 0.9276 -0.2654
vn -0.0058 0.9473 -0.3203
vn -0.1776 0.9713 -0.1581
vn 0.1396 0.9809 -0.1356
vn 0.2416 0.9429 -0.2295
vn 0.0314 0.6824 -0.7303
vn -0.8651 0.4232 -0.2694
vn -0.7297 0.6691 0.1410
vn 0.6609 0.7111 0.2400
vn 0.8675 0.4755 -0.1460
vn -0.6609 -0.7111 -0.2400
vn -0.8675 -0.4755 0.1460
vn -0.0314 -0.6824 0.7303
vn 0.8651 -0.4232 0.2694
vn 0.7297 -0.6691 -0.1410
vn -0.1396 -0.9809 0.1356
vn -0.2416 -0.9429 0.2295
vn 0.0058 -0.9473 0.3203
vn 0.2628 -0.9276 0.2654
vn 0.1776 -0.9713 0.1581
vn 0.4190 -0.4905 0.7641
vn 0.1864 -0.6143 0.7667
vn 0.3160 -0.4314 0.8450
vn 0.0056 -0.4978 0.8673
vn -0.0744 -0.5961 0.7994
vn 0.2197 -0.9019 0.3719
vn 0.9455 -0.1612 0.2828
vn 0.7436 0.0878 0.6628
vn -0.6169 -0.2034 0.7603
vn -0.7496 -0.5241 0.4043
vn 0.6169 0.2034 -0.7603
vn 0.7496 0.5241 -0.4043
vn -0.2197 0.9019 -0.3719
vn -0.9455 0.1612 -0.2828
vn -0.7436 -0.0878 -0.6628
vn -0.0056 0.4978 -0.8673
vn 0.0744 0.5961 -0.7994
vn -0.1864 0.6143 -0.7667
vn -0.4190 0.4905 -0.7641
vn -0.3160 0.4314 -0.8450
vn 0.1417 -0.9894 -0.0320
vn -0.1166 -0.9930 0.0198
vn 0.1043 -0.9888 0.1068
vn -0.1800 -0.9526 0.2450
vn -0.3103 -0.9319 0.1878
vn -0.3085 -0.8583 -0.4100
vn 0.6960 -0.5857 -0.4154
vn 0.7286 -0.6812 0.0714
vn -0.5177 -0.5228 0.6773
vn -0.8567 -0.3883 0.3395
vn 0.5177 0.5228 -0.6773
vn 0.8567 0.3883 -0.3395
vn 0.3085 0.8583 0.4100
vn -0.6960 0.5857 0.4154
vn -0.7286 0.6812 -0.0714
vn 0.1800 0.9526 -0.2450
vn 0.3103 0.9319 -0.1878
vn 0.1166 0.9930 -0.0198
vn -0.1417 0.9894 0.0320
vn -0.1043 0.9888 -0.1068
vn 0.4223 -0.2085 -0.8822
vn 0.5226 -0.4112 -0.7469
vn 0.5477 -0.1854 -0.8159
vn 0.7077 -0.3632 -0.6060
vn 0.6766 -0.4913 -0.5485
vn 0.1331 -0.7037 -0.6979
vn -0.2160 0.2451 -0.9451
vn 0.2366 0.4360 -0.8683
vn 0.9377 -0.3436 0.0515
vn 0.6575 -0.7262 0.2009
vn -0.9377 0.3436 -0.0515
vn -0.6575 0.7262 -0.2009
vn -0.1331 0.7037 0.6979
vn 0.2160 -0.2451 0.9451
vn -0.2366 -0.4360 0.8683
vn -0.7077 0.3632 0.6060
vn -0.6766 0.4913 0.5485
vn -0.5226 0.4112 0.7469
vn -0.4223 0.2085 0.8822
vn -0.5477 0.1854 0.8159
vn -0.2635 0.4524 -0.8520
vn -0.1064 0.6425 -0.7589
vn -0.3255 0.5514 -0.7681
vn -0.1980 0.7824 -0.5904
vn -0.0608 0.8198 -0.5694
vn 0.3384 0.4494 -0.8268
vn -0.3522 -0.3278 -0.8767
vn -0.7089 -0.0271 -0.7048
vn -0.1502 0.9858 0.0744
vn 0.3439 0.9343 0.0942
vn 0.1502 -0.9858 -0.0744
vn -0.3439 -0.9343 -0.0942
vn -0.3384 -0.4494 0.8268
vn 0.3522 0.3278 0.8767
vn 0.7089 0.0271 0.7048
vn 0.1980 -0.7824 0.5904
vn 0.0608 -0.8198 0.5694
vn 0.1064 -0.6425 0.7589
vn 0.2635 -0.4524 0.8520
vn 0.3255 -0.5514 0.7681
vn 0.7781 -0.4624 0.4252
vn 0.5988 -0.5193 0.6098
vn 0.7633 -0.3669 0.5317
vn 0.5460 -0.3458 0.7631
vn 0.4325 -0.4288 0.7931
vn 0.3285 -0.8615 0.3872
vn 0.8661 -0.3584 -0.3485
vn 0.9998 -0.0111 -0.0188
vn 0.0470 0.0815 0.9956
vn -0.3210 -0.2430 0.9154
vn -0.0470 -0.0815 -0.9956
vn 0.3210 0.2430 -0.9154
vn -0.3285 0.8615 -0.3872
vn -0.8661 0.3584 0.3485
vn -0.9998 0.0111 0.0188
vn -0.5460 0.3458 -0.7631
vn -0.4325 0.4288 -0.7931
vn -0.5988 0.5193 -0.6098
vn -0.7781 0.4624 -0.4252
vn -0.7633 0.3669 -0.5317
vn 0.8539 0.5180 0.0493
vn 0.9601 0.2771 0.0385
vn 0.8749 0.4516 0.1751
vn 0.9588 0.1517 0.2401
vn 0.9874 0.0412 0.1527
vn 0.8891 0.1555 -0.4304
vn 0.2482 0.9456 -0.2105
vn 0.3478 0.8966 0.2742
vn 0.7158 -0.4182 0.5592
vn 0.7067 -0.6925 0.1447
vn -0.7158 0.4182 -0.5592
vn -0.7067 0.6925 -0.1447
vn -0.8891 -0.1555 0.4304
vn -0.2482 -0.9456 0.2105
vn -0.3478 -0.8966 -0.2742
vn -0.9588 -0.1517 -0.2401
vn -0.9874 -0.0412 -0.1527
vn -0.9601 -0.2771 -0.0385
vn -0.8539 -0.5180 -0.0493
vn -0.8749 -0.4516 -0.1751
vn -0.1409 0.5868 -0.7974
vn 0.0109 0.7519 -0.6591
vn -0.2088 0.6756 -0.7071
vn -0.0950 0.8706 -0.4828
vn 0.0400 0.8967 -0.4408
vn 0.4528 0.5463 -0.7046
vn -0.2559 -0.1751 -0.9507
vn -0.6189 0.1165 -0.7767
vn -0.1202 0.9711 0.2063
vn 0.3655 0.8895 0.2741
vn 0.1202 -0.9711 -0.2063
vn -0.3655 -0.8895 -0.2741
vn -0.4528 -0.5463 0.7046
vn 0.2559 0.1751 0.9507
vn 0.6189 -0.1165 0.7767
vn 0.0950 -0.8706 0.4828
vn -0.0400 -0.8967 0.4408
vn -0.0109 -0.7519 0.6591
vn 0.1409 -0.5868 0.7974
vn 0.2088 -0.6756 0.7071
vn 0.8970 0.4300 -0.1028
vn 0.9736 0.1805 -0.1398
vn 0.9342 0.3564 0.0149
vn 0.9974 0.0471 0.0552
vn 0.9973 -0.0617 -0.0387
vn 0.8033 0.0872 -0.5892
vn 0.3008 0.9253 -0.2309
vn 0.4843 0.8457 0.2242
vn 0.7611 -0.5099 0.4009
vn 0.6456 -0.7636 -0.0107
vn -0.7611 0.5099 -0.4010
vn -0.6456 0.7636 0.0107
vn -0.8033 -0.0872 0.5892
vn -0.3008 -0.9253 0.2309
vn -0.4843 -0.8457 -0.2242
vn -0.9974 -0.0471 -0.0552
vn -0.9973 0.0617 0.0387
vn -0.9736 -0.1805 0.1398
vn -0.8970 -0.4300 0.1028
vn -0.9342 -0.3564 -0.0149
vn -0.4477 0.7169 -0.5344
vn -0.2219 0.8445 -0.4875
vn -0.4423 0.7955 -0.4142
vn -0.1980 0.9417 -0.2722
vn -0.0591 0.9493 -0.3087
vn 0.0899 0.6125 -0.7853
vn -0.7447 0.0019 -0.6674
vn -0.9091 0.2912 -0.2980
vn 0.1622 0.9319 0.3243
vn 0.5900 0.8002 0.1080
vn -0.1622 -0.9319 -0.3243
vn -0.5900 -0.8002 -0.1080
vn -0.0899 -0.6125 0.7853
vn 0.7447 -0.0019 0.6674
vn 0.9091 -0.2912 0.2980
vn 0.1980 -0.9417 0.2722
vn 0.0591 -0.9493 0.3087
vn 0.2219 -0.8445 0.4875
vn 0.4477 -0.7169 0.5344
vn 0.4423 -0.7955 0.4142
vn 0.1465 -0.9631 -0.2258
vn 0.0468 -0.9988 0.0156
vn 0.2406 -0.9635 -0.1171
vn 0.1944 -0.9608 0.1977
vn 0.0730 -0.9587 0.2747
vn -0.4279 -0.9021 -0.0549
vn 0.0968 -0.5017 -0.8596
vn 0.5269 -0.5786 -0.6225
vn 0.3245 -0.5666 0.7574
vn -0.1554 -0.4867 0.8596
vn -0.3245 0.5666 -0.7574
vn 0.1554 0.4867 -0.8596
vn 0.4279 0.9021 0.0549
vn -0.0968 0.5016 0.8596
vn -0.5269 0.5786 0.6225
vn -0.1944 0.9608 -0.1977
vn -0.0730 0.9587 -0.2747
vn -0.0468 0.9988 -0.0156
vn -0.1465 0.9631 0.2258
vn -0.2406 0.9635 0.1171
vn 0.8238 -0.3014 -0.4801
vn 0.8730 -0.4191 -0.2495
vn 0.8962 -0.2241 -0.3829
vn 0.9568 -0.2807 -0.0757
vn 0.9202 -0.3915 0.0083
vn 0.5552 -0.7915 -0.2555
vn 0.2404 -0.0988 -0.9656
vn 0.5656 0.2342 -0.7907
vn 0.8312 -0.0141 0.5558
vn 0.5713 -0.4081 0.7120
vn -0.8312 0.0141 -0.5558
vn -0.5713 0.4081 -0.7120
vn -0.5552 0.7915 0.2555
vn -0.2404 0.0988 0.9656
vn -0.5656 -0.2342 0.7907
vn -0.9568 0.2807 0.0757
vn -0.9202 0.3915 -0.0083
vn -0.8730 0.4191 0.2495
vn -0.8238 0.3014 0.4801
vn -0.8962 0.2241 0.3829
vn 0.5188 0.3750 0.7682
vn 0.3970 0.1818 0.8996
vn 0.3909 0.4073 0.8254
vn 0.1708 0.2212 0.9602
vn 0.1689 0.0791 0.9825
vn 0.6358 -0.2153 0.7413
vn 0.8284 0.5558 0.0692
vn 0.4750 0.8340 0.2809
vn -0.4899 0.0182 0.8716
vn -0.3737 -0.4606 0.8051
vn 0.4899 -0.0182 -0.8716
vn 0.3737 0.4606 -0.8051
vn -0.6358 0.2153 -0.7413
vn -0.8285 -0.5558 -0.0692
vn -0.4750 -0.8340 -0.2809
vn -0.1708 -0.2212 -0.9602
vn -0.1689 -0.0791 -0.9825
vn -0.3970 -0.1818 -0.8996
vn -0.5188 -0.3750 -0.7682
vn -0.3909 -0.4073 -0.8254
vn 0.9491 -0.2599 0.1779
vn 0.8457 -0.3500 0.4029
vn 0.9432 -0.1669 0.2874
vn 0.7995 -0.1882 0.5704
vn 0.7207 -0.2938 0.6280
vn 0.6093 -0.7516 0.2527
vn 0.7936 -0.1635 -0.5861
vn 0.9308 0.2155 -0.2951
vn 0.3010 0.1220 0.9458
vn 0.0088 -0.2800 0.9600
vn -0.3010 -0.1220 -0.9458
vn -0.0088 0.2800 -0.9600
vn -0.6093 0.7516 -0.2527
vn -0.7936 0.1635 0.5861
vn -0.9308 -0.2155 0.2951
vn -0.7995 0.1882 -0.5704
vn -0.7207 0.2938 -0.6280
vn -0.8457 0.3500 -0.4029
vn -0.9491 0.2599 -0.1779
vn -0.9432 0.1669 -0.2874
vn 0.7740 -0.1522 -0.6147
vn 0.7351 -0.4033 -0.5450
vn 0.8444 -0.1978 -0.4979
vn 0.8186 -0.4684 -0.3324
vn 0.7330 -0.5823 -0.3516
vn 0.3274 -0.5155 -0.7918
vn 0.3965 0.5223 -0.7550
vn 0.7633 0.4900 -0.4210
vn 0.6504 -0.6959 0.3044
vn 0.2558 -0.9552 0.1488
vn -0.6504 0.6959 -0.3044
vn -0.2558 0.9552 -0.1488
vn -0.3274 0.5155 0.7918
vn -0.3965 -0.5223 0.7550
vn -0.7633 -0.4900 0.4210
vn -0.8186 0.4684 0.3324
vn -0.7330 0.5823 0.3516
vn -0.7351 0.4033 0.5450
vn -0.7740 0.1522 0.6147
vn -0.8444 0.1978 0.4979
vn 0.3090 -0.9477 0.0795
vn 0.0617 -0.9848 0.1626
vn 0.2859 -0.9325 0.2206
vn 0.0148 -0.9220 0.3868
vn -0.1221 -0.9311 0.3438
vn -0.1924 -0.9478 -0.2542
vn 0.7432 -0.5223 -0.4181
vn 0.8401 -0.5380 0.0693
vn -0.3484 -0.4921 0.7977
vn -0.7376 -0.4652 0.4895
vn 0.3484 0.4921 -0.7977
vn 0.7376 0.4652 -0.4895
vn 0.1924 0.9478 0.2542
vn -0.7432 0.5223 0.4181
vn -0.8401 0.5380 -0.0693
vn -0.0148 0.9220 -0.3868
vn 0.1221 0.9311 -0.3438
vn -0.0617 0.9848 -0.1626
vn -0.3090 0.9477 -0.0795
vn -0.2859 0.9325 -0.2206
vn 0.8246 -0.5427 -0.1597
vn 0.7920 -0.6032 0.0947
vn 0.8879 -0.4554 -0.0646
vn 0.8620 -0.4398 0.2521
vn 0.7834 -0.5178 0.3438
vn 0.4099 -0.9088 0.0785
vn 0.4286 -0.3818 -0.8189
vn 0.7701 -0.0713 -0.6340
vn 0.6564 -0.0027 0.7545
vn 0.2869 -0.2963 0.9110
vn -0.6564 0.0027 -0.7544
vn -0.2869 0.2963 -0.9110
vn -0.4099 0.9088 -0.0785
vn -0.4286 0.3818 0.8189
vn -0.7701 0.0713 0.6340
vn -0.8620 0.4398 -0.2521
vn -0.7834 0.5178 -0.3438
vn -0.7920 0.6032 -0.0947
vn -0.8246 0.5427 0.1597
vn -0.8879 0.4554 0.0646
vn -0.2209 -0.7588 0.6128
vn -0.3868 -0.5817 0.7155
vn -0.1687 -0.6756 0.7177
vn -0.2917 -0.4189 0.8599
vn -0.4165 -0.3507 0.8388
vn -0.7378 -0.5613 0.3749
vn 0.1013 -0.9928 -0.0645
vn 0.3775 -0.8656 0.3289
vn -0.1619 0.2596 0.9521
vn -0.5707 0.4091 0.7120
vn 0.1619 -0.2596 -0.9521
vn 0.5707 -0.4091 -0.7120
vn 0.7378 0.5613 -0.3749
vn -0.1013 0.9928 0.0645
vn -0.3775 0.8656 -0.3289
vn 0.2917 0.4189 -0.8599
vn 0.4165 0.3507 -0.8388
vn 0.3868 0.5817 -0.7155
vn 0.2209 0.7588 -0.6128
vn 0.1687 0.6756 -0.7177
vn 0.6503 0.6993 -0.2967
vn 0.7467 0.6629 -0.0541
vn 0.5941 0.7810 -0.1926
vn 0.6289 0.7677 0.1234
vn 0.7056 0.6781 0.2057
vn 0.9687 0.2286 -0.0969
vn 0.3074 0.3231 -0.8950
vn 0.1024 0.7233 -0.6829
vn 0.2547 0.6648 0.7023
vn 0.4972 0.2503 0.8308
vn -0.2547 -0.6648 -0.7023
vn -0.4972 -0.2503 -0.8308
vn -0.9687 -0.2286 0.0969
vn -0.3074 -0.3231 0.8950
vn -0.1023 -0.7233 0.6829
vn -0.6289 -0.7677 -0.1234
vn -0.7056 -0.6781 -0.2057
vn -0.7467 -0.6629 0.0541
vn -0.6503 -0.6993 0.2967
vn -0.5941 -0.7810 0.1926
vn 0.3758 0.9210 -0.1026
vn 0.5236 0.8458 0.1023
vn 0.3217 0.9464 0.0282
vn 0.4194 0.8512 0.3156
vn 0.5311 0.7696 0.3544
vn 0.8381 0.5348 -0.1076
vn 0.0330 0.6530 -0.7566
vn -0.2237 0.8880 -0.4017
vn 0.2045 0.4705 0.8584
vn 0.5666 0.1328 0.8132
vn -0.2045 -0.4705 -0.8584
vn -0.5666 -0.1328 -0.8132
vn -0.8381 -0.5348 0.1076
vn -0.0330 -0.6530 0.7566
vn 0.2237 -0.8880 0.4017
vn -0.4194 -0.8512 -0.3156
vn -0.5311 -0.7696 -0.3544
vn -0.5236 -0.8458 -0.1023
vn -0.3758 -0.9210 0.1026
vn -0.3217 -0.9464 -0.0282
vn 0.6476 -0.6369 0.4182
vn 0.4540 -0.6632 0.5950
vn 0.6496 -0.5457 0.5293
vn 0.4336 -0.4900 0.7562
vn 0.3042 -0.5483 0.7790
vn 0.1256 -0.9291 0.3478
vn 0.7827 -0.5171 -0.3464
vn 0.9750 -0.2223 0.0047
vn 0.0282 0.0220 0.9994
vn -0.3969 -0.2128 0.8928
vn -0.0282 -0.0220 -0.9994
vn 0.3969 0.2128 -0.8928
vn -0.1256 0.9291 -0.3478
vn -0.7827 0.5171 0.3464
vn -0.9750 0.2223 -0.0047
vn -0.4336 0.4900 -0.7562
vn -0.3042 0.5483 -0.7790
vn -0.4540 0.6632 -0.5950
vn -0.6476 0.6369 -0.4182
vn -0.6496 0.5457 -0.5293
vn 0.6421 -0.7397 -0.2011
vn 0.5637 -0.8252 0.0355
vn 0.7166 -0.6919 -0.0879
vn 0.6596 -0.7175 0.2241
vn 0.5514 -0.7804 0.2949
vn 0.1134 -0.9917 -0.0606
vn 0.3906 -0.3659 -0.8447
vn 0.7840 -0.2081 -0.5849
vn 0.5338 -0.3202 0.7827
vn 0.0789 -0.5056 0.8591
vn -0.5338 0.3202 -0.7827
vn -0.0789 0.5056 -0.8591
vn -0.1134 0.9917 0.0606
vn -0.3906 0.3659 0.8447
vn -0.7840 0.2081 0.5849
vn -0.6596 0.7175 -0.2241
vn -0.5514 0.7804 -0.2949
vn -0.5637 0.8252 -0.0355
vn -0.6421 0.7397 0.2011
vn -0.7166 0.6919 0.0879
vn 0.3582 0.2347 -0.9037
vn 0.5865 0.2433 -0.7725
vn 0.3937 0.3612 -0.8453
vn 0.6273 0.4385 -0.6436
vn 0.7295 0.3577 -0.5830
vn 0.6787 -0.2316 -0.6970
vn -0.3310 -0.1413 -0.9330
vn -0.3020 0.3527 -0.8857
vn 0.7219 0.6920 -0.0014
vn 0.9447 0.2813 0.1687
vn -0.7219 -0.6920 0.0014
vn -0.9447 -0.2813 -0.1687
vn -0.6787 0.2316 0.6970
vn 0.3310 0.1413 0.9330
vn 0.3020 -0.3527 0.8857
vn -0.6273 -0.4385 0.6436
vn -0.7295 -0.3577 0.5830
vn -0.5865 -0.2433 0.7725
vn -0.3582 -0.2347 0.9037
vn -0.3937 -0.3612 0.8453
vn -0.1995 0.2743 -0.9407
vn 0.0561 0.3385 -0.9393
vn -0.1673 0.4076 -0.8977
vn 0.1133 0.5426 -0.8323
vn 0.2466 0.4889 -0.8368
vn 0.2715 -0.1008 -0.9571
vn -0.7139 -0.2465 -0.6554
vn -0.7703 0.2430 -0.5896
vn 0.4598 0.8348 -0.3029
vn 0.8187 0.4907 -0.2983
vn -0.4598 -0.8348 0.3029
vn -0.8187 -0.4907 0.2983
vn -0.2715 0.1008 0.9571
vn 0.7139 0.2465 0.6554
vn 0.7703 -0.2430 0.5896
vn -0.1133 -0.5426 0.8323
vn -0.2466 -0.4889 0.8368
vn -0.0561 -0.3385 0.9393
vn 0.1995 -0.2743 0.9407
vn 0.1673 -0.4076 0.8977
vn 0.6252 0.7792 -0.0439
vn 0.7800 0.6183 0.0962
vn 0.6111 0.7853 0.0991
vn 0.7306 0.5990 0.3277
vn 0.8152 0.4830 0.3196
vn 0.9242 0.2954 -0.2423
vn 0.0842 0.7852 -0.6134
vn -0.0010 0.9860 -0.1667
vn 0.5227 0.1695 0.8355
vn 0.7367 -0.2321 0.6352
vn -0.5227 -0.1695 -0.8355
vn -0.7367 0.2321 -0.6352
vn -0.9242 -0.2954 0.2423
vn -0.0842 -0.7852 0.6134
vn 0.0010 -0.9860 0.1667
vn -0.7306 -0.5990 -0.3277
vn -0.8152 -0.4830 -0.3196
vn -0.7800 -0.6183 -0.0962
vn -0.6252 -0.7792 0.0439
vn -0.6111 -0.7853 -0.0991
vn 0.9120 0.1643 -0.3760
vn 0.9724 -0.0457 -0.2286
vn 0.9518 0.1906 -0.2404
vn 1.0000 -0.0073 0.0041
vn 0.9886 -0.1503 0.0127
vn 0.7718 -0.4113 -0.4850
vn 0.3377 0.4765 -0.8118
vn 0.5423 0.7214 -0.4306
vn 0.7535 -0.1460 0.6410
vn 0.6008 -0.6042 0.5234
vn -0.7535 0.1460 -0.6410
vn -0.6008 0.6042 -0.5234
vn -0.7718 0.4113 0.4850
vn -0.3377 -0.4765 0.8118
vn -0.5423 -0.7214 0.4306
vn -1.0000 0.0073 -0.0041
vn -0.9886 0.1503 -0.0127
vn -0.9724 0.0457 0.2286
vn -0.9120 -0.1643 0.3760
vn -0.9518 -0.1906 0.2404
vn 0.3206 0.4699 -0.8224
vn 0.4980 0.2750 -0.8224
vn 0.4418 0.4937 -0.7490
vn 0.6795 0.2970 -0.6709
vn 0.6983 0.1572 -0.6983
vn 0.2290 -0.1075 -0.9675
vn -0.4271 0.6335 -0.6452
vn -0.0480 0.8907 -0.4521
vn 0.9935 0.0285 -0.1098
vn 0.8706 -0.4408 -0.2187
vn -0.9935 -0.0285 0.1098
vn -0.8706 0.4408 0.2187
vn -0.2290 0.1075 0.9675
vn 0.4271 -0.6335 0.6452
vn 0.0480 -0.8907 0.4521
vn -0.6795 -0.2970 0.6709
vn -0.6983 -0.1572 0.6983
vn -0.4980 -0.2750 0.8224
vn -0.3206 -0.4699 0.8224
vn -0.4418 -0.4937 0.7490
vn 0.8463 -0.4122 -0.3374
vn 0.7677 -0.6132 -0.1862
vn 0.8898 -0.4100 -0.2004
vn 0.8052 -0.5911 0.0472
vn 0.7119 -0.7001 0.0562
vn 0.3989 -0.7997 -0.4487
vn 0.5779 0.1637 -0.7995
vn 0.8753 0.2540 -0.4115
vn 0.5046 -0.5399 0.6738
vn 0.1160 -0.8253 0.5526
vn -0.5046 0.5399 -0.6738
vn -0.1160 0.8253 -0.5526
vn -0.3989 0.7997 0.4487
vn -0.5779 -0.1637 0.7995
vn -0.8753 -0.2540 0.4115
vn -0.8052 0.5911 -0.0472
vn -0.7119 0.7001 -0.0562
vn -0.7677 0.6132 0.1862
vn -0.8463 0.4122 0.3374
vn -0.8898 0.4100 0.2004
vn -0.4963 -0.7250 0.4775
vn -0.6739 -0.5333 0.5113
vn -0.4811 -0.6438 0.5951
vn -0.6276 -0.3751 0.6822
vn -0.7293 -0.2979 0.6160
vn -0.8674 -0.4935 0.0633
vn 0.0377 -0.9989 -0.0295
vn 0.1542 -0.8846 0.4402
vn -0.4880 0.2932 0.8221
vn -0.7624 0.4685 0.4464
vn 0.4880 -0.2932 -0.8221
vn 0.7624 -0.4685 -0.4464
vn 0.8674 0.4935 -0.0633
vn -0.0377 0.9989 0.0295
vn -0.1542 0.8846 -0.4402
vn 0.6276 0.3751 -0.6822
vn 0.7293 0.2979 -0.6160
vn 0.6739 0.5333 -0.5113
vn 0.4963 0.7250 -0.4775
vn 0.4811 0.6438 -0.5951
vn -0.5164 -0.8373 0.1794
vn -0.7219 -0.6790 0.1331
vn -0.5703 -0.7675 0.2930
vn -0.7862 -0.5344 0.3101
vn -0.8598 -0.4669 0.2067
vn -0.6991 -0.6220 -0.3526
vn 0.2274 -0.9732 -0.0338
vn 0.0994 -0.8926 0.4398
vn -0.8474 0.1288 0.5150
vn -0.9523 0.2993 0.0600
vn 0.8474 -0.1288 -0.5150
vn 0.9523 -0.2993 -0.0600
vn 0.6991 0.6220 0.3526
vn -0.2274 0.9732 0.0338
vn -0.0994 0.8926 -0.4398
vn 0.7862 0.5344 -0.3101
vn 0.8598 0.4669 -0.2067
vn 0.7219 0.6790 -0.1331
vn 0.5164 0.8373 -0.1794
vn 0.5703 0.7675 -0.2930
vn -0.5375 -0.0468 -0.8420
vn -0.4588 0.2037 -0.8649
vn -0.6219 0.0526 -0.7814
vn -0.5748 0.3636 -0.7331
vn -0.4626 0.4476 -0.7652
vn 0.0121 0.1515 -0.9884
vn -0.3080 -0.7520 -0.5828
vn -0.7280 -0.5373 -0.4259
vn -0.5216 0.8258 -0.2143
vn -0.0508 0.9463 -0.3193
vn 0.5216 -0.8258 0.2143
vn 0.0508 -0.9463 0.3193
vn -0.0121 -0.1515 0.9884
vn 0.3080 0.7520 0.5828
vn 0.7280 0.5373 0.4259
vn 0.5748 -0.3636 0.7331
vn 0.4626 -0.4476 0.7652
vn 0.4588 -0.2037 0.8649
vn 0.5375 0.0468 0.8420
vn 0.6219 -0.0526 0.7814
vn -0.4615 0.8850 -0.0613
vn -0.2174 0.9695 -0.1135
vn -0.3813 0.9230 0.0519
vn -0.0720 0.9948 0.0726
vn 0.0302 0.9991 -0.0284
vn -0.1492 0.8076 -0.5705
vn -0.9469 0.2761 -0.1649
vn -0.8425 0.4562 0.2866
vn 0.5133 0.7708 0.3773
vn 0.7423 0.6681 -0.0519
vn -0.5133 -0.7708 -0.3773
vn -0.7423 -0.6681 0.0519
vn 0.1492 -0.8076 0.5705
vn 0.9469 -0.2761 0.1649
vn 0.8425 -0.4562 -0.2866
vn 0.0720 -0.9948 -0.0726
vn -0.0302 -0.9991 0.0284
vn 0.2174 -0.9695 0.1135
vn 0.4615 -0.8850 0.0613
vn 0.3813 -0.9230 -0.0519
vn 0.4151 0.9073 -0.0676
vn 0.6298 0.7664 -0.1268
vn 0.4973 0.8665 0.0430
vn 0.7440 0.6659 0.0556
vn 0.8072 0.5883 -0.0477
vn 0.5307 0.6161 -0.5821
vn -0.3662 0.9185 -0.1492
vn -0.1472 0.9436 0.2964
vn 0.9340 0.0643 0.3515
vn 0.9809 -0.1771 -0.0806
vn -0.9340 -0.0643 -0.3515
vn -0.9809 0.1771 0.0806
vn -0.5307 -0.6161 0.5821
vn 0.3662 -0.9185 0.1492
vn 0.1472 -0.9436 -0.2964
vn -0.7440 -0.6659 -0.0556
vn -0.8072 -0.5883 0.0477
vn -0.6298 -0.7664 0.1268
vn -0.4151 -0.9073 0.0676
vn -0.4973 -0.8665 -0.0430
vn 0.4701 0.8825 -0.0148
vn 0.6557 0.7464 0.1137
vn 0.4592 0.8790 0.1285
vn 0.6173 0.7072 0.3447
vn 0.7214 0.6094 0.3289
vn 0.8470 0.4723 -0.2440
vn -0.0788 0.8159 -0.5728
vn -0.1867 0.9757 -0.1146
vn 0.5063 0.2227 0.8331
vn 0.7845 -0.1223 0.6079
vn -0.5063 -0.2227 -0.8331
vn -0.7845 0.1223 -0.6079
vn -0.8470 -0.4723 0.2440
vn 0.0788 -0.8159 0.5728
vn 0.1867 -0.9757 0.1146
vn -0.6173 -0.7072 -0.3447
vn -0.7214 -0.6094 -0.3289
vn -0.6557 -0.7464 -0.1137
vn -0.4701 -0.8825 0.0148
vn -0.4592 -0.8790 -0.1285
vn -0.1146 0.8023 -0.5858
vn 0.1485 0.8067 -0.5719
vn -0.0575 0.8770 -0.4770
vn 0.2426 0.8956 -0.3728
vn 0.3624 0.8319 -0.4201
vn 0.2720 0.4309 -0.8604
vn -0.7305 0.3150 -0.6059
vn -0.6895 0.6742 -0.2646
vn 0.6259 0.7559 0.1921
vn 0.9083 0.4168 -0.0368
vn -0.6259 -0.7559 -0.1921
vn -0.9083 -0.4168 0.0368
vn -0.2720 -0.4309 0.8604
vn 0.7305 -0.3151 0.6059
vn 0.6895 -0.6742 0.2646
vn -0.2426 -0.8956 0.3728
vn -0.3624 -0.8319 0.4201
vn -0.1485 -0.8067 0.5719
vn 0.1146 -0.8023 0.5858
vn 0.0575 -0.8770 0.4770
vn 0.2109 0.8147 -0.5402
vn 0.4586 0.7332 -0.5021
vn 0.2767 0.8633 -0.4220
vn 0.5540 0.7804 -0.2898
vn 0.6517 0.6829 -0.3300
vn 0.4862 0.3472 -0.8019
vn -0.5223 0.5540 -0.6483
vn -0.4059 0.8693 -0.2820
vn 0.8096 0.5059 0.2975
vn 0.9921 0.1013 0.0737
vn -0.8096 -0.5059 -0.2975
vn -0.9921 -0.1013 -0.0737
vn -0.4862 -0.3472 0.8019
vn 0.5223 -0.5540 0.6483
vn 0.4059 -0.8693 0.2820
vn -0.5540 -0.7804 0.2898
vn -0.6517 -0.6829 0.3300
vn -0.4586 -0.7332 0.5021
vn -0.2109 -0.8147 0.5402
vn -0.2767 -0.8633 0.4220
vn 0.5408 0.0379 0.8403
vn 0.4090 -0.1839 0.8938
vn 0.4150 0.0530 0.9083
vn 0.1855 -0.1586 0.9698
vn 0.1758 -0.2985 0.9381
vn 0.6253 -0.5055 0.5946
vn 0.8577 0.4489 0.2505
vn 0.5206 0.6462 0.5581
vn -0.4856 -0.2813 0.8277
vn -0.3959 -0.7067 0.5864
vn 0.4856 0.2813 -0.8277
vn 0.3959 0.7067 -0.5864
vn -0.6253 0.5055 -0.5946
vn -0.8577 -0.4489 -0.2505
vn -0.5206 -0.6462 -0.5581
vn -0.1855 0.1586 -0.9698
vn -0.1758 0.2985 -0.9381
vn -0.4090 0.1839 -0.8938
vn -0.5408 -0.0379 -0.8403
vn -0.4150 -0.0530 -0.9083
vn 0.2018 0.6915 -0.6936
vn 0.4289 0.7082 -0.5609
vn 0.2054 0.7850 -0.5845
vn 0.4241 0.8318 -0.3582
vn 0.5495 0.7659 -0.3338
vn 0.6557 0.2955 -0.6948
vn -0.3551 0.1842 -0.9165
vn -0.4611 0.5954 -0.6579
vn 0.4976 0.8005 0.3341
vn 0.8394 0.4398 0.3195
vn -0.4976 -0.8005 -0.3341
vn -0.8394 -0.4398 -0.3195
vn -0.6557 -0.2955 0.6948
vn 0.3551 -0.1842 0.9165
vn 0.4611 -0.5954 0.6579
vn -0.4241 -0.8318 0.3582
vn -0.5495 -0.7659 0.3338
vn -0.4289 -0.7082 0.5609
vn -0.2018 -0.6915 0.6936
vn -0.2054 -0.7850 0.5845
vn 0.0547 -0.2944 0.9541
vn -0.1581 -0.1408 0.9773
vn 0.0787 -0.1560 0.9846
vn -0.1191 0.0932 0.9885
vn -0.2598 0.1018 0.9603
vn -0.5033 -0.4114 0.7599
vn 0.4218 -0.7818 0.4593
vn 0.6487 -0.3857 0.6561
vn -0.2185 0.7066 0.6730
vn -0.6587 0.5791 0.4804
vn 0.2185 -0.7066 -0.6730
vn 0.6587 -0.5791 -0.4804
vn 0.5033 0.4114 -0.7599
vn -0.4218 0.7818 -0.4592
vn -0.6487 0.3857 -0.6561
vn 0.1191 -0.0932 -0.9885
vn 0.2598 -0.1018 -0.9603
vn 0.1581 0.1408 -0.9773
vn -0.0547 0.2944 -0.9541
vn -0.0787 0.1560 -0.9846
vn -0.1278 -0.7432 0.6568
vn -0.3427 -0.6041 0.7195
vn -0.1115 -0.6425 0.7581
vn -0.3089 -0.4132 0.8566
vn -0.4416 -0.3786 0.8134
vn -0.6365 -0.6932 0.3381
vn 0.3330 -0.9415 0.0522
vn 0.5136 -0.7237 0.4610
vn -0.3517 0.2814 0.8928
vn -0.7450 0.3108 0.5902
vn 0.3517 -0.2814 -0.8928
vn 0.7450 -0.3108 -0.5902
vn 0.6365 0.6932 -0.3381
vn -0.3330 0.9415 -0.0522
vn -0.5136 0.7237 -0.4610
vn 0.3089 0.4132 -0.8566
vn 0.4416 0.3786 -0.8134
vn 0.3427 0.6041 -0.7195
vn 0.1278 0.7432 -0.6568
vn 0.1115 0.6425 -0.7581
vn -0.8261 -0.3119 0.4693
vn -0.9004 -0.0621 0.4306
vn -0.7906 -0.2179 0.5722
vn -0.8094 0.0996 0.5788
vn -0.8559 0.1930 0.4798
vn -0.9971 -0.0578 -0.0493
vn -0.4149 -0.8981 0.1461
vn -0.3192 -0.7301 0.6042
vn -0.4013 0.6619 0.6331
vn -0.5171 0.8363 0.1822
vn 0.4013 -0.6619 -0.6331
vn 0.5171 -0.8363 -0.1822
vn 0.9971 0.0578 0.0493
vn 0.4149 0.8981 -0.1461
vn 0.3192 0.7301 -0.6042
vn 0.8094 -0.0996 -0.5788
vn 0.8559 -0.1930 -0.4798
vn 0.9004 0.0621 -0.4306
vn 0.8261 0.3119 -0.4693
vn 0.7906 0.2179 -0.5722
vn -0.0497 -0.4817 0.8749
vn -0.2133 -0.2839 0.9348
vn 0.0103 -0.3639 0.9314
vn -0.1124 -0.0763 0.9907
vn -0.2448 -0.0245 0.9693
vn -0.6139 -0.4021 0.6793
vn 0.1825 -0.9419 0.2821
vn 0.5039 -0.6694 0.5459
vn -0.0339 0.5910 0.8060
vn -0.4875 0.6284 0.6061
vn 0.0339 -0.5910 -0.8060
vn 0.4875 -0.6284 -0.6061
vn 0.6139 0.4021 -0.6793
vn -0.1825 0.9419 -0.2821
vn -0.5039 0.6694 -0.5459
vn 0.1124 0.0763 -0.9907
vn 0.2448 0.0245 -0.9693
vn 0.2133 0.2839 -0.9348
vn 0.0497 0.4817 -0.8749
vn -0.0103 0.3639 -0.9314
vn 0.5317 -0.8469 0.0050
vn 0.2952 -0.9541 0.0498
vn 0.4919 -0.8589 0.1426
vn 0.2123 -0.9386 0.2718
vn 0.0872 -0.9737 0.2104
vn 0.0818 -0.9175 -0.3893
vn 0.8890 -0.2605 -0.3767
vn 0.9389 -0.3250 0.1138
vn -0.2868 -0.6746 0.6802
vn -0.6381 -0.6961 0.3291
vn 0.2868 0.6746 -0.6802
vn 0.6381 0.6961 -0.3291
vn -0.0818 0.9175 0.3893
vn -0.8890 0.2605 0.3767
vn -0.9389 0.3250 -0.1138
vn -0.2123 0.9386 -0.2718
vn -0.0872 0.9737 -0.2104
vn -0.2952 0.9541 -0.0498
vn -0.5317 0.8469 -0.0050
vn -0.4919 0.8589 -0.1426
vn -0.6478 -0.7414 0.1751
vn -0.8243 -0.5503 0.1329
vn -0.6882 -0.6650 0.2900
vn -0.8619 -0.3994 0.3123
vn -0.9240 -0.3191 0.2106
vn -0.7965 -0.4913 -0.3523
vn 0.0608 -0.9970 -0.0479
vn -0.0477 -0.9025 0.4280
vn -0.8093 0.2619 0.5258
vn -0.8881 0.4537 0.0740
vn 0.8093 -0.2619 -0.5258
vn 0.8881 -0.4537 -0.0740
vn 0.7965 0.4913 0.3523
vn -0.0608 0.9970 0.0479
vn 0.0477 0.9025 -0.4280
vn 0.8619 0.3994 -0.3123
vn 0.9240 0.3191 -0.2106
vn 0.8243 0.5503 -0.1329
vn 0.6478 0.7414 -0.1751
vn 0.6882 0.6650 -0.2900
vn 0.2745 -0.9205 0.2780
vn 0.0160 -0.9467 0.3218
vn 0.2278 -0.8837 0.4089
vn -0.0678 -0.8502 0.5220
vn -0.1953 -0.8673 0.4579
vn -0.1617 -0.9778 -0.1333
vn 0.7952 -0.5734 -0.1969
vn 0.8063 -0.5119 0.2963
vn -0.4891 -0.3653 0.7921
vn -0.8187 -0.3907 0.4208
vn 0.4891 0.3653 -0.7921
vn 0.8187 0.3907 -0.4208
vn 0.1617 0.9778 0.1333
vn -0.7952 0.5734 0.1969
vn -0.8063 0.5119 -0.2963
vn 0.0678 0.8502 -0.5220
vn 0.1953 0.8673 -0.4579
vn -0.0160 0.9467 -0.3218
vn -0.2745 0.9205 -0.2780
vn -0.2278 0.8837 -0.4089
vn -0.1602 -0.1778 -0.9709
vn -0.0080 0.0355 -0.9993
vn -0.2276 -0.0508 -0.9724
vn -0.1124 0.2456 -0.9628
vn 0.0230 0.2935 -0.9557
vn 0.4354 -0.1405 -0.8892
vn -0.2693 -0.8111 -0.5191
vn -0.6327 -0.4830 -0.6053
vn -0.1275 0.8164 -0.5633
vn 0.3601 0.8077 -0.4667
vn 0.1275 -0.8164 0.5633
vn -0.3601 -0.8078 0.4667
vn -0.4354 0.1405 0.8892
vn 0.2693 0.8111 0.5192
vn 0.6327 0.4830 0.6053
vn 0.1124 -0.2456 0.9628
vn -0.0230 -0.2935 0.9557
vn 0.0080 -0.0355 0.9993
vn 0.1602 0.1778 0.9709
vn 0.2276 0.0508 0.9724
vn 0.3626 -0.9319 -0.0035
vn 0.2332 -0.9459 0.2257
vn 0.4358 -0.8928 0.1139
vn 0.3388 -0.8453 0.4131
vn 0.2082 -0.8565 0.4723
vn -0.2330 -0.9693 0.0782
vn 0.3310 -0.6105 -0.7196
vn 0.7228 -0.5488 -0.4199
vn 0.2973 -0.3407 0.8919
vn -0.1992 -0.3512 0.9149
vn -0.2973 0.3407 -0.8919
vn 0.1992 0.3512 -0.9149
vn 0.2330 0.9693 -0.0782
vn -0.3310 0.6104 0.7196
vn -0.7228 0.5488 0.4199
vn -0.3388 0.8453 -0.4131
vn -0.2082 0.8565 -0.4723
vn -0.2332 0.9459 -0.2257
vn -0.3626 0.9319 0.0035
vn -0.4358 0.8928 -0.1139
vn -0.2116 -0.9730 0.0926
vn -0.4568 -0.8884 0.0460
vn -0.2890 -0.9346 0.2075
vn -0.5708 -0.7885 0.2288
vn -0.6598 -0.7408 0.1264
vn -0.4403 -0.7867 -0.4326
vn 0.5406 -0.8366 -0.0884
vn 0.3795 -0.8427 0.3819
vn -0.8562 -0.2025 0.4753
vn -0.9988 -0.0390 0.0281
vn 0.8562 0.2025 -0.4753
vn 0.9988 0.0390 -0.0281
vn 0.4403 0.7867 0.4326
vn -0.5406 0.8366 0.0884
vn -0.3795 0.8427 -0.3819
vn 0.5708 0.7885 -0.2288
vn 0.6598 0.7408 -0.1264
vn 0.4568 0.8884 -0.0460
vn 0.2116 0.9730 -0.0926
vn 0.2890 0.9346 -0.2075
vn 0.7276 -0.2574 0.6359
vn 0.5633 -0.4566 0.6886
vn 0.6307 -0.2347 0.7397
vn 0.3794 -0.4075 0.8307
vn 0.3281 -0.5321 0.7806
vn 0.6113 -0.7365 0.2898
vn 0.9762 0.2096 0.0552
vn 0.7867 0.3917 0.4772
vn -0.3147 -0.3655 0.8760
vn -0.3960 -0.7338 0.5521
vn 0.3147 0.3655 -0.8760
vn 0.3960 0.7338 -0.5521
vn -0.6113 0.7365 -0.2898
vn -0.9762 -0.2096 -0.0552
vn -0.7867 -0.3917 -0.4772
vn -0.3794 0.4075 -0.8307
vn -0.3281 0.5321 -0.7806
vn -0.5633 0.4566 -0.6886
vn -0.7276 0.2574 -0.6359
vn -0.6307 0.2347 -0.7397
vn 0.9681 -0.0300 0.2488
vn 0.9375 -0.2866 0.1972
vn 0.9266 -0.1129 0.3587
vn 0.8323 -0.4167 0.3657
vn 0.8181 -0.5130 0.2599
vn 0.9116 -0.2897 -0.2917
vn 0.7287 0.6844 0.0261
vn 0.6893 0.5277 0.4963
vn 0.2758 -0.8040 0.5268
vn 0.2135 -0.9748 0.0641
vn -0.2758 0.8040 -0.5268
vn -0.2135 0.9748 -0.0641
vn -0.9116 0.2897 0.2917
vn -0.7287 -0.6844 -0.0261
vn -0.6893 -0.5278 -0.4963
vn -0.8323 0.4167 -0.3657
vn -0.8181 0.5130 -0.2599
vn -0.9375 0.2866 -0.1972
vn -0.9681 0.0300 -0.2488
vn -0.9266 0.1129 -0.3587
vn 0.9679 0.0600 0.2440
vn 0.9583 -0.2003 0.2040
vn 0.9336 -0.0210 0.3577
vn 0.8644 -0.3308 0.3787
vn 0.8578 -0.4326 0.2774
vn 0.9315 -0.2273 -0.2841
vn 0.6705 0.7418 -0.0086
vn 0.6452 0.6037 0.4683
vn 0.3417 -0.7546 0.5602
vn 0.2924 -0.9504 0.1059
vn -0.3417 0.7546 -0.5602
vn -0.2924 0.9504 -0.1059
vn -0.9315 0.2273 0.2841
vn -0.6705 -0.7418 0.0086
vn -0.6452 -0.6037 -0.4683
vn -0.8644 0.3309 -0.3787
vn -0.8578 0.4326 -0.2774
vn -0.9583 0.2003 -0.2040
vn -0.9679 -0.0600 -0.2440
vn -0.9336 0.0210 -0.3577
vn -0.8401 0.4925 -0.2274
vn -0.6702 0.6861 -0.2829
vn -0.8056 0.5804 -0.1190
vn -0.5829 0.8066 -0.0979
vn -0.4860 0.8522 -0.1938
vn -0.4727 0.5310 -0.7032
vn -0.9250 -0.2883 -0.2477
vn -0.9849 -0.0273 0.1712
vn -0.0086 0.9645 0.2639
vn 0.2914 0.9474 -0.1322
vn 0.0086 -0.9645 -0.2639
vn -0.2914 -0.9474 0.1322
vn 0.4727 -0.5310 0.7032
vn 0.9250 0.2883 0.2477
vn 0.9849 0.0273 -0.1712
vn 0.5829 -0.8066 0.0979
vn 0.4860 -0.8522 0.1938
vn 0.6702 -0.6861 0.2829
vn 0.8401 -0.4925 0.2274
vn 0.8056 -0.5804 0.1190
vn 0.9630 -0.0196 -0.2688
vn 0.9203 -0.2797 -0.2734
vn 0.9852 -0.0903 -0.1456
vn 0.9185 -0.3903 -0.0633
vn 0.8569 -0.4967 -0.1380
vn 0.6533 -0.3319 -0.6804
vn 0.6177 0.6721 -0.4083
vn 0.8248 0.5645 0.0306
vn 0.5323 -0.7506 0.3913
vn 0.2533 -0.9665 0.0411
vn -0.5323 0.7506 -0.3913
vn -0.2533 0.9665 -0.0411
vn -0.6533 0.3319 0.6804
vn -0.6177 -0.6721 0.4083
vn -0.8248 -0.5645 -0.0306
vn -0.9185 0.3903 0.0633
vn -0.8569 0.4967 0.1380
vn -0.9203 0.2797 0.2734
vn -0.9630 0.0196 0.2688
vn -0.9852 0.0903 0.1456
vn -0.0122 -0.9999 0.0110
vn -0.2658 -0.9627 -0.0505
vn -0.1036 -0.9872 0.1213
vn -0.4104 -0.9029 0.1281
vn -0.4999 -0.8658 0.0219
vn -0.2374 -0.8215 -0.5184
vn 0.7064 -0.7012 -0.0964
vn 0.5177 -0.7775 0.3571
vn -0.8269 -0.4079 0.3871
vn -0.9688 -0.2407 -0.0591
vn 0.8269 0.4079 -0.3871
vn 0.9688 0.2407 0.0591
vn 0.2374 0.8215 0.5184
vn -0.7064 0.7012 0.0964
vn -0.5177 0.7775 -0.3571
vn 0.4104 0.9029 -0.1281
vn 0.4999 0.8658 -0.0219
vn 0.2658 0.9627 0.0505
vn 0.0122 0.9999 -0.0110
vn 0.1036 0.9872 -0.1213
vn 0.4799 -0.8763 -0.0427
vn 0.2366 -0.9677 -0.0865
vn 0.4031 -0.9122 0.0734
vn 0.0960 -0.9900 0.1036
vn -0.0083 -1.0000 0.0052
vn 0.1547 -0.8228 -0.5469
vn 0.9490 -0.2607 -0.1774
vn 0.8587 -0.4279 0.2820
vn -0.4873 -0.7688 0.4141
vn -0.7280 -0.6855 -0.0129
vn 0.4873 0.7688 -0.4141
vn 0.7280 0.6855 0.0129
vn -0.1547 0.8228 0.5469
vn -0.9490 0.2607 0.1774
vn -0.8587 0.4279 -0.2820
vn -0.0960 0.9900 -0.1036
vn 0.0083 1.0000 -0.0052
vn -0.2366 0.9677 0.0865
vn -0.4799 0.8763 0.0427
vn -0.4031 0.9122 -0.0734
vn 0.5578 -0.0010 -0.8300
vn 0.7250 -0.1338 -0.6756
vn 0.6516 0.0777 -0.7546
vn 0.8527 -0.0050 -0.5223
vn 0.8776 -0.1325 -0.4607
vn 0.5084 -0.5717 -0.6440
vn -0.2069 0.1094 -0.9722
vn 0.0991 0.4871 -0.8677
vn 0.9808 0.1244 0.1503
vn 0.8916 -0.3425 0.2962
vn -0.9808 -0.1244 -0.1503
vn -0.8916 0.3425 -0.2962
vn -0.5084 0.5717 0.6440
vn 0.2069 -0.1094 0.9722
vn -0.0991 -0.4871 0.8677
vn -0.8527 0.0050 0.5223
vn -0.8776 0.1325 0.4607
vn -0.7250 0.1338 0.6756
vn -0.5578 0.0010 0.8300
vn -0.6516 -0.0777 0.7546
vn 0.9236 0.3295 -0.1961
vn 0.9899 0.1392 -0.0262
vn 0.9286 0.3665 -0.0572
vn 0.9607 0.1881 0.2043
vn 0.9745 0.0459 0.2197
vn 0.9186 -0.2650 -0.2932
vn 0.4051 0.5124 -0.7572
vn 0.4766 0.8022 -0.3596
vn 0.6169 0.0203 0.7868
vn 0.5799 -0.4618 0.6711
vn -0.6169 -0.0203 -0.7868
vn -0.5799 0.4618 -0.6711
vn -0.9186 0.2650 0.2932
vn -0.4051 -0.5124 0.7572
vn -0.4766 -0.8022 0.3596
vn -0.9607 -0.1881 -0.2043
vn -0.9745 -0.0459 -0.2197
vn -0.9899 -0.1392 0.0262
vn -0.9236 -0.3295 0.1961
vn -0.9286 -0.3665 0.0572
vn 0.7951 -0.2255 0.5630
vn 0.6801 -0.4625 0.5688
vn 0.7006 -0.2482 0.6690
vn 0.4969 -0.4876 0.7179
vn 0.4712 -0.6062 0.6407
vn 0.7680 -0.6296 0.1171
vn 0.9100 0.4014 0.1037
vn 0.7060 0.4393 0.5555
vn -0.1871 -0.6103 0.7698
vn -0.2028 -0.9064 0.3707
vn 0.1871 0.6103 -0.7698
vn 0.2028 0.9064 -0.3707
vn -0.7680 0.6296 -0.1171
vn -0.9100 -0.4014 -0.1037
vn -0.7060 -0.4393 -0.5555
vn -0.4969 0.4876 -0.7179
vn -0.4712 0.6062 -0.6407
vn -0.6801 0.4625 -0.5688
vn -0.7951 0.2255 -0.5630
vn -0.7006 0.2482 -0.6690
vn 0.4004 0.7488 -0.5281
vn 0.5886 0.5700 -0.5733
vn 0.5084 0.7442 -0.4333
vn 0.7453 0.5346 -0.3984
vn 0.7771 0.4157 -0.4726
vn 0.3686 0.2684 -0.8900
vn -0.3739 0.8267 -0.4205
vn -0.0434 0.9950 -0.0895
vn 0.9950 0.0766 0.0636
vn 0.9199 -0.3177 -0.2298
vn -0.9950 -0.0766 -0.0636
vn -0.9199 0.3177 0.2298
vn -0.3686 -0.2684 0.8900
vn 0.3739 -0.8267 0.4205
vn 0.0434 -0.9950 0.0895
vn -0.7453 -0.5346 0.3984
vn -0.7771 -0.4157 0.4726
vn -0.5886 -0.5700 0.5733
vn -0.4004 -0.7488 0.5281
vn -0.5084 -0.7442 0.4333
vn 0.7034 0.1409 -0.6967
vn 0.8255 -0.0500 -0.5622
vn 0.7877 0.1830 -0.5882
vn 0.9327 0.0146 -0.3604
vn 0.9338 -0.1268 -0.3346
vn 0.5684 -0.4461 -0.6913
vn -0.0071 0.3902 -0.9207
vn 0.3059 0.6804 -0.6659
vn 0.9413 -0.0575 0.3327
vn 0.7844 -0.5292 0.3234
vn -0.9413 0.0575 -0.3327
vn -0.7844 0.5292 -0.3234
vn -0.5684 0.4461 0.6913
vn 0.0072 -0.3902 0.9207
vn -0.3059 -0.6804 0.6659
vn -0.9327 -0.0146 0.3604
vn -0.9338 0.1268 0.3346
vn -0.8255 0.0500 0.5622
vn -0.7034 -0.1409 0.6967
vn -0.7877 -0.1830 0.5882
vn 0.4888 0.8692 -0.0745
vn 0.6938 0.7101 -0.1203
vn 0.5629 0.8255 0.0407
vn 0.7920 0.6066 0.0695
vn 0.8530 0.5211 -0.0287
vn 0.6019 0.5540 -0.5752
vn -0.2851 0.9394 -0.1903
vn -0.0833 0.9610 0.2635
vn 0.9208 0.0013 0.3899
vn 0.9660 -0.2563 -0.0328
vn -0.9208 -0.0013 -0.3899
vn -0.9660 0.2563 0.0328
vn -0.6019 -0.5540 0.5752
vn 0.2851 -0.9394 0.1903
vn 0.0833 -0.9610 -0.2635
vn -0.7920 -0.6066 -0.0695
vn -0.8530 -0.5211 0.0287
vn -0.6938 -0.7101 0.1203
vn -0.4888 -0.8692 0.0745
vn -0.5629 -0.8255 -0.0407
vn 0.7613 -0.6398 -0.1050
vn 0.7109 -0.6873 0.1492
vn 0.8303 -0.5573 -0.0096
vn 0.7927 -0.5278 0.3050
vn 0.7016 -0.5930 0.3951
vn 0.2966 -0.9469 0.1241
vn 0.4157 -0.4569 -0.7864
vn 0.7830 -0.1820 -0.5948
vn 0.6183 -0.0528 0.7841
vn 0.2106 -0.2960 0.9317
vn -0.6183 0.0528 -0.7841
vn -0.2106 0.2960 -0.9317
vn -0.2966 0.9469 -0.1241
vn -0.4157 0.4569 0.7864
vn -0.7830 0.1820 0.5948
vn -0.7927 0.5278 -0.3050
vn -0.7016 0.5930 -0.3951
vn -0.7109 0.6873 -0.1492
vn -0.7613 0.6398 0.1050
vn -0.8303 0.5573 0.0096
vn 0.7422 -0.6025 -0.2935
vn 0.6113 -0.7777 -0.1465
vn 0.7781 -0.6089 -0.1545
vn 0.6413 -0.7622 0.0885
vn 0.5247 -0.8462 0.0928
vn 0.2226 -0.8762 -0.4274
vn 0.6391 0.0143 -0.7690
vn 0.9298 0.0374 -0.3663
vn 0.3303 -0.6344 0.6989
vn -0.1078 -0.8227 0.5582
vn -0.3303 0.6344 -0.6989
vn 0.1078 0.8227 -0.5582
vn -0.2226 0.8762 0.4274
vn -0.6391 -0.0143 0.7690
vn -0.9298 -0.0374 0.3663
vn -0.6413 0.7622 -0.0885
vn -0.5247 0.8462 -0.0928
vn -0.6113 0.7777 0.1465
vn -0.7422 0.6025 0.2935
vn -0.7781 0.6089 0.1545
vn 0.2685 0.1117 -0.9568
vn 0.5044 0.0415 -0.8625
vn 0.3530 0.2182 -0.9098
vn 0.6277 0.2100 -0.7496
vn 0.7053 0.0988 -0.7020
vn 0.4433 -0.4376 -0.7823
vn -0.5021 -0.0102 -0.8648
vn -0.3027 0.4447 -0.8430
vn 0.9017 0.4089 -0.1405
vn 0.9984 -0.0548 0.0106
vn -0.9017 -0.4089 0.1405
vn -0.9984 0.0548 -0.0106
vn -0.4433 0.4376 0.7823
vn 0.5021 0.0102 0.8648
vn 0.3027 -0.4447 0.8430
vn -0.6277 -0.2100 0.7496
vn -0.7053 -0.0988 0.7020
vn -0.5044 -0.0415 0.8625
vn -0.2685 -0.1117 0.9568
vn -0.3530 -0.2182 0.9098
vn 0.2106 -0.9515 0.2242
vn -0.0499 -0.9638 0.2621
vn 0.1636 -0.9199 0.3563
vn -0.1314 -0.8747 0.4666
vn -0.2584 -0.8796 0.3994
vn -0.2201 -0.9554 -0.1969
vn 0.7615 -0.6099 -0.2197
vn 0.7665 -0.5796 0.2765
vn -0.5268 -0.3813 0.7597
vn -0.8499 -0.3628 0.3823
vn 0.5268 0.3813 -0.7597
vn 0.8499 0.3628 -0.3823
vn 0.2201 0.9554 0.1969
vn -0.7615 0.6099 0.2197
vn -0.7665 0.5796 -0.2765
vn 0.1314 0.8747 -0.4666
vn 0.2584 0.8796 -0.3994
vn 0.0499 0.9638 -0.2621
vn -0.2106 0.9515 -0.2242
vn -0.1636 0.9199 -0.3563
vn 0.5177 -0.8491 -0.1052
vn 0.2763 -0.9544 -0.1132
vn 0.4604 -0.8874 0.0210
vn 0.1657 -0.9816 0.0952
vn 0.0491 -0.9987 0.0128
vn 0.1217 -0.8208 -0.5581
vn 0.9273 -0.2105 -0.3094
vn 0.9129 -0.3758 0.1592
vn -0.3791 -0.7884 0.4844
vn -0.6824 -0.7246 0.0957
vn 0.3791 0.7884 -0.4844
vn 0.6824 0.7246 -0.0957
vn -0.1217 0.8208 0.5581
vn -0.9273 0.2105 0.3094
vn -0.9129 0.3758 -0.1592
vn -0.1657 0.9816 -0.0952
vn -0.0491 0.9987 -0.0128
vn -0.2763 0.9544 0.1132
vn -0.5177 0.8491 0.1052
vn -0.4604 0.8874 -0.0210
vn 0.4553 -0.8598 0.2313
vn 0.2222 -0.9130 0.3422
vn 0.4389 -0.8195 0.3683
vn 0.1802 -0.8131 0.5535
vn 0.0440 -0.8496 0.5256
vn -0.0599 -0.9970 -0.0491
vn 0.7873 -0.4885 -0.3762
vn 0.9154 -0.3913 0.0942
vn -0.2186 -0.3631 0.9057
vn -0.6256 -0.4534 0.6349
vn 0.2186 0.3631 -0.9057
vn 0.6256 0.4534 -0.6349
vn 0.0599 0.9970 0.0491
vn -0.7873 0.4885 0.3762
vn -0.9154 0.3913 -0.0942
vn -0.1802 0.8131 -0.5535
vn -0.0440 0.8496 -0.5256
vn -0.2222 0.9130 -0.3422
vn -0.4553 0.8598 -0.2313
vn -0.4389 0.8195 -0.3683
vn 0.7779 -0.3118 0.5455
vn 0.5885 -0.3680 0.7199
vn 0.7423 -0.2070 0.6373
vn 0.5020 -0.1855 0.8448
vn 0.3959 -0.2776 0.8753
vn 0.3809 -0.7641 0.5206
vn 0.9306 -0.2890 -0.2248
vn 0.9918 0.1080 0.0680
vn -0.0616 0.2024 0.9774
vn -0.3818 -0.1715 0.9082
vn 0.0616 -0.2024 -0.9774
vn 0.3818 0.1715 -0.9082
vn -0.3809 0.7641 -0.5206
vn -0.9306 0.2890 0.2248
vn -0.9918 -0.1080 -0.0680
vn -0.5020 0.1855 -0.8448
vn -0.3959 0.2776 -0.8753
vn -0.5885 0.3680 -0.7199
vn -0.7779 0.3118 -0.5455
vn -0.7423 0.2070 -0.6373
vn -0.3580 0.0747 -0.9307
vn -0.1812 0.2695 -0.9458
vn -0.4034 0.2054 -0.8917
vn -0.2423 0.4759 -0.8455
vn -0.1019 0.5047 -0.8573
vn 0.2407 0.0224 -0.9703
vn -0.4844 -0.6300 -0.6071
vn -0.8000 -0.2509 -0.5451
vn -0.0939 0.9348 -0.3425
vn 0.3953 0.8473 -0.3547
vn 0.0939 -0.9348 0.3425
vn -0.3953 -0.8473 0.3547
vn -0.2407 -0.0224 0.9703
vn 0.4844 0.6300 0.6071
vn 0.8000 0.2509 0.5451
vn 0.2423 -0.4759 0.8455
vn 0.1019 -0.5047 0.8573
vn 0.1812 -0.2695 0.9458
vn 0.3580 -0.0747 0.9307
vn 0.4034 -0.2054 0.8917
vn 0.8230 0.1629 0.5442
vn 0.8537 -0.0968 0.5116
vn 0.7618 0.0783 0.6431
vn 0.7217 -0.2373 0.6503
vn 0.7592 -0.3388 0.5557
vn 0.9913 -0.1249 0.0426
vn 0.5564 0.8097 0.1867
vn 0.3906 0.6680 0.6335
vn 0.2149 -0.7153 0.6649
vn 0.3375 -0.9138 0.2259
vn -0.2149 0.7153 -0.6649
vn -0.3375 0.9138 -0.2259
vn -0.9913 0.1249 -0.0426
vn -0.5564 -0.8097 -0.1867
vn -0.3906 -0.6680 -0.6335
vn -0.7217 0.2373 -0.6503
vn -0.7592 0.3388 -0.5557
vn -0.8537 0.0968 -0.5116
vn -0.8230 -0.1629 -0.5442
vn -0.7618 -0.0783 -0.6431
vn 0.9265 0.3652 -0.0910
vn 0.9899 0.1094 -0.0904
vn 0.9514 0.3058 0.0375
vn 0.9926 0.0016 0.1212
vn 0.9921 -0.1184 0.0420
vn 0.8439 -0.0328 -0.5355
vn 0.3715 0.8701 -0.3239
vn 0.5196 0.8412 0.1498
vn 0.7005 -0.4923 0.5166
vn 0.5968 -0.7912 0.1331
vn -0.7005 0.4923 -0.5166
vn -0.5968 0.7912 -0.1331
vn -0.8439 0.0328 0.5355
vn -0.3715 -0.8701 0.3239
vn -0.5196 -0.8412 -0.1498
vn -0.9926 -0.0016 -0.1212
vn -0.9921 0.1184 -0.0420
vn -0.9899 -0.1094 0.0904
vn -0.9265 -0.3652 0.0910
vn -0.9514 -0.3058 -0.0375
vn 0.3577 0.4888 -0.7957
vn 0.5866 0.4561 -0.6693
vn 0.3948 0.5919 -0.7027
vn 0.6298 0.6039 -0.4885
vn 0.7314 0.5078 -0.4552
vn 0.6740 -0.0207 -0.7385
vn -0.3354 0.1447 -0.9309
vn -0.3011 0.6022 -0.7394
vn 0.7291 0.6547 0.1994
vn 0.9481 0.2101 0.2387
vn -0.7291 -0.6547 -0.1994
vn -0.9481 -0.2101 -0.2387
vn -0.6740 0.0207 0.7385
vn 0.3354 -0.1447 0.9309
vn 0.3011 -0.6022 0.7394
vn -0.6298 -0.6039 0.4885
vn -0.7314 -0.5078 0.4552
vn -0.5866 -0.4561 0.6693
vn -0.3577 -0.4888 0.7957
vn -0.3948 -0.5919 0.7027
vn 0.4897 -0.3002 -0.8186
vn 0.5795 -0.4857 -0.6544
vn 0.6096 -0.2686 -0.7458
vn 0.7531 -0.4206 -0.5059
vn 0.7178 -0.5418 -0.4372
vn 0.1879 -0.7750 -0.6034
vn -0.1426 0.1371 -0.9802
vn 0.3024 0.3399 -0.8905
vn 0.9315 -0.3262 0.1611
vn 0.6412 -0.6928 0.3300
vn -0.9315 0.3262 -0.1611
vn -0.6412 0.6928 -0.3300
vn -0.1879 0.7750 0.6034
vn 0.1426 -0.1371 0.9802
vn -0.3024 -0.3399 0.8905
vn -0.7531 0.4206 0.5059
vn -0.7178 0.5418 0.4372
vn -0.5795 0.4857 0.6544
vn -0.4897 0.3002 0.8186
vn -0.6096 0.2686 0.7458
vn -0.0385 0.3659 -0.9299
vn 0.2124 0.4280 -0.8785
vn -0.0154 0.4942 -0.8692
vn 0.2485 0.6203 -0.7440
vn 0.3811 0.5664 -0.7307
vn 0.4322 -0.0089 -0.9017
vn -0.5887 -0.1768 -0.7888
vn -0.6605 0.3044 -0.6863
vn 0.4963 0.8572 -0.1373
vn 0.8526 0.5120 -0.1047
vn -0.4963 -0.8572 0.1373
vn -0.8526 -0.5120 0.1047
vn -0.4322 0.0089 0.9017
vn 0.5887 0.1768 0.7888
vn 0.6605 -0.3044 0.6863
vn -0.2485 -0.6203 0.7440
vn -0.3811 -0.5664 0.7307
vn -0.2124 -0.4280 0.8785
vn 0.0385 -0.3659 0.9299
vn 0.0154 -0.4942 0.8692
vn 0.6405 -0.7594 -0.1144
vn 0.4707 -0.8811 0.0461
vn 0.6651 -0.7462 0.0266
vn 0.4869 -0.8284 0.2771
vn 0.3571 -0.8899 0.2838
vn 0.0907 -0.9636 -0.2514
vn 0.6823 -0.2304 -0.6938
vn 0.9442 -0.1828 -0.2739
vn 0.1628 -0.5428 0.8239
vn -0.2912 -0.6789 0.6740
vn -0.1628 0.5428 -0.8239
vn 0.2912 0.6789 -0.6740
vn -0.0907 0.9636 0.2514
vn -0.6823 0.2304 0.6938
vn -0.9442 0.1828 0.2739
vn -0.4869 0.8284 -0.2771
vn -0.3571 0.8899 -0.2838
vn -0.4707 0.8811 -0.0461
vn -0.6405 0.7594 0.1144
vn -0.6651 0.7462 -0.0266
vn 0.8868 0.4595 0.0496
vn 0.9766 0.2124 0.0327
vn 0.9046 0.3893 0.1738
vn 0.9692 0.0832 0.2318
vn 0.9895 -0.0271 0.1419
vn 0.8929 0.1055 -0.4377
vn 0.3079 0.9313 -0.1944
vn 0.4091 0.8659 0.2879
vn 0.6924 -0.4759 0.5423
vn 0.6609 -0.7404 0.1225
vn -0.6924 0.4759 -0.5423
vn -0.6609 0.7404 -0.1225
vn -0.8929 -0.1055 0.4377
vn -0.3079 -0.9313 0.1944
vn -0.4091 -0.8659 -0.2879
vn -0.9692 -0.0832 -0.2318
vn -0.9895 0.0271 -0.1419
vn -0.9766 -0.2124 -0.0327
vn -0.8868 -0.4595 -0.0496
vn -0.9046 -0.3893 -0.1738
vn 0.6270 0.7740 0.0888
vn 0.8087 0.5843 0.0671
vn 0.6697 0.7120 0.2113
vn 0.8509 0.4554 0.2620
vn 0.9150 0.3660 0.1695
vn 0.7818 0.4712 -0.4084
vn -0.0889 0.9835 -0.1578
vn 0.0230 0.9454 0.3251
vn 0.8172 -0.1794 0.5477
vn 0.9006 -0.4179 0.1195
vn -0.8172 0.1794 -0.5477
vn -0.9006 0.4179 -0.1195
vn -0.7818 -0.4712 0.4084
vn 0.0889 -0.9835 0.1578
vn -0.0230 -0.9454 -0.3251
vn -0.8509 -0.4554 -0.2620
vn -0.9150 -0.3660 -0.1695
vn -0.8087 -0.5843 -0.0671
vn -0.6270 -0.7740 -0.0888
vn -0.6697 -0.7120 -0.2113
vn 0.5950 -0.8019 0.0544
vn 0.4459 -0.8549 0.2652
vn 0.6396 -0.7474 0.1798
vn 0.4961 -0.7342 0.4634
vn 0.3668 -0.7810 0.5054
vn 0.0255 -0.9979 0.0591
vn 0.5704 -0.4840 -0.6636
vn 0.8903 -0.3274 -0.3167
vn 0.2611 -0.2698 0.9268
vn -0.2134 -0.4123 0.8857
vn -0.2611 0.2698 -0.9268
vn 0.2134 0.4123 -0.8857
vn -0.0255 0.9979 -0.0591
vn -0.5704 0.4840 0.6636
vn -0.8903 0.3274 0.3167
vn -0.4961 0.7342 -0.4634
vn -0.3668 0.7810 -0.5054
vn -0.4459 0.8549 -0.2652
vn -0.5950 0.8019 -0.0544
vn -0.6396 0.7474 -0.1798
vn 0.2961 -0.9281 0.2257
vn 0.0752 -0.9262 0.3695
vn 0.3080 -0.8803 0.3608
vn 0.0852 -0.8120 0.5774
vn -0.0582 -0.8195 0.5702
vn -0.2708 -0.9623 0.0250
vn 0.6078 -0.6589 -0.4432
vn 0.8188 -0.5741 -0.0011
vn -0.1579 -0.2746 0.9485
vn -0.6090 -0.2857 0.7399
vn 0.1579 0.2746 -0.9485
vn 0.6090 0.2857 -0.7399
vn 0.2708 0.9623 -0.0250
vn -0.6078 0.6589 0.4432
vn -0.8188 0.5741 0.0011
vn -0.0852 0.8120 -0.5774
vn 0.0582 0.8195 -0.5702
vn -0.0752 0.9262 -0.3695
vn -0.2961 0.9281 -0.2257
vn -0.3080 0.8803 -0.3608
vn -0.2767 0.5022 -0.8193
vn -0.0171 0.5025 -0.8644
vn -0.2024 0.6123 -0.7643
vn 0.1113 0.6607 -0.7424
vn 0.2220 0.5791 -0.7844
vn 0.0638 0.0383 -0.9972
vn -0.8563 0.0701 -0.5117
vn -0.7646 0.5346 -0.3600
vn 0.6106 0.7467 -0.2639
vn 0.8571 0.3344 -0.3920
vn -0.6106 -0.7467 0.2639
vn -0.8571 -0.3344 0.3920
vn -0.0638 -0.0383 0.9972
vn 0.8563 -0.0701 0.5117
vn 0.7646 -0.5346 0.3600
vn -0.1113 -0.6607 0.7424
vn -0.2220 -0.5791 0.7844
vn 0.0171 -0.5025 0.8644
vn 0.2767 -0.5022 0.8193
vn 0.2024 -0.6123 0.7643
vn 0.8633 -0.3449 -0.3684
vn 0.8850 -0.4480 -0.1268
vn 0.9267 -0.2625 -0.2690
vn 0.9529 -0.2998 0.0459
vn 0.9050 -0.4043 0.1323
vn 0.5614 -0.8151 -0.1433
vn 0.3397 -0.1656 -0.9259
vn 0.6517 0.1730 -0.7385
vn 0.7667 0.0095 0.6419
vn 0.4829 -0.3694 0.7939
vn -0.7667 -0.0095 -0.6419
vn -0.4829 0.3693 -0.7940
vn -0.5614 0.8151 0.1433
vn -0.3397 0.1656 0.9259
vn -0.6517 -0.1730 0.7384
vn -0.9529 0.2998 -0.0459
vn -0.9050 0.4043 -0.1323
vn -0.8850 0.4480 0.1268
vn -0.8633 0.3449 0.3684
vn -0.9267 0.2625 0.2690
vn -0.0593 0.9658 -0.2525
vn 0.2030 0.9517 -0.2305
vn -0.0044 0.9925 -0.1223
vn 0.2911 0.9566 -0.0101
vn 0.4107 0.9088 -0.0741
vn 0.3257 0.7020 -0.6334
vn -0.6908 0.5512 -0.4680
vn -0.6522 0.7579 -0.0175
vn 0.6435 0.6007 0.4745
vn 0.9234 0.3554 0.1450
vn -0.6435 -0.6007 -0.4745
vn -0.9234 -0.3554 -0.1450
vn -0.3257 -0.7020 0.6334
vn 0.6908 -0.5512 0.4680
vn 0.6522 -0.7579 0.0175
vn -0.2911 -0.9566 0.0101
vn -0.4107 -0.9088 0.0741
vn -0.2030 -0.9517 0.2305
vn 0.0593 -0.9658 0.2525
vn 0.0044 -0.9925 0.1223
vn 0.9426 -0.3328 -0.0294
vn 0.8241 -0.5580 -0.0977
vn 0.9041 -0.4201 0.0782
vn 0.7257 -0.6835 0.0782
vn 0.6589 -0.7516 -0.0293
vn 0.6869 -0.4652 -0.5584
vn 0.8885 0.4477 -0.1009
vn 0.9122 0.2246 0.3427
vn 0.1302 -0.9303 0.3429
vn -0.0858 -0.9912 -0.1007
vn -0.1302 0.9303 -0.3429
vn 0.0858 0.9912 0.1007
vn -0.6869 0.4652 0.5584
vn -0.8885 -0.4477 0.1009
vn -0.9122 -0.2246 -0.3427
vn -0.7257 0.6835 -0.0782
vn -0.6589 0.7516 0.0293
vn -0.8241 0.5580 0.0977
vn -0.9426 0.3328 0.0294
vn -0.9041 0.4201 -0.0782
vn 0.0827 -0.9965 0.0116
vn -0.1752 -0.9837 -0.0411
vn -0.0056 -0.9921 0.1249
vn -0.3185 -0.9372 0.1425
vn -0.4147 -0.9091 0.0395
vn -0.1766 -0.8420 -0.5097
vn 0.7657 -0.6317 -0.1210
vn 0.6010 -0.7239 0.3389
vn -0.7707 -0.4828 0.4159
vn -0.9432 -0.3314 -0.0251
vn 0.7707 0.4828 -0.4159
vn 0.9432 0.3314 0.0251
vn 0.1766 0.8420 0.5097
vn -0.7657 0.6317 0.1210
vn -0.6010 0.7239 -0.3389
vn 0.3185 0.9372 -0.1425
vn 0.4147 0.9091 -0.0395
vn 0.1752 0.9837 0.0411
vn -0.0827 0.9965 -0.0116
vn 0.0056 0.9921 -0.1249
vn 0.4301 -0.8903 0.1499
vn 0.1914 -0.9507 0.2439
vn 0.4083 -0.8656 0.2899
vn 0.1417 -0.8748 0.4633
vn 0.0062 -0.9049 0.4256
vn -0.0742 -0.9833 -0.1661
vn 0.7952 -0.4592 -0.3961
vn 0.9037 -0.4192 0.0875
vn -0.2650 -0.4595 0.8477
vn -0.6609 -0.5094 0.5511
vn 0.2650 0.4595 -0.8477
vn 0.6609 0.5094 -0.5511
vn 0.0742 0.9833 0.1661
vn -0.7952 0.4592 0.3961
vn -0.9037 0.4192 -0.0875
vn -0.1417 0.8748 -0.4633
vn -0.0062 0.9049 -0.4256
vn -0.1914 0.9507 -0.2439
vn -0.4301 0.8903 -0.1499
vn -0.4083 0.8656 -0.2899
vn 0.2703 -0.9628 0.0042
vn 0.0113 -0.9993 0.0367
vn 0.2225 -0.9649 0.1397
vn -0.0739 -0.9640 0.2555
vn -0.2009 -0.9613 0.1883
vn -0.1627 -0.8977 -0.4095
vn 0.7956 -0.4963 -0.3475
vn 0.8028 -0.5790 0.1427
vn -0.4963 -0.5750 0.6504
vn -0.8230 -0.4914 0.2850
vn 0.4963 0.5750 -0.6504
vn 0.8230 0.4914 -0.2850
vn 0.1627 0.8977 0.4095
vn -0.7956 0.4963 0.3475
vn -0.8028 0.5790 -0.1427
vn 0.0739 0.9640 -0.2555
vn 0.2009 0.9613 -0.1883
vn -0.0113 0.9993 -0.0367
vn -0.2703 0.9628 -0.0042
vn -0.2225 0.9649 -0.1397
vn -0.3791 0.2791 -0.8823
vn -0.1332 0.3655 -0.9212
vn -0.3511 0.4136 -0.8400
vn -0.0755 0.5711 -0.8174
vn 0.0590 0.5294 -0.8463
vn 0.1115 -0.0526 -0.9924
vn -0.7925 -0.2919 -0.5355
vn -0.8770 0.1890 -0.4418
vn 0.3310 0.8793 -0.3426
vn 0.7125 0.5681 -0.4119
vn -0.3310 -0.8793 0.3426
vn -0.7125 -0.5681 0.4119
vn -0.1115 0.0526 0.9924
vn 0.7925 0.2919 0.5355
vn 0.8770 -0.1890 0.4418
vn 0.0755 -0.5711 0.8174
vn -0.0590 -0.5294 0.8463
vn 0.1332 -0.3655 0.9212
vn 0.3791 -0.2791 0.8823
vn 0.3511 -0.4136 0.8400
vn -0.3543 0.7948 -0.4928
vn -0.0982 0.8372 -0.5381
vn -0.2842 0.8736 -0.3951
vn 0.0265 0.9326 -0.3599
vn 0.1396 0.8886 -0.4369
vn 0.0049 0.4926 -0.8703
vn -0.8865 0.2236 -0.4051
vn -0.8166 0.5741 -0.0596
vn 0.5453 0.8329 0.0945
vn 0.8102 0.5460 -0.2131
vn -0.5453 -0.8329 -0.0945
vn -0.8102 -0.5460 0.2131
vn -0.0049 -0.4926 0.8703
vn 0.8865 -0.2236 0.4051
vn 0.8166 -0.5741 0.0596
vn -0.0265 -0.9326 0.3599
vn -0.1396 -0.8886 0.4369
vn 0.0982 -0.8372 0.5381
vn 0.3543 -0.7948 0.4928
vn 0.2842 -0.8736 0.3951
vn 0.0907 0.9945 0.0529
vn 0.2021 0.9371 0.2847
vn 0.0024 0.9861 0.1661
vn 0.0545 0.8846 0.4631
vn 0.1735 0.8331 0.5252
vn 0.6363 0.7573 0.1472
vn 0.0084 0.7308 -0.6825
vn -0.3831 0.8352 -0.3945
vn -0.1548 0.3903 0.9076
vn 0.2929 0.1765 0.9397
vn 0.1548 -0.3903 -0.9076
vn -0.2929 -0.1765 -0.9397
vn -0.6363 -0.7573 -0.1472
vn -0.0084 -0.7308 0.6825
vn 0.3831 -0.8352 0.3945
vn -0.0545 -0.8846 -0.4631
vn -0.1735 -0.8331 -0.5252
vn -0.2021 -0.9371 -0.2847
vn -0.0907 -0.9945 -0.0529
vn -0.0024 -0.9861 -0.1661
vn 0.8922 -0.0098 -0.4516
vn 0.9043 -0.2507 -0.3455
vn 0.9475 -0.0187 -0.3192
vn 0.9582 -0.2620 -0.1145
vn 0.9093 -0.3967 -0.1261
vn 0.5940 -0.5023 -0.6284
vn 0.3932 0.5097 -0.7652
vn 0.6840 0.6237 -0.3784
vn 0.7310 -0.4430 0.5190
vn 0.4519 -0.8194 0.3528
vn -0.7310 0.4430 -0.5189
vn -0.4519 0.8194 -0.3528
vn -0.5940 0.5023 0.6284
vn -0.3932 -0.5097 0.7652
vn -0.6840 -0.6237 0.3784
vn -0.9582 0.2620 0.1145
vn -0.9093 0.3967 0.1261
vn -0.9043 0.2507 0.3455
vn -0.8922 0.0098 0.4516
vn -0.9475 0.0187 0.3192
vn 0.8735 -0.0907 0.4783
vn 0.8210 -0.3476 0.4528
vn 0.7974 -0.1512 0.5842
vn 0.6638 -0.4392 0.6054
vn 0.6610 -0.5485 0.5120
vn 0.9062 -0.4222 -0.0235
vn 0.7895 0.6023 0.1179
vn 0.6239 0.5237 0.5801
vn 0.0382 -0.7387 0.6729
vn 0.0597 -0.9705 0.2336
vn -0.0382 0.7387 -0.6729
vn -0.0597 0.9705 -0.2336
vn -0.9062 0.4222 0.0235
vn -0.7895 -0.6023 -0.1179
vn -0.6239 -0.5237 -0.5801
vn -0.6638 0.4392 -0.6054
vn -0.6610 0.5485 -0.5120
vn -0.8210 0.3476 -0.4528
vn -0.8735 0.0907 -0.4783
vn -0.7974 0.1512 -0.5842
vn 0.5406 0.0604 0.8391
vn 0.4700 -0.1925 0.8614
vn 0.4173 0.0342 0.9081
vn 0.2497 -0.2344 0.9395
vn 0.2742 -0.3667 0.8890
vn 0.7499 -0.4068 0.5217
vn 0.7265 0.6123 0.3119
vn 0.3607 0.6760 0.6425
vn -0.3739 -0.5016 0.7801
vn -0.1888 -0.8548 0.4833
vn 0.3739 0.5016 -0.7801
vn 0.1888 0.8548 -0.4833
vn -0.7499 0.4068 -0.5217
vn -0.7265 -0.6123 -0.3119
vn -0.3607 -0.6760 -0.6425
vn -0.2497 0.2344 -0.9395
vn -0.2742 0.3667 -0.8890
vn -0.4700 0.1925 -0.8614
vn -0.5406 -0.0604 -0.8391
vn -0.4173 -0.0342 -0.9081
vn 0.5897 0.7010 0.4010
vn 0.6556 0.5036 0.5627
vn 0.5097 0.6859 0.5194
vn 0.5018 0.4535 0.7366
vn 0.5773 0.3315 0.7463
vn 0.9353 0.2243 0.2739
vn 0.3841 0.8581 -0.3407
vn 0.1020 0.9937 0.0455
vn 0.0675 -0.0251 0.9974
vn 0.3412 -0.4113 0.8452
vn -0.0675 0.0251 -0.9974
vn -0.3412 0.4113 -0.8452
vn -0.9353 -0.2243 -0.2739
vn -0.3841 -0.8581 0.3407
vn -0.1020 -0.9937 -0.0455
vn -0.5018 -0.4534 -0.7366
vn -0.5773 -0.3315 -0.7463
vn -0.6556 -0.5036 -0.5627
vn -0.5897 -0.7010 -0.4010
vn -0.5097 -0.6859 -0.5194
vn 0.2690 0.6923 -0.6696
vn 0.5113 0.6157 -0.5996
vn 0.3285 0.7617 -0.5585
vn 0.5941 0.7012 -0.3941
vn 0.6913 0.5962 -0.4082
vn 0.5469 0.1789 -0.8179
vn -0.4629 0.4277 -0.7764
vn -0.3613 0.8055 -0.4697
vn 0.8031 0.5404 0.2509
vn 0.9878 0.0974 0.1214
vn -0.8031 -0.5404 -0.2509
vn -0.9878 -0.0974 -0.1214
vn -0.5469 -0.1789 0.8179
vn 0.4629 -0.4277 0.7764
vn 0.3613 -0.8055 0.4697
vn -0.5941 -0.7012 0.3941
vn -0.6913 -0.5962 0.4082
vn -0.5113 -0.6157 0.5996
vn -0.2690 -0.6923 0.6696
vn -0.3285 -0.7617 0.5585
vn -0.0439 0.4176 -0.9076
vn 0.1732 0.5408 -0.8231
vn -0.0638 0.5418 -0.8381
vn 0.1403 0.7239 -0.6755
vn 0.2806 0.7071 -0.6491
vn 0.5072 0.1834 -0.8421
vn -0.4325 -0.2637 -0.8622
vn -0.6456 0.1698 -0.7446
vn 0.2491 0.9680 -0.0319
vn 0.6822 0.7308 0.0257
vn -0.2491 -0.9680 0.0319
vn -0.6822 -0.7308 -0.0257
vn -0.5072 -0.1834 0.8421
vn 0.4325 0.2637 0.8622
vn 0.6456 -0.1698 0.7446
vn -0.1403 -0.7239 0.6755
vn -0.2806 -0.7071 0.6491
vn -0.1732 -0.5408 0.8231
vn 0.0439 -0.4176 0.9076
vn 0.0638 -0.5418 0.8381
vn 0.1094 0.5641 -0.8185
vn 0.2097 0.7350 -0.6448
vn 0.0162 0.6541 -0.7562
vn 0.0534 0.8564 -0.5135
vn 0.1686 0.8857 -0.4325
vn 0.6453 0.5352 -0.5451
vn 0.0530 -0.2032 -0.9777
vn -0.3482 0.0871 -0.9334
vn -0.1850 0.9740 0.1307
vn 0.2563 0.9018 0.3480
vn 0.1850 -0.9740 -0.1307
vn -0.2563 -0.9018 -0.3480
vn -0.6453 -0.5352 0.5451
vn -0.0530 0.2032 0.9777
vn 0.3482 -0.0871 0.9334
vn -0.0534 -0.8564 0.5135
vn -0.1686 -0.8857 0.4325
vn -0.2097 -0.7350 0.6448
vn -0.1094 -0.5641 0.8185
vn -0.0162 -0.6541 0.7562
vn 0.9740 -0.0542 0.2202
vn 0.9172 -0.3098 0.2506
vn 0.9314 -0.0952 0.3512
vn 0.8103 -0.3710 0.4536
vn 0.7814 -0.4928 0.3829
vn 0.8631 -0.4580 -0.2129
vn 0.7884 0.5801 -0.2045
vn 0.7619 0.5782 0.2919
vn 0.2309 -0.6310 0.7406
vn 0.1269 -0.9264 0.3545
vn -0.2309 0.6310 -0.7406
vn -0.1269 0.9264 -0.3545
vn -0.8631 0.4580 0.2129
vn -0.7884 -0.5801 0.2045
vn -0.7619 -0.5782 -0.2919
vn -0.8103 0.3710 -0.4536
vn -0.7814 0.4928 -0.3829
vn -0.9172 0.3098 -0.2506
vn -0.9740 0.0542 -0.2202
vn -0.9314 0.0952 -0.3512
vn 0.7994 0.4016 -0.4468
vn 0.8840 0.1521 -0.4419
vn 0.8723 0.3611 -0.3298
vn 0.9693 0.0733 -0.2348
vn 0.9536 -0.0559 -0.2958
vn 0.6099 -0.0553 -0.7905
vn 0.1515 0.8396 -0.5217
vn 0.4542 0.8814 -0.1295
vn 0.8794 -0.3800 0.2868
vn 0.6812 -0.7321 -0.0030
vn -0.8794 0.3800 -0.2868
vn -0.6812 0.7321 0.0030
vn -0.6099 0.0553 0.7905
vn -0.1515 -0.8396 0.5217
vn -0.4542 -0.8814 0.1295
vn -0.9693 -0.0733 0.2348
vn -0.9536 0.0559 0.2958
vn -0.8840 -0.1521 0.4419
vn -0.7994 -0.4016 0.4468
vn -0.8723 -0.3611 0.3298
vn 0.9742 -0.0834 -0.2098
vn 0.9230 -0.3401 -0.1797
vn 0.9877 -0.1362 -0.0768
vn 0.9067 -0.4194 0.0435
vn 0.8455 -0.5337 -0.0186
vn 0.6754 -0.4433 -0.5893
vn 0.6601 0.5900 -0.4650
vn 0.8409 0.5412 -0.0045
vn 0.4860 -0.7004 0.5227
vn 0.2180 -0.9569 0.1918
vn -0.4860 0.7004 -0.5227
vn -0.2180 0.9569 -0.1918
vn -0.6754 0.4433 0.5893
vn -0.6601 -0.5900 0.4650
vn -0.8409 -0.5412 0.0045
vn -0.9067 0.4194 -0.0435
vn -0.8455 0.5337 0.0186
vn -0.9230 0.3401 0.1797
vn -0.9742 0.0834 0.2098
vn -0.9877 0.1362 0.0768
vn 0.2939 -0.0162 -0.9557
vn 0.3045 -0.2758 -0.9117
vn 0.4185 -0.0676 -0.9057
vn 0.4943 -0.3554 -0.7933
vn 0.4144 -0.4738 -0.7770
vn -0.1697 -0.3969 -0.9020
vn -0.1060 0.6331 -0.7668
vn 0.3858 0.5982 -0.7024
vn 0.7181 -0.6636 -0.2097
vn 0.3080 -0.9390 -0.1529
vn -0.7181 0.6636 0.2097
vn -0.3080 0.9390 0.1529
vn 0.1697 0.3969 0.9020
vn 0.1060 -0.6331 0.7668
vn -0.3858 -0.5982 0.7024
vn -0.4943 0.3554 0.7933
vn -0.4144 0.4738 0.7770
vn -0.3045 0.2758 0.9117
vn -0.2939 0.0162 0.9557
vn -0.4185 0.0676 0.9057
vn -0.0804 0.7286 -0.6802
vn 0.1762 0.7579 -0.6281
vn -0.0468 0.8182 -0.5730
vn 0.2310 0.8737 -0.4281
vn 0.3612 0.8168 -0.4499
vn 0.3709 0.3687 -0.8523
vn -0.6477 0.1882 -0.7382
vn -0.6875 0.5808 -0.4359
vn 0.5302 0.8241 0.1993
vn 0.8694 0.4913 0.0531
vn -0.5302 -0.8241 -0.1993
vn -0.8694 -0.4913 -0.0531
vn -0.3709 -0.3687 0.8523
vn 0.6477 -0.1882 0.7382
vn 0.6875 -0.5808 0.4359
vn -0.2310 -0.8737 0.4281
vn -0.3612 -0.8168 0.4499
vn -0.1762 -0.7579 0.6281
vn 0.0804 -0.7286 0.6802
vn 0.0468 -0.8182 0.5730
vn 0.2444 0.1327 -0.9606
vn 0.3467 -0.1085 -0.9317
vn 0.3809 0.1260 -0.9160
vn 0.5567 -0.1219 -0.8217
vn 0.5239 -0.2614 -0.8107
vn -0.0547 -0.3886 -0.9198
vn -0.3496 0.5908 -0.7271
vn 0.1254 0.7277 -0.6744
vn 0.8961 -0.3590 -0.2612
vn 0.6105 -0.7630 -0.2123
vn -0.8961 0.3590 0.2612
vn -0.6105 0.7630 0.2123
vn 0.0547 0.3886 0.9198
vn 0.3496 -0.5908 0.7271
vn -0.1254 -0.7277 0.6744
vn -0.5567 0.1219 0.8217
vn -0.5239 0.2614 0.8107
vn -0.3467 0.1085 0.9317
vn -0.2444 -0.1327 0.9606
vn -0.3809 -0.1260 0.9160
vn 0.4245 0.9032 -0.0625
vn 0.6374 0.7605 -0.1238
vn 0.5069 0.8607 0.0474
vn 0.7514 0.6573 0.0571
vn 0.8133 0.5799 -0.0470
vn 0.5345 0.6149 -0.5798
vn -0.3570 0.9236 -0.1401
vn -0.1355 0.9428 0.3046
vn 0.9363 0.0514 0.3473
vn 0.9785 -0.1871 -0.0869
vn -0.9363 -0.0514 -0.3473
vn -0.9785 0.1871 0.0869
vn -0.5345 -0.6149 0.5798
vn 0.3570 -0.9236 0.1401
vn 0.1355 -0.9428 -0.3046
vn -0.7514 -0.6573 -0.0571
vn -0.8133 -0.5799 0.0470
vn -0.6374 -0.7605 0.1238
vn -0.4245 -0.9032 0.0625
vn -0.5069 -0.8607 -0.0474
vn 0.8715 0.4831 -0.0845
vn 0.9660 0.2377 -0.1015
vn 0.9069 0.4195 0.0395
vn 0.9877 0.1182 0.1026
vn 0.9999 0.0042 0.0159
vn 0.8271 0.1059 -0.5520
vn 0.2524 0.9280 -0.2741
vn 0.4154 0.8887 0.1939
vn 0.7694 -0.4317 0.4708
vn 0.6934 -0.7171 0.0709
vn -0.7694 0.4317 -0.4708
vn -0.6934 0.7171 -0.0709
vn -0.8271 -0.1059 0.5520
vn -0.2524 -0.9280 0.2741
vn -0.4154 -0.8887 -0.1939
vn -0.9877 -0.1182 -0.1026
vn -0.9999 -0.0042 -0.0159
vn -0.9660 -0.2377 0.1015
vn -0.8715 -0.4831 0.0845
vn -0.9069 -0.4195 -0.0395
vn -0.0249 0.9923 -0.1212
vn 0.2273 0.9555 -0.1881
vn 0.0710 0.9974 -0.0143
vn 0.3808 0.9246 -0.0096
vn 0.4675 0.8767 -0.1137
vn 0.1864 0.7524 -0.6317
vn -0.7354 0.6590 -0.1575
vn -0.5325 0.8010 0.2735
vn 0.8252 0.4821 0.2943
vn 0.9561 0.2618 -0.1317
vn -0.8252 -0.4821 -0.2943
vn -0.9561 -0.2618 0.1317
vn -0.1864 -0.7524 0.6317
vn 0.7354 -0.6590 0.1575
vn 0.5325 -0.8010 -0.2735
vn -0.3808 -0.9246 0.0096
vn -0.4675 -0.8767 0.1137
vn -0.2273 -0.9555 0.1881
vn 0.0249 -0.9923 0.1212
vn -0.0710 -0.9974 0.0143
vn 0.4091 -0.9006 0.1472
vn 0.2965 -0.8744 0.3840
vn 0.4880 -0.8366 0.2489
vn 0.4092 -0.7354 0.5401
vn 0.2838 -0.7397 0.6102
vn -0.1769 -0.9436 0.2800
vn 0.3122 -0.7261 -0.6126
vn 0.7199 -0.5926 -0.3613
vn 0.3745 -0.1491 0.9151
vn -0.1181 -0.1735 0.9777
vn -0.3745 0.1491 -0.9151
vn 0.1181 0.1735 -0.9777
vn 0.1769 0.9436 -0.2800
vn -0.3122 0.7261 0.6126
vn -0.7199 0.5926 0.3613
vn -0.4092 0.7354 -0.5401
vn -0.2838 0.7397 -0.6102
vn -0.2965 0.8744 -0.3840
vn -0.4091 0.9006 -0.1472
vn -0.4880 0.8366 -0.2489
vn -0.1904 0.9025 -0.3864
vn 0.0701 0.9018 -0.4264
vn -0.1091 0.9539 -0.2795
vn 0.2063 0.9492 -0.2377
vn 0.3110 0.8950 -0.3199
vn 0.1150 0.5887 -0.8001
vn -0.8208 0.4339 -0.3715
vn -0.6949 0.7189 0.0159
vn 0.6876 0.6982 0.1993
vn 0.9017 0.4081 -0.1430
vn -0.6876 -0.6982 -0.1993
vn -0.9017 -0.4081 0.1430
vn -0.1150 -0.5887 0.8001
vn 0.8208 -0.4339 0.3715
vn 0.6949 -0.7189 -0.0159
vn -0.2063 -0.9492 0.2377
vn -0.3110 -0.8950 0.3199
vn -0.0701 -0.9018 0.4264
vn 0.1904 -0.9025 0.3864
vn 0.1091 -0.9539 0.2795
vn 0.1783 0.9285 -0.3256
vn 0.3967 0.8999 -0.1809
vn 0.1692 0.9676 -0.1876
vn 0.3724 0.9265 0.0538
vn 0.5015 0.8632 0.0581
vn 0.6621 0.5944 -0.4564
vn -0.3248 0.5330 -0.7813
vn -0.4757 0.7913 -0.3842
vn 0.4152 0.6112 0.6738
vn 0.7852 0.3087 0.5368
vn -0.4152 -0.6112 -0.6738
vn -0.7852 -0.3087 -0.5368
vn -0.6621 -0.5944 0.4564
vn 0.3248 -0.5330 0.7813
vn 0.4757 -0.7913 0.3842
vn -0.3724 -0.9265 -0.0538
vn -0.5015 -0.8632 -0.0581
vn -0.3967 -0.8999 0.1809
vn -0.1783 -0.9285 0.3256
vn -0.1692 -0.9676 0.1876
vn 0.2548 0.9670 0.0082
vn 0.4961 0.8672 0.0437
vn 0.2953 0.9445 0.1443
vn 0.5489 0.7934 0.2632
vn 0.6579 0.7268 0.1972
vn 0.6003 0.6918 -0.4013
vn -0.4300 0.8313 -0.3523
vn -0.4005 0.9058 0.1384
vn 0.7110 0.2437 0.6596
vn 0.9548 0.0064 0.2971
vn -0.7110 -0.2437 -0.6596
vn -0.9548 -0.0064 -0.2971
vn -0.6003 -0.6918 0.4013
vn 0.4300 -0.8313 0.3523
vn 0.4005 -0.9058 -0.1384
vn -0.5489 -0.7934 -0.2632
vn -0.6579 -0.7268 -0.1972
vn -0.4961 -0.8672 -0.0437
vn -0.2548 -0.9670 -0.0082
vn -0.2953 -0.9445 -0.1443
vn 0.2822 -0.1741 -0.9434
vn 0.2484 -0.4251 -0.8704
vn 0.3964 -0.2400 -0.8861
vn 0.4224 -0.5220 -0.7410
vn 0.3235 -0.6224 -0.7127
vn -0.2395 -0.4616 -0.8541
vn 0.0002 0.5510 -0.8345
vn 0.4790 0.4402 -0.7594
vn 0.5929 -0.7958 -0.1233
vn 0.1420 -0.9890 -0.0419
vn -0.5929 0.7958 0.1233
vn -0.1420 0.9890 0.0419
vn 0.2395 0.4616 0.8541
vn -0.0002 -0.5510 0.8345
vn -0.4790 -0.4402 0.7594
vn -0.4224 0.5220 0.7410
vn -0.3235 0.6224 0.7127
vn -0.2484 0.4251 0.8704
vn -0.2822 0.1741 0.9434
vn -0.3964 0.2400 0.8861
vn 0.3338 0.5724 -0.7489
vn 0.5525 0.5765 -0.6019
vn 0.3431 0.6772 -0.6509
vn 0.5518 0.7233 -0.4152
vn 0.6657 0.6457 -0.3742
vn 0.7304 0.1257 -0.6714
vn -0.2708 0.1154 -0.9557
vn -0.3370 0.5647 -0.7534
vn 0.5780 0.7666 0.2798
vn 0.8692 0.3669 0.3316
vn -0.5780 -0.7666 -0.2798
vn -0.8692 -0.3669 -0.3316
vn -0.7304 -0.1257 0.6714
vn 0.2708 -0.1154 0.9557
vn 0.3370 -0.5647 0.7534
vn -0.5518 -0.7233 0.4152
vn -0.6657 -0.6457 0.3742
vn -0.5525 -0.5765 0.6019
vn -0.3338 -0.5724 0.7489
vn -0.3431 -0.6772 0.6509
vn 0.7605 -0.5950 0.2600
vn 0.5797 -0.7834 0.2239
vn 0.6806 -0.6298 0.3744
vn 0.4222 -0.8139 0.3990
vn 0.3498 -0.8878 0.2992
vn 0.5430 -0.7972 -0.2641
vn 0.9944 0.1052 -0.0085
vn 0.8822 0.0304 0.4700
vn -0.2502 -0.7767 0.5780
vn -0.4164 -0.9004 0.1261
vn 0.2502 0.7767 -0.5780
vn 0.4164 0.9004 -0.1261
vn -0.5430 0.7972 0.2641
vn -0.9944 -0.1052 0.0085
vn -0.8822 -0.0304 -0.4700
vn -0.4222 0.8139 -0.3990
vn -0.3498 0.8878 -0.2992
vn -0.5797 0.7834 -0.2239
vn -0.7605 0.5950 -0.2600
vn -0.6806 0.6298 -0.3744
vn 0.2023 0.9756 -0.0857
vn 0.4422 0.8969 -0.0102
vn 0.2270 0.9723 0.0559
vn 0.4714 0.8537 0.2215
vn 0.5909 0.7869 0.1776
vn 0.6090 0.6764 -0.4142
vn -0.4252 0.7528 -0.5025
vn -0.4600 0.8876 -0.0252
vn 0.6114 0.3675 0.7008
vn 0.9096 0.1049 0.4020
vn -0.6114 -0.3675 -0.7008
vn -0.9096 -0.1049 -0.4020
vn -0.6090 -0.6764 0.4142
vn 0.4252 -0.7528 0.5025
vn 0.4600 -0.8876 0.0252
vn -0.4714 -0.8537 -0.2215
vn -0.5909 -0.7869 -0.1776
vn -0.4422 -0.8969 0.0102
vn -0.2023 -0.9756 0.0857
vn -0.2270 -0.9723 -0.0559
vn 0.4882 0.8127 -0.3182
vn 0.6951 0.6498 -0.3075
vn 0.5585 0.8067 -0.1930
vn 0.7872 0.6097 -0.0924
vn 0.8518 0.4994 -0.1583
vn 0.6189 0.3627 -0.6967
vn -0.2816 0.8345 -0.4736
vn -0.0952 0.9946 -0.0414
vn 0.9073 0.1309 0.3995
vn 0.9674 -0.2415 0.0758
vn -0.9073 -0.1309 -0.3995
vn -0.9674 0.2415 -0.0758
vn -0.6189 -0.3627 0.6967
vn 0.2816 -0.8345 0.4736
vn 0.0952 -0.9946 0.0414
vn -0.7872 -0.6097 0.0924
vn -0.8518 -0.4994 0.1583
vn -0.6951 -0.6498 0.3075
vn -0.4882 -0.8127 0.3182
vn -0.5585 -0.8067 0.1930
vn 0.9319 -0.3628 0.0034
vn 0.8065 -0.5895 -0.0448
vn 0.8907 -0.4388 0.1183
vn 0.7043 -0.6957 0.1414
vn 0.6355 -0.7711 0.0402
vn 0.6723 -0.5343 -0.5124
vn 0.9019 0.4094 -0.1381
vn 0.9186 0.2264 0.3239
vn 0.1014 -0.8993 0.4254
vn -0.1163 -0.9931 -0.0116
vn -0.1014 0.8993 -0.4254
vn 0.1163 0.9931 0.0116
vn -0.6723 0.5343 0.5124
vn -0.9019 -0.4094 0.1381
vn -0.9186 -0.2264 -0.3239
vn -0.7043 0.6957 -0.1414
vn -0.6355 0.7711 -0.0402
vn -0.8065 0.5895 0.0448
vn -0.9319 0.3628 -0.0034
vn -0.8907 0.4388 -0.1183
vn 0.7678 -0.4926 -0.4096
vn 0.7004 -0.6751 -0.2318
vn 0.8300 -0.4821 -0.2804
vn 0.7712 -0.6365 -0.0085
vn 0.6744 -0.7380 0.0227
vn 0.2892 -0.8580 -0.4246
vn 0.4687 0.0599 -0.8813
vn 0.8217 0.1619 -0.5464
vn 0.5641 -0.5148 0.6456
vn 0.1477 -0.7833 0.6039
vn -0.5641 0.5148 -0.6456
vn -0.1477 0.7833 -0.6039
vn -0.2892 0.8580 0.4246
vn -0.4687 -0.0599 0.8813
vn -0.8217 -0.1619 0.5464
vn -0.7712 0.6365 0.0085
vn -0.6744 0.7380 -0.0227
vn -0.7004 0.6751 0.2318
vn -0.7678 0.4926 0.4096
vn -0.8300 0.4821 0.2804
vn -0.0159 0.9994 -0.0308
vn 0.2411 0.9672 -0.0795
vn 0.0707 0.9940 0.0838
vn 0.3791 0.9191 0.1077
vn 0.4743 0.8803 0.0072
vn 0.2378 0.8062 -0.5418
vn -0.7204 0.6755 -0.1570
vn -0.5545 0.7759 0.3008
vn 0.7970 0.4476 0.4055
vn 0.9635 0.2665 -0.0265
vn -0.7970 -0.4476 -0.4055
vn -0.9635 -0.2665 0.0265
vn -0.2378 -0.8062 0.5418
vn 0.7204 -0.6755 0.1570
vn 0.5545 -0.7759 -0.3008
vn -0.3791 -0.9191 -0.1077
vn -0.4743 -0.8803 -0.0072
vn -0.2411 -0.9672 0.0795
vn 0.0159 -0.9994 0.0308
vn -0.0707 -0.9940 -0.0838
vn 0.9288 0.0589 0.3659
vn 0.8676 -0.1777 0.4644
vn 0.8667 0.0577 0.4956
vn 0.7308 -0.1794 0.6585
vn 0.7128 -0.3181 0.6250
vn 0.8847 -0.4615 0.0658
vn 0.8114 0.5260 -0.2547
vn 0.7093 0.6732 0.2090
vn 0.1140 -0.3663 0.9235
vn 0.0697 -0.7691 0.6354
vn -0.1140 0.3663 -0.9235
vn -0.0697 0.7691 -0.6354
vn -0.8847 0.4615 -0.0658
vn -0.8114 -0.5260 0.2547
vn -0.7093 -0.6732 -0.2090
vn -0.7308 0.1794 -0.6585
vn -0.7128 0.3181 -0.6250
vn -0.8676 0.1777 -0.4644
vn -0.9288 -0.0589 -0.3659
vn -0.8667 -0.0577 -0.4956
vn 0.1469 -0.9842 0.0990
vn -0.0844 -0.9708 0.2247
vn 0.1523 -0.9587 0.2403
vn -0.0789 -0.8905 0.4481
vn -0.2206 -0.8758 0.4293
vn -0.3980 -0.9058 -0.1456
vn 0.5535 -0.6697 -0.4951
vn 0.7312 -0.6814 -0.0309
vn -0.2820 -0.3826 0.8798
vn -0.7088 -0.2974 0.6396
vn 0.2820 0.3826 -0.8798
vn 0.7088 0.2974 -0.6396
vn 0.3980 0.9058 0.1456
vn -0.5535 0.6697 0.4951
vn -0.7312 0.6814 0.0309
vn 0.0789 0.8905 -0.4481
vn 0.2206 0.8758 -0.4293
vn 0.0844 0.9708 -0.2247
vn -0.1469 0.9842 -0.0990
vn -0.1523 0.9587 -0.2403
vn 0.7606 0.0384 0.6481
vn 0.6555 -0.1885 0.7313
vn 0.6597 0.0482 0.7500
vn 0.4631 -0.1717 0.8695
vn 0.4481 -0.3111 0.8381
vn 0.7832 -0.4971 0.3734
vn 0.8823 0.4707 0.0035
vn 0.6443 0.6512 0.4010
vn -0.2171 -0.3127 0.9247
vn -0.1910 -0.7302 0.6560
vn 0.2171 0.3127 -0.9247
vn 0.1910 0.7302 -0.6560
vn -0.7832 0.4971 -0.3734
vn -0.8823 -0.4707 -0.0035
vn -0.6443 -0.6512 -0.4010
vn -0.4631 0.1717 -0.8695
vn -0.4481 0.3111 -0.8381
vn -0.6555 0.1885 -0.7313
vn -0.7606 -0.0384 -0.6481
vn -0.6597 -0.0482 -0.7500
vn 0.8538 -0.5122 -0.0934
vn 0.7238 -0.6879 0.0538
vn 0.8660 -0.4977 0.0491
vn 0.7110 -0.6422 0.2865
vn 0.6075 -0.7419 0.2840
vn 0.4051 -0.8742 -0.2677
vn 0.7535 0.0260 -0.6570
vn 0.9656 0.1369 -0.2212
vn 0.2864 -0.4965 0.8195
vn -0.0927 -0.7631 0.6396
vn -0.2864 0.4965 -0.8195
vn 0.0927 0.7631 -0.6396
vn -0.4051 0.8742 0.2677
vn -0.7535 -0.0260 0.6570
vn -0.9656 -0.1369 0.2212
vn -0.7110 0.6422 -0.2865
vn -0.6075 0.7419 -0.2840
vn -0.7238 0.6879 -0.0538
vn -0.8538 0.5122 0.0934
vn -0.8660 0.4977 -0.0491
vn 0.7614 0.6475 -0.0332
vn 0.8972 0.4308 -0.0969
vn 0.8166 0.5721 0.0761
vn 0.9548 0.2856 0.0820
vn 0.9811 0.1919 -0.0238
vn 0.7521 0.3512 -0.5576
vn 0.0600 0.9914 -0.1166
vn 0.2609 0.9071 0.3303
vn 0.8668 -0.3489 0.3563
vn 0.8148 -0.5735 -0.0842
vn -0.8668 0.3489 -0.3563
vn -0.8148 0.5735 0.0842
vn -0.7521 -0.3512 0.5576
vn -0.0600 -0.9914 0.1166
vn -0.2609 -0.9071 -0.3303
vn -0.9548 -0.2856 -0.0820
vn -0.9811 -0.1919 0.0238
vn -0.8972 -0.4308 0.0969
vn -0.7614 -0.6475 0.0332
vn -0.8166 -0.5721 -0.0761
vn 0.4894 0.8309 -0.2648
vn 0.6986 0.6716 -0.2470
vn 0.5526 0.8223 -0.1359
vn 0.7790 0.6264 -0.0281
vn 0.8494 0.5194 -0.0935
vn 0.6506 0.3953 -0.6484
vn -0.2704 0.8436 -0.4639
vn -0.1124 0.9935 -0.0170
vn 0.8800 0.1349 0.4553
vn 0.9661 -0.2262 0.1246
vn -0.8800 -0.1349 -0.4553
vn -0.9661 0.2262 -0.1246
vn -0.6506 -0.3953 0.6484
vn 0.2704 -0.8436 0.4639
vn 0.1124 -0.9935 0.0170
vn -0.7790 -0.6264 0.0281
vn -0.8494 -0.5194 0.0934
vn -0.6986 -0.6716 0.2470
vn -0.4894 -0.8309 0.2648
vn -0.5526 -0.8223 0.1359
vt 1.000000 0.500000
vt 1.000000 1.000000
vt 0.900000 1.000000
vt 0.900000 0.500000
vt 0.800000 1.000000
vt 0.800000 0.500000
vt 0.700000 1.000000
vt 0.700000 0.500000
vt 0.600000 1.000000
vt 0.600000 0.500000
vt 0.500000 1.000000
vt 0.500000 0.500000
vt 0.400000 1.000000
vt 0.400000 0.500000
vt 0.300000 1.000000
vt 0.300000 0.500000
vt 0.200000 1.000000
vt 0.200000 0.500000
vt 0.391068 0.444164
vt 0.250000 0.490000
vt 0.108932 0.444164
vt 0.021746 0.324164
vt 0.021746 0.175836
vt 0.108932 0.055836
vt 0.250000 0.010000
vt 0.391068 0.055836
vt 0.478254 0.175836
vt 0.478254 0.324164
vt 0.100000 1.000000
vt 0.100000 0.500000
vt -0.000000 1.000000
vt -0.000000 0.500000
vt 0.750000 0.490000
vt 0.891068 0.444164
vt 0.978254 0.324164
vt 0.978254 0.175836
vt 0.891068 0.055836
vt 0.750000 0.010000
vt 0.608932 0.055836
vt 0.521746 0.175836
vt 0.521746 0.324164
vt 0.608932 0.444164
vt 0.800000 1.000000
vt 0.800000 0.500000
vt 0.600000 1.000000
vt 0.600000 0.500000
vt 0.400000 1.000000
vt 0.400000 0.500000
vt 0.200000 1.000000
vt 0.200000 0.500000
vt 0.000000 1.000000
vt 0.000000 0.500000
vt 0.181819 0.000000
vt 0.272728 0.157461
vt 0.090910 0.157461
vt 0.363637 0.000000
vt 0.454546 0.157461
vt 0.909091 0.000000
vt 1.000000 0.157461
vt 0.818182 0.157461
vt 0.727273 0.000000
vt 0.636364 0.157461
vt 0.545455 0.000000
vt 0.363637 0.314921
vt 0.181819 0.314921
vt 0.909091 0.314921
vt 0.727273 0.314921
vt 0.545455 0.314921
vt 0.000000 0.314921
vt 0.272728 0.472382
vt 0.090910 0.472382
vt 0.818182 0.472382
vt 0.636364 0.472382
vt 0.454546 0.472382
s 0
usemtl soil
f 1/1/1 2/2/1 4/3/1 3/4/1
f 3/4/2 4/3/2 6/5/2 5/6/2
f 5/6/3 6/5/3 8/7/3 7/8/3
f 7/8/4 8/7/4 10/9/4 9/10/4
f 9/10/5 10/9/5 12/11/5 11/12/5
f 11/12/6 12/11/6 14/13/6 13/14/6
f 13/14/7 14/13/7 16/15/7 15/16/7
f 15/16/8 16/15/8 18/17/8 17/18/8
f 4/19/9 2/20/9 20/21/9 18/22/9 16/23/9 14/24/9 12/25/9 10/26/9 8/27/9 6/28/9
f 17/18/10 18/17/10 20/29/10 19/30/10
f 19/30/11 20/29/11 2/31/11 1/32/11
f 1/33/12 3/34/12 5/35/12 7/36/12 9/37/12 11/38/12 13/39/12 15/40/12 17/41/12 19/42/12
usemtl bark
f 21/1/13 22/2/13 24/43/13 23/44/13
f 23/44/14 24/43/14 26/45/14 25/46/14
f 25/46/15 26/45/15 28/47/15 27/48/15
f 24/28/16 22/20/16 30/22/16 28/24/16 26/26/16
f 27/48/17 28/47/17 30/49/17 29/50/17
f 29/50/18 30/49/18 22/51/18 21/52/18
f 21/33/19 23/35/19 25/37/19 27/39/19 29/41/19
f 31/1/20 32/2/20 34/43/20 33/44/20
f 33/44/21 34/43/21 36/45/21 35/46/21
f 35/46/22 36/45/22 38/47/22 37/48/22
f 34/28/23 32/20/23 40/22/23 38/24/23 36/26/23
f 37/48/24 38/47/24 40/49/24 39/50/24
f 39/50/25 40/49/25 32/51/25 31/52/25
f 31/33/26 33/35/26 35/37/26 37/39/26 39/41/26
f 41/1/27 42/2/27 44/43/27 43/44/27
f 43/44/28 44/43/28 46/45/28 45/46/28
f 45/46/29 46/45/29 48/47/29 47/48/29
f 44/28/30 42/20/30 50/22/30 48/24/30 46/26/30
f 47/48/31 48/47/31 50/49/31 49/50/31
f 49/50/32 50/49/32 42/51/32 41/52/32
f 41/33/33 43/35/33 45/37/33 47/39/33 49/41/33
f 51/1/34 52/2/34 54/43/34 53/44/34
f 53/44/35 54/43/35 56/45/35 55/46/35
f 55/46/36 56/45/36 58/47/36 57/48/36
f 54/28/37 52/20/37 60/22/37 58/24/37 56/26/37
f 57/48/38 58/47/38 60/49/38 59/50/38
f 59/50/39 60/49/39 52/51/39 51/52/39
f 51/33/40 53/35/40 55/37/40 57/39/40 59/41/40
f 61/1/41 62/2/41 64/43/41 63/44/41
f 63/44/42 64/43/42 66/45/42 65/46/42
f 65/46/43 66/45/43 68/47/43 67/48/43
f 64/28/44 62/20/44 70/22/44 68/24/44 66/26/44
f 67/48/45 68/47/45 70/49/45 69/50/45
f 69/50/46 70/49/46 62/51/46 61/52/46
f 61/33/47 63/35/47 65/37/47 67/39/47 69/41/47
f 71/1/48 72/2/48 74/43/48 73/44/48
f 73/44/49 74/43/49 76/45/49 75/46/49
f 75/46/50 76/45/50 78/47/50 77/48/50
f 74/28/51 72/20/51 80/22/51 78/24/51 76/26/51
f 77/48/52 78/47/52 80/49/52 79/50/52
f 79/50/53 80/49/53 72/51/53 71/52/53
f 71/33/54 73/35/54 75/37/54 77/39/54 79/41/54
f 81/1/55 82/2/55 84/43/55 83/44/55
f 83/44/56 84/43/56 86/45/56 85/46/56
f 85/46/57 86/45/57 88/47/57 87/48/57
f 84/28/58 82/20/58 90/22/58 88/24/58 86/26/58
f 87/48/59 88/47/59 90/49/59 89/50/59
f 89/50/60 90/49/60 82/51/60 81/52/60
f 81/33/61 83/35/61 85/37/61 87/39/61 89/41/61
f 91/1/62 92/2/62 94/43/62 93/44/62
f 93/44/63 94/43/63 96/45/63 95/46/63
f 95/46/64 96/45/64 98/47/64 97/48/64
f 94/28/65 92/20/65 100/22/65 98/24/65 96/26/65
f 97/48/66 98/47/66 100/49/66 99/50/66
f 99/50/67 100/49/67 92/51/67 91/52/67
f 91/33/68 93/35/68 95/37/68 97/39/68 99/41/68
f 101/1/69 102/2/69 104/43/69 103/44/69
f 103/44/70 104/43/70 106/45/70 105/46/70
f 105/46/71 106/45/71 108/47/71 107/48/71
f 104/28/72 102/20/72 110/22/72 108/24/72 106/26/72
f 107/48/73 108/47/73 110/49/73 109/50/73
f 109/50/74 110/49/74 102/51/74 101/52/74
f 101/33/75 103/35/75 105/37/75 107/39/75 109/41/75
f 111/1/76 112/2/76 114/43/76 113/44/76
f 113/44/77 114/43/77 116/45/77 115/46/77
f 115/46/78 116/45/78 118/47/78 117/48/78
f 114/28/79 112/20/79 120/22/79 118/24/79 116/26/79
f 117/48/80 118/47/80 120/49/80 119/50/80
f 119/50/81 120/49/81 112/51/81 111/52/81
f 111/33/82 113/35/82 115/37/82 117/39/82 119/41/82
f 121/1/83 122/2/83 124/43/83 123/44/83
f 123/44/84 124/43/84 126/45/84 125/46/84
f 125/46/85 126/45/85 128/47/85 127/48/85
f 124/28/86 122/20/86 130/22/86 128/24/86 126/26/86
f 127/48/87 128/47/87 130/49/87 129/50/87
f 129/50/88 130/49/88 122/51/88 121/52/88
f 121/33/89 123/35/89 125/37/89 127/39/89 129/41/89
f 131/1/90 132/2/90 134/43/90 133/44/90
f 133/44/91 134/43/91 136/45/91 135/46/91
f 135/46/92 136/45/92 138/47/92 137/48/92
f 134/28/93 132/20/93 140/22/93 138/24/93 136/26/93
f 137/48/94 138/47/94 140/49/94 139/50/94
f 139/50/95 140/49/95 132/51/95 131/52/95
f 131/33/96 133/35/96 135/37/96 137/39/96 139/41/96
f 141/1/97 142/2/97 144/43/97 143/44/97
f 143/44/98 144/43/98 146/45/98 145/46/98
f 145/46/99 146/45/99 148/47/99 147/48/99
f 144/28/100 142/20/100 150/22/100 148/24/100 146/26/100
f 147/48/101 148/47/101 150/49/101 149/50/101
f 149/50/102 150/49/102 142/51/102 141/52/102
f 141/33/103 143/35/103 145/37/103 147/39/103 149/41/103
f 151/1/104 152/2/104 154/43/104 153/44/104
f 153/44/105 154/43/105 156/45/105 155/46/105
f 155/46/106 156/45/106 158/47/106 157/48/106
f 154/28/107 152/20/107 160/22/107 158/24/107 156/26/107
f 157/48/108 158/47/108 160/49/108 159/50/108
f 159/50/109 160/49/109 152/51/109 151/52/109
f 151/33/110 153/35/110 155/37/110 157/39/110 159/41/110
f 161/1/111 162/2/111 164/43/111 163/44/111
f 163/44/112 164/43/112 166/45/112 165/46/112
f 165/46/113 166/45/113 168/47/113 167/48/113
f 164/28/9 162/20/9 170/22/9 168/24/9 166/26/9
f 167/48/114 168/47/114 170/49/114 169/50/114
f 169/50/115 170/49/115 162/51/115 161/52/115
f 161/33/12 163/35/12 165/37/12 167/39/12 169/41/12
usemtl leaf_light
f 171/53/116 172/54/116 173/55/116
f 172/54/117 171/56/117 176/57/117
f 171/58/118 173/59/118 174/60/118
f 171/61/119 174/60/119 175/62/119
f 171/63/120 175/62/120 176/57/120
f 172/54/121 176/57/121 181/64/121
f 173/55/122 172/54/122 177/65/122
f 174/60/123 173/59/123 178/66/123
f 175/62/124 174/60/124 179/67/124
f 176/57/125 175/62/125 180/68/125
f 172/54/126 181/64/126 177/65/126
f 173/55/127 177/65/127 178/69/127
f 174/60/128 178/66/128 179/67/128
f 175/62/129 179/67/129 180/68/129
f 176/57/130 180/68/130 181/64/130
f 177/65/131 181/64/131 182/70/131
f 178/69/132 177/65/132 182/71/132
f 179/67/133 178/66/133 182/72/133
f 180/68/134 179/67/134 182/73/134
f 181/64/135 180/68/135 182/74/135
f 219/53/196 220/54/196 221/55/196
f 220/54/197 219/56/197 224/57/197
f 219/58/198 221/59/198 222/60/198
f 219/61/199 222/60/199 223/62/199
f 219/63/200 223/62/200 224/57/200
f 220/54/201 224/57/201 229/64/201
f 221/55/202 220/54/202 225/65/202
f 222/60/203 221/59/203 226/66/203
f 223/62/204 222/60/204 227/67/204
f 224/57/205 223/62/205 228/68/205
f 220/54/206 229/64/206 225/65/206
f 221/55/207 225/65/207 226/69/207
f 222/60/208 226/66/208 227/67/208
f 223/62/209 227/67/209 228/68/209
f 224/57/210 228/68/210 229/64/210
f 225/65/211 229/64/211 230/70/211
f 226/69/212 225/65/212 230/71/212
f 227/67/213 226/66/213 230/72/213
f 228/68/214 227/67/214 230/73/214
f 229/64/215 228/68/215 230/74/215
f 267/53/276 268/54/276 269/55/276
f 268/54/277 267/56/277 272/57/277
f 267/58/278 269/59/278 270/60/278
f 267/61/279 270/60/279 271/62/279
f 267/63/280 271/62/280 272/57/280
f 268/54/281 272/57/281 277/64/281
f 269/55/282 268/54/282 273/65/282
f 270/60/283 269/59/283 274/66/283
f 271/62/284 270/60/284 275/67/284
f 272/57/285 271/62/285 276/68/285
f 268/54/286 277/64/286 273/65/286
f 269/55/287 273/65/287 274/69/287
f 270/60/288 274/66/288 275/67/288
f 271/62/289 275/67/289 276/68/289
f 272/57/290 276/68/290 277/64/290
f 273/65/291 277/64/291 278/70/291
f 274/69/292 273/65/292 278/71/292
f 275/67/293 274/66/293 278/72/293
f 276/68/294 275/67/294 278/73/294
f 277/64/295 276/68/295 278/74/295
f 315/53/356 316/54/356 317/55/356
f 316/54/357 315/56/357 320/57/357
f 315/58/358 317/59/358 318/60/358
f 315/61/359 318/60/359 319/62/359
f 315/63/360 319/62/360 320/57/360
f 316/54/361 320/57/361 325/64/361
f 317/55/362 316/54/362 321/65/362
f 318/60/363 317/59/363 322/66/363
f 319/62/364 318/60/364 323/67/364
f 320/57/365 319/62/365 324/68/365
f 316/54/366 325/64/366 321/65/366
f 317/55/367 321/65/367 322/69/367
f 318/60/368 322/66/368 323/67/368
f 319/62/369 323/67/369 324/68/369
f 320/57/370 324/68/370 325/64/370
f 321/65/371 325/64/371 326/70/371
f 322/69/372 321/65/372 326/71/372
f 323/67/373 322/66/373 326/72/373
f 324/68/374 323/67/374 326/73/374
f 325/64/375 324/68/375 326/74/375
f 363/53/436 364/54/436 365/55/436
f 364/54/437 363/56/437 368/57/437
f 363/58/438 365/59/438 366/60/438
f 363/61/439 366/60/439 367/62/439
f 363/63/440 367/62/440 368/57/440
f 364/54/441 368/57/441 373/64/441
f 365/55/442 364/54/442 369/65/442
f 366/60/443 365/59/443 370/66/443
f 367/62/444 366/60/444 371/67/444
f 368/57/445 367/62/445 372/68/445
f 364/54/446 373/64/446 369/65/446
f 365/55/447 369/65/447 370/69/447
f 366/60/448 370/66/448 371/67/448
f 367/62/449 371/67/449 372/68/449
f 368/57/450 372/68/450 373/64/450
f 369/65/451 373/64/451 374/70/451
f 370/69/452 369/65/452 374/71/452
f 371/67/453 370/66/453 374/72/453
f 372/68/454 371/67/454 374/73/454
f 373/64/455 372/68/455 374/74/455
f 411/53/516 412/54/516 413/55/516
f 412/54/517 411/56/517 416/57/517
f 411/58/518 413/59/518 414/60/518
f 411/61/519 414/60/519 415/62/519
f 411/63/520 415/62/520 416/57/520
f 412/54/521 416/57/521 421/64/521
f 413/55/522 412/54/522 417/65/522
f 414/60/523 413/59/523 418/66/523
f 415/62/524 414/60/524 419/67/524
f 416/57/525 415/62/525 420/68/525
f 412/54/526 421/64/526 417/65/526
f 413/55/527 417/65/527 418/69/527
f 414/60/528 418/66/528 419/67/528
f 415/62/529 419/67/529 420/68/529
f 416/57/530 420/68/530 421/64/530
f 417/65/531 421/64/531 422/70/531
f 418/69/532 417/65/532 422/71/532
f 419/67/533 418/66/533 422/72/533
f 420/68/534 419/67/534 422/73/534
f 421/64/535 420/68/535 422/74/535
f 459/53/596 460/54/596 461/55/596
f 460/54/597 459/56/597 464/57/597
f 459/58/598 461/59/598 462/60/598
f 459/61/599 462/60/599 463/62/599
f 459/63/600 463/62/600 464/57/600
f 460/54/601 464/57/601 469/64/601
f 461/55/602 460/54/602 465/65/602
f 462/60/603 461/59/603 466/66/603
f 463/62/604 462/60/604 467/67/604
f 464/57/605 463/62/605 468/68/605
f 460/54/606 469/64/606 465/65/606
f 461/55/607 465/65/607 466/69/607
f 462/60/608 466/66/608 467/67/608
f 463/62/609 467/67/609 468/68/609
f 464/57/610 468/68/610 469/64/610
f 465/65/611 469/64/611 470/70/611
f 466/69/612 465/65/612 470/71/612
f 467/67/613 466/66/613 470/72/613
f 468/68/614 467/67/614 470/73/614
f 469/64/615 468/68/615 470/74/615
f 507/53/676 508/54/676 509/55/676
f 508/54/677 507/56/677 512/57/677
f 507/58/678 509/59/678 510/60/678
f 507/61/679 510/60/679 511/62/679
f 507/63/680 511/62/680 512/57/680
f 508/54/681 512/57/681 517/64/681
f 509/55/682 508/54/682 513/65/682
f 510/60/683 509/59/683 514/66/683
f 511/62/684 510/60/684 515/67/684
f 512/57/685 511/62/685 516/68/685
f 508/54/686 517/64/686 513/65/686
f 509/55/687 513/65/687 514/69/687
f 510/60/688 514/66/688 515/67/688
f 511/62/689 515/67/689 516/68/689
f 512/57/690 516/68/690 517/64/690
f 513/65/691 517/64/691 518/70/691
f 514/69/692 513/65/692 518/71/692
f 515/67/693 514/66/693 518/72/693
f 516/68/694 515/67/694 518/73/694
f 517/64/695 516/68/695 518/74/695
f 555/53/756 556/54/756 557/55/756
f 556/54/757 555/56/757 560/57/757
f 555/58/758 557/59/758 558/60/758
f 555/61/759 558/60/759 559/62/759
f 555/63/760 559/62/760 560/57/760
f 556/54/761 560/57/761 565/64/761
f 557/55/762 556/54/762 561/65/762
f 558/60/763 557/59/763 562/66/763
f 559/62/764 558/60/764 563/67/764
f 560/57/765 559/62/765 564/68/765
f 556/54/766 565/64/766 561/65/766
f 557/55/767 561/65/767 562/69/767
f 558/60/768 562/66/768 563/67/768
f 559/62/769 563/67/769 564/68/769
f 560/57/770 564/68/770 565/64/770
f 561/65/771 565/64/771 566/70/771
f 562/69/772 561/65/772 566/71/772
f 563/67/773 562/66/773 566/72/773
f 564/68/774 563/67/774 566/73/774
f 565/64/775 564/68/775 566/74/775
f 603/53/836 604/54/836 605/55/836
f 604/54/837 603/56/837 608/57/837
f 603/58/838 605/59/838 606/60/838
f 603/61/839 606/60/839 607/62/839
f 603/63/840 607/62/840 608/57/840
f 604/54/841 608/57/841 613/64/841
f 605/55/842 604/54/842 609/65/842
f 606/60/843 605/59/843 610/66/843
f 607/62/844 606/60/844 611/67/844
f 608/57/845 607/62/845 612/68/845
f 604/54/846 613/64/846 609/65/846
f 605/55/847 609/65/847 610/69/847
f 606/60/848 610/66/848 611/67/848
f 607/62/849 611/67/849 612/68/849
f 608/57/850 612/68/850 613/64/850
f 609/65/851 613/64/851 614/70/851
f 610/69/852 609/65/852 614/71/852
f 611/67/853 610/66/853 614/72/853
f 612/68/854 611/67/854 614/73/854
f 613/64/855 612/68/855 614/74/855
f 651/53/916 652/54/916 653/55/916
f 652/54/917 651/56/917 656/57/917
f 651/58/918 653/59/918 654/60/918
f 651/61/919 654/60/919 655/62/919
f 651/63/920 655/62/920 656/57/920
f 652/54/921 656/57/921 661/64/921
f 653/55/922 652/54/922 657/65/922
f 654/60/923 653/59/923 658/66/923
f 655/62/924 654/60/924 659/67/924
f 656/57/925 655/62/925 660/68/925
f 652/54/926 661/64/926 657/65/926
f 653/55/927 657/65/927 658/69/927
f 654/60/928 658/66/928 659/67/928
f 655/62/929 659/67/929 660/68/929
f 656/57/930 660/68/930 661/64/930
f 657/65/931 661/64/931 662/70/931
f 658/69/932 657/65/932 662/71/932
f 659/67/933 658/66/933 662/72/933
f 660/68/934 659/67/934 662/73/934
f 661/64/935 660/68/935 662/74/935
f 699/53/996 700/54/996 701/55/996
f 700/54/997 699/56/997 704/57/997
f 699/58/998 701/59/998 702/60/998
f 699/61/999 702/60/999 703/62/999
f 699/63/1000 703/62/1000 704/57/1000
f 700/54/1001 704/57/1001 709/64/1001
f 701/55/1002 700/54/1002 705/65/1002
f 702/60/1003 701/59/1003 706/66/1003
f 703/62/1004 702/60/1004 707/67/1004
f 704/57/1005 703/62/1005 708/68/1005
f 700/54/1006 709/64/1006 705/65/1006
f 701/55/1007 705/65/1007 706/69/1007
f 702/60/1008 706/66/1008 707/67/1008
f 703/62/1009 707/67/1009 708/68/1009
f 704/57/1010 708/68/1010 709/64/1010
f 705/65/1011 709/64/1011 710/70/1011
f 706/69/1012 705/65/1012 710/71/1012
f 707/67/1013 706/66/1013 710/72/1013
f 708/68/1014 707/67/1014 710/73/1014
f 709/64/1015 708/68/1015 710/74/1015
f 747/53/1076 748/54/1076 749/55/1076
f 748/54/1077 747/56/1077 752/57/1077
f 747/58/1078 749/59/1078 750/60/1078
f 747/61/1079 750/60/1079 751/62/1079
f 747/63/1080 751/62/1080 752/57/1080
f 748/54/1081 752/57/1081 757/64/1081
f 749/55/1082 748/54/1082 753/65/1082
f 750/60/1083 749/59/1083 754/66/1083
f 751/62/1084 750/60/1084 755/67/1084
f 752/57/1085 751/62/1085 756/68/1085
f 748/54/1086 757/64/1086 753/65/1086
f 749/55/1087 753/65/1087 754/69/1087
f 750/60/1088 754/66/1088 755/67/1088
f 751/62/1089 755/67/1089 756/68/1089
f 752/57/1090 756/68/1090 757/64/1090
f 753/65/1091 757/64/1091 758/70/1091
f 754/69/1092 753/65/1092 758/71/1092
f 755/67/1093 754/66/1093 758/72/1093
f 756/68/1094 755/67/1094 758/73/1094
f 757/64/1095 756/68/1095 758/74/1095
f 795/53/1156 796/54/1156 797/55/1156
f 796/54/1157 795/56/1157 800/57/1157
f 795/58/1158 797/59/1158 798/60/1158
f 795/61/1159 798/60/1159 799/62/1159
f 795/63/1160 799/62/1160 800/57/1160
f 796/54/1161 800/57/1161 805/64/1161
f 797/55/1162 796/54/1162 801/65/1162
f 798/60/1163 797/59/1163 802/66/1163
f 799/62/1164 798/60/1164 803/67/1164
f 800/57/1165 799/62/1165 804/68/1165
f 796/54/1166 805/64/1166 801/65/1166
f 797/55/1167 801/65/1167 802/69/1167
f 798/60/1168 802/66/1168 803/67/1168
f 799/62/1169 803/67/1169 804/68/1169
f 800/57/1170 804/68/1170 805/64/1170
f 801/65/1171 805/64/1171 806/70/1171
f 802/69/1172 801/65/1172 806/71/1172
f 803/67/1173 802/66/1173 806/72/1173
f 804/68/1174 803/67/1174 806/73/1174
f 805/64/1175 804/68/1175 806/74/1175
f 843/53/1236 844/54/1236 845/55/1236
f 844/54/1237 843/56/1237 848/57/1237
f 843/58/1238 845/59/1238 846/60/1238
f 843/61/1239 846/60/1239 847/62/1239
f 843/63/1240 847/62/1240 848/57/1240
f 844/54/1241 848/57/1241 853/64/1241
f 845/55/1242 844/54/1242 849/65/1242
f 846/60/1243 845/59/1243 850/66/1243
f 847/62/1244 846/60/1244 851/67/1244
f 848/57/1245 847/62/1245 852/68/1245
f 844/54/1246 853/64/1246 849/65/1246
f 845/55/1247 849/65/1247 850/69/1247
f 846/60/1248 850/66/1248 851/67/1248
f 847/62/1249 851/67/1249 852/68/1249
f 848/57/1250 852/68/1250 853/64/1250
f 849/65/1251 853/64/1251 854/70/1251
f 850/69/1252 849/65/1252 854/71/1252
f 851/67/1253 850/66/1253 854/72/1253
f 852/68/1254 851/67/1254 854/73/1254
f 853/64/1255 852/68/1255 854/74/1255
f 891/53/1316 892/54/1316 893/55/1316
f 892/54/1317 891/56/1317 896/57/1317
f 891/58/1318 893/59/1318 894/60/1318
f 891/61/1319 894/60/1319 895/62/1319
f 891/63/1320 895/62/1320 896/57/1320
f 892/54/1321 896/57/1321 901/64/1321
f 893/55/1322 892/54/1322 897/65/1322
f 894/60/1323 893/59/1323 898/66/1323
f 895/62/1324 894/60/1324 899/67/1324
f 896/57/1325 895/62/1325 900/68/1325
f 892/54/1326 901/64/1326 897/65/1326
f 893/55/1327 897/65/1327 898/69/1327
f 894/60/1328 898/66/1328 899/67/1328
f 895/62/1329 899/67/1329 900/68/1329
f 896/57/1330 900/68/1330 901/64/1330
f 897/65/1331 901/64/1331 902/70/1331
f 898/69/1332 897/65/1332 902/71/1332
f 899/67/1333 898/66/1333 902/72/1333
f 900/68/1334 899/67/1334 902/73/1334
f 901/64/1335 900/68/1335 902/74/1335
f 939/53/1396 940/54/1396 941/55/1396
f 940/54/1397 939/56/1397 944/57/1397
f 939/58/1398 941/59/1398 942/60/1398
f 939/61/1399 942/60/1399 943/62/1399
f 939/63/1400 943/62/1400 944/57/1400
f 940/54/1401 944/57/1401 949/64/1401
f 941/55/1402 940/54/1402 945/65/1402
f 942/60/1403 941/59/1403 946/66/1403
f 943/62/1404 942/60/1404 947/67/1404
f 944/57/1405 943/62/1405 948/68/1405
f 940/54/1406 949/64/1406 945/65/1406
f 941/55/1407 945/65/1407 946/69/1407
f 942/60/1408 946/66/1408 947/67/1408
f 943/62/1409 947/67/1409 948/68/1409
f 944/57/1410 948/68/1410 949/64/1410
f 945/65/1411 949/64/1411 950/70/1411
f 946/69/1412 945/65/1412 950/71/1412
f 947/67/1413 946/66/1413 950/72/1413
f 948/68/1414 947/67/1414 950/73/1414
f 949/64/1415 948/68/1415 950/74/1415
f 987/53/1476 988/54/1476 989/55/1476
f 988/54/1477 987/56/1477 992/57/1477
f 987/58/1478 989/59/1478 990/60/1478
f 987/61/1479 990/60/1479 991/62/1479
f 987/63/1480 991/62/1480 992/57/1480
f 988/54/1481 992/57/1481 997/64/1481
f 989/55/1482 988/54/1482 993/65/1482
f 990/60/1483 989/59/1483 994/66/1483
f 991/62/1484 990/60/1484 995/67/1484
f 992/57/1485 991/62/1485 996/68/1485
f 988/54/1486 997/64/1486 993/65/1486
f 989/55/1487 993/65/1487 994/69/1487
f 990/60/1488 994/66/1488 995/67/1488
f 991/62/1489 995/67/1489 996/68/1489
f 992/57/1490 996/68/1490 997/64/1490
f 993/65/1491 997/64/1491 998/70/1491
f 994/69/1492 993/65/1492 998/71/1492
f 995/67/1493 994/66/1493 998/72/1493
f 996/68/1494 995/67/1494 998/73/1494
f 997/64/1495 996/68/1495 998/74/1495
f 1035/53/1556 1036/54/1556 1037/55/1556
f 1036/54/1557 1035/56/1557 1040/57/1557
f 1035/58/1558 1037/59/1558 1038/60/1558
f 1035/61/1559 1038/60/1559 1039/62/1559
f 1035/63/1560 1039/62/1560 1040/57/1560
f 1036/54/1561 1040/57/1561 1045/64/1561
f 1037/55/1562 1036/54/1562 1041/65/1562
f 1038/60/1563 1037/59/1563 1042/66/1563
f 1039/62/1564 1038/60/1564 1043/67/1564
f 1040/57/1565 1039/62/1565 1044/68/1565
f 1036/54/1566 1045/64/1566 1041/65/1566
f 1037/55/1567 1041/65/1567 1042/69/1567
f 1038/60/1568 1042/66/1568 1043/67/1568
f 1039/62/1569 1043/67/1569 1044/68/1569
f 1040/57/1570 1044/68/1570 1045/64/1570
f 1041/65/1571 1045/64/1571 1046/70/1571
f 1042/69/1572 1041/65/1572 1046/71/1572
f 1043/67/1573 1042/66/1573 1046/72/1573
f 1044/68/1574 1043/67/1574 1046/73/1574
f 1045/64/1575 1044/68/1575 1046/74/1575
f 1083/53/1636 1084/54/1636 1085/55/1636
f 1084/54/1637 1083/56/1637 1088/57/1637
f 1083/58/1638 1085/59/1638 1086/60/1638
f 1083/61/1639 1086/60/1639 1087/62/1639
f 1083/63/1640 1087/62/1640 1088/57/1640
f 1084/54/1641 1088/57/1641 1093/64/1641
f 1085/55/1642 1084/54/1642 1089/65/1642
f 1086/60/1643 1085/59/1643 1090/66/1643
f 1087/62/1644 1086/60/1644 1091/67/1644
f 1088/57/1645 1087/62/1645 1092/68/1645
f 1084/54/1646 1093/64/1646 1089/65/1646
f 1085/55/1647 1089/65/1647 1090/69/1647
f 1086/60/1648 1090/66/1648 1091/67/1648
f 1087/62/1649 1091/67/1649 1092/68/1649
f 1088/57/1650 1092/68/1650 1093/64/1650
f 1089/65/1651 1093/64/1651 1094/70/1651
f 1090/69/1652 1089/65/1652 1094/71/1652
f 1091/67/1653 1090/66/1653 1094/72/1653
f 1092/68/1654 1091/67/1654 1094/73/1654
f 1093/64/1655 1092/68/1655 1094/74/1655
f 1131/53/1716 1132/54/1716 1133/55/1716
f 1132/54/1717 1131/56/1717 1136/57/1717
f 1131/58/1718 1133/59/1718 1134/60/1718
f 1131/61/1719 1134/60/1719 1135/62/1719
f 1131/63/1720 1135/62/1720 1136/57/1720
f 1132/54/1721 1136/57/1721 1141/64/1721
f 1133/55/1722 1132/54/1722 1137/65/1722
f 1134/60/1723 1133/59/1723 1138/66/1723
f 1135/62/1724 1134/60/1724 1139/67/1724
f 1136/57/1725 1135/62/1725 1140/68/1725
f 1132/54/1726 1141/64/1726 1137/65/1726
f 1133/55/1727 1137/65/1727 1138/69/1727
f 1134/60/1728 1138/66/1728 1139/67/1728
f 1135/62/1729 1139/67/1729 1140/68/1729
f 1136/57/1730 1140/68/1730 1141/64/1730
f 1137/65/1731 1141/64/1731 1142/70/1731
f 1138/69/1732 1137/65/1732 1142/71/1732
f 1139/67/1733 1138/66/1733 1142/72/1733
f 1140/68/1734 1139/67/1734 1142/73/1734
f 1141/64/1735 1140/68/1735 1142/74/1735
f 1179/53/1796 1180/54/1796 1181/55/1796
f 1180/54/1797 1179/56/1797 1184/57/1797
f 1179/58/1798 1181/59/1798 1182/60/1798
f 1179/61/1799 1182/60/1799 1183/62/1799
f 1179/63/1800 1183/62/1800 1184/57/1800
f 1180/54/1801 1184/57/1801 1189/64/1801
f 1181/55/1802 1180/54/1802 1185/65/1802
f 1182/60/1803 1181/59/1803 1186/66/1803
f 1183/62/1804 1182/60/1804 1187/67/1804
f 1184/57/1805 1183/62/1805 1188/68/1805
f 1180/54/1806 1189/64/1806 1185/65/1806
f 1181/55/1807 1185/65/1807 1186/69/1807
f 1182/60/1808 1186/66/1808 1187/67/1808
f 1183/62/1809 1187/67/1809 1188/68/1809
f 1184/57/1810 1188/68/1810 1189/64/1810
f 1185/65/1811 1189/64/1811 1190/70/1811
f 1186/69/1812 1185/65/1812 1190/71/1812
f 1187/67/1813 1186/66/1813 1190/72/1813
f 1188/68/1814 1187/67/1814 1190/73/1814
f 1189/64/1815 1188/68/1815 1190/74/1815
f 1227/53/1876 1228/54/1876 1229/55/1876
f 1228/54/1877 1227/56/1877 1232/57/1877
f 1227/58/1878 1229/59/1878 1230/60/1878
f 1227/61/1879 1230/60/1879 1231/62/1879
f 1227/63/1880 1231/62/1880 1232/57/1880
f 1228/54/1881 1232/57/1881 1237/64/1881
f 1229/55/1882 1228/54/1882 1233/65/1882
f 1230/60/1883 1229/59/1883 1234/66/1883
f 1231/62/1884 1230/60/1884 1235/67/1884
f 1232/57/1885 1231/62/1885 1236/68/1885
f 1228/54/1886 1237/64/1886 1233/65/1886
f 1229/55/1887 1233/65/1887 1234/69/1887
f 1230/60/1888 1234/66/1888 1235/67/1888
f 1231/62/1889 1235/67/1889 1236/68/1889
f 1232/57/1890 1236/68/1890 1237/64/1890
f 1233/65/1891 1237/64/1891 1238/70/1891
f 1234/69/1892 1233/65/1892 1238/71/1892
f 1235/67/1893 1234/66/1893 1238/72/1893
f 1236/68/1894 1235/67/1894 1238/73/1894
f 1237/64/1895 1236/68/1895 1238/74/1895
f 1275/53/1956 1276/54/1956 1277/55/1956
f 1276/54/1957 1275/56/1957 1280/57/1957
f 1275/58/1958 1277/59/1958 1278/60/1958
f 1275/61/1959 1278/60/1959 1279/62/1959
f 1275/63/1960 1279/62/1960 1280/57/1960
f 1276/54/1961 1280/57/1961 1285/64/1961
f 1277/55/1962 1276/54/1962 1281/65/1962
f 1278/60/1963 1277/59/1963 1282/66/1963
f 1279/62/1964 1278/60/1964 1283/67/1964
f 1280/57/1965 1279/62/1965 1284/68/1965
f 1276/54/1966 1285/64/1966 1281/65/1966
f 1277/55/1967 1281/65/1967 1282/69/1967
f 1278/60/1968 1282/66/1968 1283/67/1968
f 1279/62/1969 1283/67/1969 1284/68/1969
f 1280/57/1970 1284/68/1970 1285/64/1970
f 1281/65/1971 1285/64/1971 1286/70/1971
f 1282/69/1972 1281/65/1972 1286/71/1972
f 1283/67/1973 1282/66/1973 1286/72/1973
f 1284/68/1974 1283/67/1974 1286/73/1974
f 1285/64/1975 1284/68/1975 1286/74/1975
f 1323/53/2036 1324/54/2036 1325/55/2036
f 1324/54/2037 1323/56/2037 1328/57/2037
f 1323/58/2038 1325/59/2038 1326/60/2038
f 1323/61/2039 1326/60/2039 1327/62/2039
f 1323/63/2040 1327/62/2040 1328/57/2040
f 1324/54/2041 1328/57/2041 1333/64/2041
f 1325/55/2042 1324/54/2042 1329/65/2042
f 1326/60/2043 1325/59/2043 1330/66/2043
f 1327/62/2044 1326/60/2044 1331/67/2044
f 1328/57/2045 1327/62/2045 1332/68/2045
f 1324/54/2046 1333/64/2046 1329/65/2046
f 1325/55/2047 1329/65/2047 1330/69/2047
f 1326/60/2048 1330/66/2048 1331/67/2048
f 1327/62/2049 1331/67/2049 1332/68/2049
f 1328/57/2050 1332/68/2050 1333/64/2050
f 1329/65/2051 1333/64/2051 1334/70/2051
f 1330/69/2052 1329/65/2052 1334/71/2052
f 1331/67/2053 1330/66/2053 1334/72/2053
f 1332/68/2054 1331/67/2054 1334/73/2054
f 1333/64/2055 1332/68/2055 1334/74/2055
f 1371/53/2116 1372/54/2116 1373/55/2116
f 1372/54/2117 1371/56/2117 1376/57/2117
f 1371/58/2118 1373/59/2118 1374/60/2118
f 1371/61/2119 1374/60/2119 1375/62/2119
f 1371/63/2120 1375/62/2120 1376/57/2120
f 1372/54/2121 1376/57/2121 1381/64/2121
f 1373/55/2122 1372/54/2122 1377/65/2122
f 1374/60/2123 1373/59/2123 1378/66/2123
f 1375/62/2124 1374/60/2124 1379/67/2124
f 1376/57/2125 1375/62/2125 1380/68/2125
f 1372/54/2126 1381/64/2126 1377/65/2126
f 1373/55/2127 1377/65/2127 1378/69/2127
f 1374/60/2128 1378/66/2128 1379/67/2128
f 1375/62/2129 1379/67/2129 1380/68/2129
f 1376/57/2130 1380/68/2130 1381/64/2130
f 1377/65/2131 1381/64/2131 1382/70/2131
f 1378/69/2132 1377/65/2132 1382/71/2132
f 1379/67/2133 1378/66/2133 1382/72/2133
f 1380/68/2134 1379/67/2134 1382/73/2134
f 1381/64/2135 1380/68/2135 1382/74/2135
f 1419/53/2196 1420/54/2196 1421/55/2196
f 1420/54/2197 1419/56/2197 1424/57/2197
f 1419/58/2198 1421/59/2198 1422/60/2198
f 1419/61/2199 1422/60/2199 1423/62/2199
f 1419/63/2200 1423/62/2200 1424/57/2200
f 1420/54/2201 1424/57/2201 1429/64/2201
f 1421/55/2202 1420/54/2202 1425/65/2202
f 1422/60/2203 1421/59/2203 1426/66/2203
f 1423/62/2204 1422/60/2204 1427/67/2204
f 1424/57/2205 1423/62/2205 1428/68/2205
f 1420/54/2206 1429/64/2206 1425/65/2206
f 1421/55/2207 1425/65/2207 1426/69/2207
f 1422/60/2208 1426/66/2208 1427/67/2208
f 1423/62/2209 1427/67/2209 1428/68/2209
f 1424/57/2210 1428/68/2210 1429/64/2210
f 1425/65/2211 1429/64/2211 1430/70/2211
f 1426/69/2212 1425/65/2212 1430/71/2212
f 1427/67/2213 1426/66/2213 1430/72/2213
f 1428/68/2214 1427/67/2214 1430/73/2214
f 1429/64/2215 1428/68/2215 1430/74/2215
f 1467/53/2276 1468/54/2276 1469/55/2276
f 1468/54/2277 1467/56/2277 1472/57/2277
f 1467/58/2278 1469/59/2278 1470/60/2278
f 1467/61/2279 1470/60/2279 1471/62/2279
f 1467/63/2280 1471/62/2280 1472/57/2280
f 1468/54/2281 1472/57/2281 1477/64/2281
f 1469/55/2282 1468/54/2282 1473/65/2282
f 1470/60/2283 1469/59/2283 1474/66/2283
f 1471/62/2284 1470/60/2284 1475/67/2284
f 1472/57/2285 1471/62/2285 1476/68/2285
f 1468/54/2286 1477/64/2286 1473/65/2286
f 1469/55/2287 1473/65/2287 1474/69/2287
f 1470/60/2288 1474/66/2288 1475/67/2288
f 1471/62/2289 1475/67/2289 1476/68/2289
f 1472/57/2290 1476/68/2290 1477/64/2290
f 1473/65/2291 1477/64/2291 1478/70/2291
f 1474/69/2292 1473/65/2292 1478/71/2292
f 1475/67/2293 1474/66/2293 1478/72/2293
f 1476/68/2294 1475/67/2294 1478/73/2294
f 1477/64/2295 1476/68/2295 1478/74/2295
f 1515/53/2356 1516/54/2356 1517/55/2356
f 1516/54/2357 1515/56/2357 1520/57/2357
f 1515/58/2358 1517/59/2358 1518/60/2358
f 1515/61/2359 1518/60/2359 1519/62/2359
f 1515/63/2360 1519/62/2360 1520/57/2360
f 1516/54/2361 1520/57/2361 1525/64/2361
f 1517/55/2362 1516/54/2362 1521/65/2362
f 1518/60/2363 1517/59/2363 1522/66/2363
f 1519/62/2364 1518/60/2364 1523/67/2364
f 1520/57/2365 1519/62/2365 1524/68/2365
f 1516/54/2366 1525/64/2366 1521/65/2366
f 1517/55/2367 1521/65/2367 1522/69/2367
f 1518/60/2368 1522/66/2368 1523/67/2368
f 1519/62/2369 1523/67/2369 1524/68/2369
f 1520/57/2370 1524/68/2370 1525/64/2370
f 1521/65/2371 1525/64/2371 1526/70/2371
f 1522/69/2372 1521/65/2372 1526/71/2372
f 1523/67/2373 1522/66/2373 1526/72/2373
f 1524/68/2374 1523/67/2374 1526/73/2374
f 1525/64/2375 1524/68/2375 1526/74/2375
f 1551/53/2416 1552/54/2416 1553/55/2416
f 1552/54/2417 1551/56/2417 1556/57/2417
f 1551/58/2418 1553/59/2418 1554/60/2418
f 1551/61/2419 1554/60/2419 1555/62/2419
f 1551/63/2420 1555/62/2420 1556/57/2420
f 1552/54/2421 1556/57/2421 1561/64/2421
f 1553/55/2422 1552/54/2422 1557/65/2422
f 1554/60/2423 1553/59/2423 1558/66/2423
f 1555/62/2424 1554/60/2424 1559/67/2424
f 1556/57/2425 1555/62/2425 1560/68/2425
f 1552/54/2426 1561/64/2426 1557/65/2426
f 1553/55/2427 1557/65/2427 1558/69/2427
f 1554/60/2428 1558/66/2428 1559/67/2428
f 1555/62/2429 1559/67/2429 1560/68/2429
f 1556/57/2430 1560/68/2430 1561/64/2430
f 1557/65/2431 1561/64/2431 1562/70/2431
f 1558/69/2432 1557/65/2432 1562/71/2432
f 1559/67/2433 1558/66/2433 1562/72/2433
f 1560/68/2434 1559/67/2434 1562/73/2434
f 1561/64/2435 1560/68/2435 1562/74/2435
f 1587/53/2476 1588/54/2476 1589/55/2476
f 1588/54/2477 1587/56/2477 1592/57/2477
f 1587/58/2478 1589/59/2478 1590/60/2478
f 1587/61/2479 1590/60/2479 1591/62/2479
f 1587/63/2480 1591/62/2480 1592/57/2480
f 1588/54/2481 1592/57/2481 1597/64/2481
f 1589/55/2482 1588/54/2482 1593/65/2482
f 1590/60/2483 1589/59/2483 1594/66/2483
f 1591/62/2484 1590/60/2484 1595/67/2484
f 1592/57/2485 1591/62/2485 1596/68/2485
f 1588/54/2486 1597/64/2486 1593/65/2486
f 1589/55/2487 1593/65/2487 1594/69/2487
f 1590/60/2488 1594/66/2488 1595/67/2488
f 1591/62/2489 1595/67/2489 1596/68/2489
f 1592/57/2490 1596/68/2490 1597/64/2490
f 1593/65/2491 1597/64/2491 1598/70/2491
f 1594/69/2492 1593/65/2492 1598/71/2492
f 1595/67/2493 1594/66/2493 1598/72/2493
f 1596/68/2494 1595/67/2494 1598/73/2494
f 1597/64/2495 1596/68/2495 1598/74/2495
f 1623/53/2536 1624/54/2536 1625/55/2536
f 1624/54/2537 1623/56/2537 1628/57/2537
f 1623/58/2538 1625/59/2538 1626/60/2538
f 1623/61/2539 1626/60/2539 1627/62/2539
f 1623/63/2540 1627/62/2540 1628/57/2540
f 1624/54/2541 1628/57/2541 1633/64/2541
f 1625/55/2542 1624/54/2542 1629/65/2542
f 1626/60/2543 1625/59/2543 1630/66/2543
f 1627/62/2544 1626/60/2544 1631/67/2544
f 1628/57/2545 1627/62/2545 1632/68/2545
f 1624/54/2546 1633/64/2546 1629/65/2546
f 1625/55/2547 1629/65/2547 1630/69/2547
f 1626/60/2548 1630/66/2548 1631/67/2548
f 1627/62/2549 1631/67/2549 1632/68/2549
f 1628/57/2550 1632/68/2550 1633/64/2550
f 1629/65/2551 1633/64/2551 1634/70/2551
f 1630/69/2552 1629/65/2552 1634/71/2552
f 1631/67/2553 1630/66/2553 1634/72/2553
f 1632/68/2554 1631/67/2554 1634/73/2554
f 1633/64/2555 1632/68/2555 1634/74/2555
f 1659/53/2596 1660/54/2596 1661/55/2596
f 1660/54/2597 1659/56/2597 1664/57/2597
f 1659/58/2598 1661/59/2598 1662/60/2598
f 1659/61/2599 1662/60/2599 1663/62/2599
f 1659/63/2600 1663/62/2600 1664/57/2600
f 1660/54/2601 1664/57/2601 1669/64/2601
f 1661/55/2602 1660/54/2602 1665/65/2602
f 1662/60/2603 1661/59/2603 1666/66/2603
f 1663/62/2604 1662/60/2604 1667/67/2604
f 1664/57/2605 1663/62/2605 1668/68/2605
f 1660/54/2606 1669/64/2606 1665/65/2606
f 1661/55/2607 1665/65/2607 1666/69/2607
f 1662/60/2608 1666/66/2608 1667/67/2608
f 1663/62/2609 1667/67/2609 1668/68/2609
f 1664/57/2610 1668/68/2610 1669/64/2610
f 1665/65/2611 1669/64/2611 1670/70/2611
f 1666/69/2612 1665/65/2612 1670/71/2612
f 1667/67/2613 1666/66/2613 1670/72/2613
f 1668/68/2614 1667/67/2614 1670/73/2614
f 1669/64/2615 1668/68/2615 1670/74/2615
usemtl leaf_dark
f 183/53/136 184/54/136 185/55/136
f 184/54/137 183/56/137 188/57/137
f 183/58/138 185/59/138 186/60/138
f 183/61/139 186/60/139 187/62/139
f 183/63/140 187/62/140 188/57/140
f 184/54/141 188/57/141 193/64/141
f 185/55/142 184/54/142 189/65/142
f 186/60/143 185/59/143 190/66/143
f 187/62/144 186/60/144 191/67/144
f 188/57/145 187/62/145 192/68/145
f 184/54/146 193/64/146 189/65/146
f 185/55/147 189/65/147 190/69/147
f 186/60/148 190/66/148 191/67/148
f 187/62/149 191/67/149 192/68/149
f 188/57/150 192/68/150 193/64/150
f 189/65/151 193/64/151 194/70/151
f 190/69/152 189/65/152 194/71/152
f 191/67/153 190/66/153 194/72/153
f 192/68/154 191/67/154 194/73/154
f 193/64/155 192/68/155 194/74/155
f 195/53/156 196/54/156 197/55/156
f 196/54/157 195/56/157 200/57/157
f 195/58/158 197/59/158 198/60/158
f 195/61/159 198/60/159 199/62/159
f 195/63/160 199/62/160 200/57/160
f 196/54/161 200/57/161 205/64/161
f 197/55/162 196/54/162 201/65/162
f 198/60/163 197/59/163 202/66/163
f 199/62/164 198/60/164 203/67/164
f 200/57/165 199/62/165 204/68/165
f 196/54/166 205/64/166 201/65/166
f 197/55/167 201/65/167 202/69/167
f 198/60/168 202/66/168 203/67/168
f 199/62/169 203/67/169 204/68/169
f 200/57/170 204/68/170 205/64/170
f 201/65/171 205/64/171 206/70/171
f 202/69/172 201/65/172 206/71/172
f 203/67/173 202/66/173 206/72/173
f 204/68/174 203/67/174 206/73/174
f 205/64/175 204/68/175 206/74/175
f 207/53/176 208/54/176 209/55/176
f 208/54/177 207/56/177 212/57/177
f 207/58/178 209/59/178 210/60/178
f 207/61/179 210/60/179 211/62/179
f 207/63/180 211/62/180 212/57/180
f 208/54/181 212/57/181 217/64/181
f 209/55/182 208/54/182 213/65/182
f 210/60/183 209/59/183 214/66/183
f 211/62/184 210/60/184 215/67/184
f 212/57/185 211/62/185 216/68/185
f 208/54/186 217/64/186 213/65/186
f 209/55/187 213/65/187 214/69/187
f 210/60/188 214/66/188 215/67/188
f 211/62/189 215/67/189 216/68/189
f 212/57/190 216/68/190 217/64/190
f 213/65/191 217/64/191 218/70/191
f 214/69/192 213/65/192 218/71/192
f 215/67/193 214/66/193 218/72/193
f 216/68/194 215/67/194 218/73/194
f 217/64/195 216/68/195 218/74/195
f 231/53/216 232/54/216 233/55/216
f 232/54/217 231/56/217 236/57/217
f 231/58/218 233/59/218 234/60/218
f 231/61/219 234/60/219 235/62/219
f 231/63/220 235/62/220 236/57/220
f 232/54/221 236/57/221 241/64/221
f 233/55/222 232/54/222 237/65/222
f 234/60/223 233/59/223 238/66/223
f 235/62/224 234/60/224 239/67/224
f 236/57/225 235/62/225 240/68/225
f 232/54/226 241/64/226 237/65/226
f 233/55/227 237/65/227 238/69/227
f 234/60/228 238/66/228 239/67/228
f 235/62/229 239/67/229 240/68/229
f 236/57/230 240/68/230 241/64/230
f 237/65/231 241/64/231 242/70/231
f 238/69/232 237/65/232 242/71/232
f 239/67/233 238/66/233 242/72/233
f 240/68/234 239/67/234 242/73/234
f 241/64/235 240/68/235 242/74/235
f 243/53/236 244/54/236 245/55/236
f 244/54/237 243/56/237 248/57/237
f 243/58/238 245/59/238 246/60/238
f 243/61/239 246/60/239 247/62/239
f 243/63/240 247/62/240 248/57/240
f 244/54/241 248/57/241 253/64/241
f 245/55/242 244/54/242 249/65/242
f 246/60/243 245/59/243 250/66/243
f 247/62/244 246/60/244 251/67/244
f 248/57/245 247/62/245 252/68/245
f 244/54/246 253/64/246 249/65/246
f 245/55/247 249/65/247 250/69/247
f 246/60/248 250/66/248 251/67/248
f 247/62/249 251/67/249 252/68/249
f 248/57/250 252/68/250 253/64/250
f 249/65/251 253/64/251 254/70/251
f 250/69/252 249/65/252 254/71/252
f 251/67/253 250/66/253 254/72/253
f 252/68/254 251/67/254 254/73/254
f 253/64/255 252/68/255 254/74/255
f 255/53/256 256/54/256 257/55/256
f 256/54/257 255/56/257 260/57/257
f 255/58/258 257/59/258 258/60/258
f 255/61/259 258/60/259 259/62/259
f 255/63/260 259/62/260 260/57/260
f 256/54/261 260/57/261 265/64/261
f 257/55/262 256/54/262 261/65/262
f 258/60/263 257/59/263 262/66/263
f 259/62/264 258/60/264 263/67/264
f 260/57/265 259/62/265 264/68/265
f 256/54/266 265/64/266 261/65/266
f 257/55/267 261/65/267 262/69/267
f 258/60/268 262/66/268 263/67/268
f 259/62/269 263/67/269 264/68/269
f 260/57/270 264/68/270 265/64/270
f 261/65/271 265/64/271 266/70/271
f 262/69/272 261/65/272 266/71/272
f 263/67/273 262/66/273 266/72/273
f 264/68/274 263/67/274 266/73/274
f 265/64/275 264/68/275 266/74/275
f 279/53/296 280/54/296 281/55/296
f 280/54/297 279/56/297 284/57/297
f 279/58/298 281/59/298 282/60/298
f 279/61/299 282/60/299 283/62/299
f 279/63/300 283/62/300 284/57/300
f 280/54/301 284/57/301 289/64/301
f 281/55/302 280/54/302 285/65/302
f 282/60/303 281/59/303 286/66/303
f 283/62/304 282/60/304 287/67/304
f 284/57/305 283/62/305 288/68/305
f 280/54/306 289/64/306 285/65/306
f 281/55/307 285/65/307 286/69/307
f 282/60/308 286/66/308 287/67/308
f 283/62/309 287/67/309 288/68/309
f 284/57/310 288/68/310 289/64/310
f 285/65/311 289/64/311 290/70/311
f 286/69/312 285/65/312 290/71/312
f 287/67/313 286/66/313 290/72/313
f 288/68/314 287/67/314 290/73/314
f 289/64/315 288/68/315 290/74/315
f 291/53/316 292/54/316 293/55/316
f 292/54/317 291/56/317 296/57/317
f 291/58/318 293/59/318 294/60/318
f 291/61/319 294/60/319 295/62/319
f 291/63/320 295/62/320 296/57/320
f 292/54/321 296/57/321 301/64/321
f 293/55/322 292/54/322 297/65/322
f 294/60/323 293/59/323 298/66/323
f 295/62/324 294/60/324 299/67/324
f 296/57/325 295/62/325 300/68/325
f 292/54/326 301/64/326 297/65/326
f 293/55/327 297/65/327 298/69/327
f 294/60/328 298/66/328 299/67/328
f 295/62/329 299/67/329 300/68/329
f 296/57/330 300/68/330 301/64/330
f 297/65/331 301/64/331 302/70/331
f 298/69/332 297/65/332 302/71/332
f 299/67/333 298/66/333 302/72/333
f 300/68/334 299/67/334 302/73/334
f 301/64/335 300/68/335 302/74/335
f 303/53/336 304/54/336 305/55/336
f 304/54/337 303/56/337 308/57/337
f 303/58/338 305/59/338 306/60/338
f 303/61/339 306/60/339 307/62/339
f 303/63/340 307/62/340 308/57/340
f 304/54/341 308/57/341 313/64/341
f 305/55/342 304/54/342 309/65/342
f 306/60/343 305/59/343 310/66/343
f 307/62/344 306/60/344 311/67/344
f 308/57/345 307/62/345 312/68/345
f 304/54/346 313/64/346 309/65/346
f 305/55/347 309/65/347 310/69/347
f 306/60/348 310/66/348 311/67/348
f 307/62/349 311/67/349 312/68/349
f 308/57/350 312/68/350 313/64/350
f 309/65/351 313/64/351 314/70/351
f 310/69/352 309/65/352 314/71/352
f 311/67/353 310/66/353 314/72/353
f 312/68/354 311/67/354 314/73/354
f 313/64/355 312/68/355 314/74/355
f 327/53/376 328/54/376 329/55/376
f 328/54/377 327/56/377 332/57/377
f 327/58/378 329/59/378 330/60/378
f 327/61/379 330/60/379 331/62/379
f 327/63/380 331/62/380 332/57/380
f 328/54/381 332/57/381 337/64/381
f 329/55/382 328/54/382 333/65/382
f 330/60/383 329/59/383 334/66/383
f 331/62/384 330/60/384 335/67/384
f 332/57/385 331/62/385 336/68/385
f 328/54/386 337/64/386 333/65/386
f 329/55/387 333/65/387 334/69/387
f 330/60/388 334/66/388 335/67/388
f 331/62/389 335/67/389 336/68/389
f 332/57/390 336/68/390 337/64/390
f 333/65/391 337/64/391 338/70/391
f 334/69/392 333/65/392 338/71/392
f 335/67/393 334/66/393 338/72/393
f 336/68/394 335/67/394 338/73/394
f 337/64/395 336/68/395 338/74/395
f 339/53/396 340/54/396 341/55/396
f 340/54/397 339/56/397 344/57/397
f 339/58/398 341/59/398 342/60/398
f 339/61/399 342/60/399 343/62/399
f 339/63/400 343/62/400 344/57/400
f 340/54/401 344/57/401 349/64/401
f 341/55/402 340/54/402 345/65/402
f 342/60/403 341/59/403 346/66/403
f 343/62/404 342/60/404 347/67/404
f 344/57/405 343/62/405 348/68/405
f 340/54/406 349/64/406 345/65/406
f 341/55/407 345/65/407 346/69/407
f 342/60/408 346/66/408 347/67/408
f 343/62/409 347/67/409 348/68/409
f 344/57/410 348/68/410 349/64/410
f 345/65/411 349/64/411 350/70/411
f 346/69/412 345/65/412 350/71/412
f 347/67/413 346/66/413 350/72/413
f 348/68/414 347/67/414 350/73/414
f 349/64/415 348/68/415 350/74/415
f 351/53/416 352/54/416 353/55/416
f 352/54/417 351/56/417 356/57/417
f 351/58/418 353/59/418 354/60/418
f 351/61/419 354/60/419 355/62/419
f 351/63/420 355/62/420 356/57/420
f 352/54/421 356/57/421 361/64/421
f 353/55/422 352/54/422 357/65/422
f 354/60/423 353/59/423 358/66/423
f 355/62/424 354/60/424 359/67/424
f 356/57/425 355/62/425 360/68/425
f 352/54/426 361/64/426 357/65/426
f 353/55/427 357/65/427 358/69/427
f 354/60/428 358/66/428 359/67/428
f 355/62/429 359/67/429 360/68/429
f 356/57/430 360/68/430 361/64/430
f 357/65/431 361/64/431 362/70/431
f 358/69/432 357/65/432 362/71/432
f 359/67/433 358/66/433 362/72/433
f 360/68/434 359/67/434 362/73/434
f 361/64/435 360/68/435 362/74/435
f 375/53/456 376/54/456 377/55/456
f 376/54/457 375/56/457 380/57/457
f 375/58/458 377/59/458 378/60/458
f 375/61/459 378/60/459 379/62/459
f 375/63/460 379/62/460 380/57/460
f 376/54/461 380/57/461 385/64/461
f 377/55/462 376/54/462 381/65/462
f 378/60/463 377/59/463 382/66/463
f 379/62/464 378/60/464 383/67/464
f 380/57/465 379/62/465 384/68/465
f 376/54/466 385/64/466 381/65/466
f 377/55/467 381/65/467 382/69/467
f 378/60/468 382/66/468 383/67/468
f 379/62/469 383/67/469 384/68/469
f 380/57/470 384/68/470 385/64/470
f 381/65/471 385/64/471 386/70/471
f 382/69/472 381/65/472 386/71/472
f 383/67/473 382/66/473 386/72/473
f 384/68/474 383/67/474 386/73/474
f 385/64/475 384/68/475 386/74/475
f 387/53/476 388/54/476 389/55/476
f 388/54/477 387/56/477 392/57/477
f 387/58/478 389/59/478 390/60/478
f 387/61/479 390/60/479 391/62/479
f 387/63/480 391/62/480 392/57/480
f 388/54/481 392/57/481 397/64/481
f 389/55/482 388/54/482 393/65/482
f 390/60/483 389/59/483 394/66/483
f 391/62/484 390/60/484 395/67/484
f 392/57/485 391/62/485 396/68/485
f 388/54/486 397/64/486 393/65/486
f 389/55/487 393/65/487 394/69/487
f 390/60/488 394/66/488 395/67/488
f 391/62/489 395/67/489 396/68/489
f 392/57/490 396/68/490 397/64/490
f 393/65/491 397/64/491 398/70/491
f 394/69/492 393/65/492 398/71/492
f 395/67/493 394/66/493 398/72/493
f 396/68/494 395/67/494 398/73/494
f 397/64/495 396/68/495 398/74/495
f 399/53/496 400/54/496 401/55/496
f 400/54/497 399/56/497 404/57/497
f 399/58/498 401/59/498 402/60/498
f 399/61/499 402/60/499 403/62/499
f 399/63/500 403/62/500 404/57/500
f 400/54/501 404/57/501 409/64/501
f 401/55/502 400/54/502 405/65/502
f 402/60/503 401/59/503 406/66/503
f 403/62/504 402/60/504 407/67/504
f 404/57/505 403/62/505 408/68/505
f 400/54/506 409/64/506 405/65/506
f 401/55/507 405/65/507 406/69/507
f 402/60/508 406/66/508 407/67/508
f 403/62/509 407/67/509 408/68/509
f 404/57/510 408/68/510 409/64/510
f 405/65/511 409/64/511 410/70/511
f 406/69/512 405/65/512 410/71/512
f 407/67/513 406/66/513 410/72/513
f 408/68/514 407/67/514 410/73/514
f 409/64/515 408/68/515 410/74/515
f 423/53/536 424/54/536 425/55/536
f 424/54/537 423/56/537 428/57/537
f 423/58/538 425/59/538 426/60/538
f 423/61/539 426/60/539 427/62/539
f 423/63/540 427/62/540 428/57/540
f 424/54/541 428/57/541 433/64/541
f 425/55/542 424/54/542 429/65/542
f 426/60/543 425/59/543 430/66/543
f 427/62/544 426/60/544 431/67/544
f 428/57/545 427/62/545 432/68/545
f 424/54/546 433/64/546 429/65/546
f 425/55/547 429/65/547 430/69/547
f 426/60/548 430/66/548 431/67/548
f 427/62/549 431/67/549 432/68/549
f 428/57/550 432/68/550 433/64/550
f 429/65/551 433/64/551 434/70/551
f 430/69/552 429/65/552 434/71/552
f 431/67/553 430/66/553 434/72/553
f 432/68/554 431/67/554 434/73/554
f 433/64/555 432/68/555 434/74/555
f 435/53/556 436/54/556 437/55/556
f 436/54/557 435/56/557 440/57/557
f 435/58/558 437/59/558 438/60/558
f 435/61/559 438/60/559 439/62/559
f 435/63/560 439/62/560 440/57/560
f 436/54/561 440/57/561 445/64/561
f 437/55/562 436/54/562 441/65/562
f 438/60/563 437/59/563 442/66/563
f 439/62/564 438/60/564 443/67/564
f 440/57/565 439/62/565 444/68/565
f 436/54/566 445/64/566 441/65/566
f 437/55/567 441/65/567 442/69/567
f 438/60/568 442/66/568 443/67/568
f 439/62/569 443/67/569 444/68/569
f 440/57/570 444/68/570 445/64/570
f 441/65/571 445/64/571 446/70/571
f 442/69/572 441/65/572 446/71/572
f 443/67/573 442/66/573 446/72/573
f 444/68/574 443/67/574 446/73/574
f 445/64/575 444/68/575 446/74/575
f 447/53/576 448/54/576 449/55/576
f 448/54/577 447/56/577 452/57/577
f 447/58/578 449/59/578 450/60/578
f 447/61/579 450/60/579 451/62/579
f 447/63/580 451/62/580 452/57/580
f 448/54/581 452/57/581 457/64/581
f 449/55/582 448/54/582 453/65/582
f 450/60/583 449/59/583 454/66/583
f 451/62/584 450/60/584 455/67/584
f 452/57/585 451/62/585 456/68/585
f 448/54/586 457/64/586 453/65/586
f 449/55/587 453/65/587 454/69/587
f 450/60/588 454/66/588 455/67/588
f 451/62/589 455/67/589 456/68/589
f 452/57/590 456/68/590 457/64/590
f 453/65/591 457/64/591 458/70/591
f 454/69/592 453/65/592 458/71/592
f 455/67/593 454/66/593 458/72/593
f 456/68/594 455/67/594 458/73/594
f 457/64/595 456/68/595 458/74/595
f 471/53/616 472/54/616 473/55/616
f 472/54/617 471/56/617 476/57/617
f 471/58/618 473/59/618 474/60/618
f 471/61/619 474/60/619 475/62/619
f 471/63/620 475/62/620 476/57/620
f 472/54/621 476/57/621 481/64/621
f 473/55/622 472/54/622 477/65/622
f 474/60/623 473/59/623 478/66/623
f 475/62/624 474/60/624 479/67/624
f 476/57/625 475/62/625 480/68/625
f 472/54/626 481/64/626 477/65/626
f 473/55/627 477/65/627 478/69/627
f 474/60/628 478/66/628 479/67/628
f 475/62/629 479/67/629 480/68/629
f 476/57/630 480/68/630 481/64/630
f 477/65/631 481/64/631 482/70/631
f 478/69/632 477/65/632 482/71/632
f 479/67/633 478/66/633 482/72/633
f 480/68/634 479/67/634 482/73/634
f 481/64/635 480/68/635 482/74/635
f 483/53/636 484/54/636 485/55/636
f 484/54/637 483/56/637 488/57/637
f 483/58/638 485/59/638 486/60/638
f 483/61/639 486/60/639 487/62/639
f 483/63/640 487/62/640 488/57/640
f 484/54/641 488/57/641 493/64/641
f 485/55/642 484/54/642 489/65/642
f 486/60/643 485/59/643 490/66/643
f 487/62/644 486/60/644 491/67/644
f 488/57/645 487/62/645 492/68/645
f 484/54/646 493/64/646 489/65/646
f 485/55/647 489/65/647 490/69/647
f 486/60/648 490/66/648 491/67/648
f 487/62/649 491/67/649 492/68/649
f 488/57/650 492/68/650 493/64/650
f 489/65/651 493/64/651 494/70/651
f 490/69/652 489/65/652 494/71/652
f 491/67/653 490/66/653 494/72/653
f 492/68/654 491/67/654 494/73/654
f 493/64/655 492/68/655 494/74/655
f 495/53/656 496/54/656 497/55/656
f 496/54/657 495/56/657 500/57/657
f 495/58/658 497/59/658 498/60/658
f 495/61/659 498/60/659 499/62/659
f 495/63/660 499/62/660 500/57/660
f 496/54/661 500/57/661 505/64/661
f 497/55/662 496/54/662 501/65/662
f 498/60/663 497/59/663 502/66/663
f 499/62/664 498/60/664 503/67/664
f 500/57/665 499/62/665 504/68/665
f 496/54/666 505/64/666 501/65/666
f 497/55/667 501/65/667 502/69/667
f 498/60/668 502/66/668 503/67/668
f 499/62/669 503/67/669 504/68/669
f 500/57/670 504/68/670 505/64/670
f 501/65/671 505/64/671 506/70/671
f 502/69/672 501/65/672 506/71/672
f 503/67/673 502/66/673 506/72/673
f 504/68/674 503/67/674 506/73/674
f 505/64/675 504/68/675 506/74/675
f 519/53/696 520/54/696 521/55/696
f 520/54/697 519/56/697 524/57/697
f 519/58/698 521/59/698 522/60/698
f 519/61/699 522/60/699 523/62/699
f 519/63/700 523/62/700 524/57/700
f 520/54/701 524/57/701 529/64/701
f 521/55/702 520/54/702 525/65/702
f 522/60/703 521/59/703 526/66/703
f 523/62/704 522/60/704 527/67/704
f 524/57/705 523/62/705 528/68/705
f 520/54/706 529/64/706 525/65/706
f 521/55/707 525/65/707 526/69/707
f 522/60/708 526/66/708 527/67/708
f 523/62/709 527/67/709 528/68/709
f 524/57/710 528/68/710 529/64/710
f 525/65/711 529/64/711 530/70/711
f 526/69/712 525/65/712 530/71/712
f 527/67/713 526/66/713 530/72/713
f 528/68/714 527/67/714 530/73/714
f 529/64/715 528/68/715 530/74/715
f 531/53/716 532/54/716 533/55/716
f 532/54/717 531/56/717 536/57/717
f 531/58/718 533/59/718 534/60/718
f 531/61/719 534/60/719 535/62/719
f 531/63/720 535/62/720 536/57/720
f 532/54/721 536/57/721 541/64/721
f 533/55/722 532/54/722 537/65/722
f 534/60/723 533/59/723 538/66/723
f 535/62/724 534/60/724 539/67/724
f 536/57/725 535/62/725 540/68/725
f 532/54/726 541/64/726 537/65/726
f 533/55/727 537/65/727 538/69/727
f 534/60/728 538/66/728 539/67/728
f 535/62/729 539/67/729 540/68/729
f 536/57/730 540/68/730 541/64/730
f 537/65/731 541/64/731 542/70/731
f 538/69/732 537/65/732 542/71/732
f 539/67/733 538/66/733 542/72/733
f 540/68/734 539/67/734 542/73/734
f 541/64/735 540/68/735 542/74/735
f 543/53/736 544/54/736 545/55/736
f 544/54/737 543/56/737 548/57/737
f 543/58/738 545/59/738 546/60/738
f 543/61/739 546/60/739 547/62/739
f 543/63/740 547/62/740 548/57/740
f 544/54/741 548/57/741 553/64/741
f 545/55/742 544/54/742 549/65/742
f 546/60/743 545/59/743 550/66/743
f 547/62/744 546/60/744 551/67/744
f 548/57/745 547/62/745 552/68/745
f 544/54/746 553/64/746 549/65/746
f 545/55/747 549/65/747 550/69/747
f 546/60/748 550/66/748 551/67/748
f 547/62/749 551/67/749 552/68/749
f 548/57/750 552/68/750 553/64/750
f 549/65/751 553/64/751 554/70/751
f 550/69/752 549/65/752 554/71/752
f 551/67/753 550/66/753 554/72/753
f 552/68/754 551/67/754 554/73/754
f 553/64/755 552/68/755 554/74/755
f 567/53/776 568/54/776 569/55/776
f 568/54/777 567/56/777 572/57/777
f 567/58/778 569/59/778 570/60/778
f 567/61/779 570/60/779 571/62/779
f 567/63/780 571/62/780 572/57/780
f 568/54/781 572/57/781 577/64/781
f 569/55/782 568/54/782 573/65/782
f 570/60/783 569/59/783 574/66/783
f 571/62/784 570/60/784 575/67/784
f 572/57/785 571/62/785 576/68/785
f 568/54/786 577/64/786 573/65/786
f 569/55/787 573/65/787 574/69/787
f 570/60/788 574/66/788 575/67/788
f 571/62/789 575/67/789 576/68/789
f 572/57/790 576/68/790 577/64/790
f 573/65/791 577/64/791 578/70/791
f 574/69/792 573/65/792 578/71/792
f 575/67/793 574/66/793 578/72/793
f 576/68/794 575/67/794 578/73/794
f 577/64/795 576/68/795 578/74/795
f 579/53/796 580/54/796 581/55/796
f 580/54/797 579/56/797 584/57/797
f 579/58/798 581/59/798 582/60/798
f 579/61/799 582/60/799 583/62/799
f 579/63/800 583/62/800 584/57/800
f 580/54/801 584/57/801 589/64/801
f 581/55/802 580/54/802 585/65/802
f 582/60/803 581/59/803 586/66/803
f 583/62/804 582/60/804 587/67/804
f 584/57/805 583/62/805 588/68/805
f 580/54/806 589/64/806 585/65/806
f 581/55/807 585/65/807 586/69/807
f 582/60/808 586/66/808 587/67/808
f 583/62/809 587/67/809 588/68/809
f 584/57/810 588/68/810 589/64/810
f 585/65/811 589/64/811 590/70/811
f 586/69/812 585/65/812 590/71/812
f 587/67/813 586/66/813 590/72/813
f 588/68/814 587/67/814 590/73/814
f 589/64/815 588/68/815 590/74/815
f 591/53/816 592/54/816 593/55/816
f 592/54/817 591/56/817 596/57/817
f 591/58/818 593/59/818 594/60/818
f 591/61/819 594/60/819 595/62/819
f 591/63/820 595/62/820 596/57/820
f 592/54/821 596/57/821 601/64/821
f 593/55/822 592/54/822 597/65/822
f 594/60/823 593/59/823 598/66/823
f 595/62/824 594/60/824 599/67/824
f 596/57/825 595/62/825 600/68/825
f 592/54/826 601/64/826 597/65/826
f 593/55/827 597/65/827 598/69/827
f 594/60/828 598/66/828 599/67/828
f 595/62/829 599/67/829 600/68/829
f 596/57/830 600/68/830 601/64/830
f 597/65/831 601/64/831 602/70/831
f 598/69/832 597/65/832 602/71/832
f 599/67/833 598/66/833 602/72/833
f 600/68/834 599/67/834 602/73/834
f 601/64/835 600/68/835 602/74/835
f 615/53/856 616/54/856 617/55/856
f 616/54/857 615/56/857 620/57/857
f 615/58/858 617/59/858 618/60/858
f 615/61/859 618/60/859 619/62/859
f 615/63/860 619/62/860 620/57/860
f 616/54/861 620/57/861 625/64/861
f 617/55/862 616/54/862 621/65/862
f 618/60/863 617/59/863 622/66/863
f 619/62/864 618/60/864 623/67/864
f 620/57/865 619/62/865 624/68/865
f 616/54/866 625/64/866 621/65/866
f 617/55/867 621/65/867 622/69/867
f 618/60/868 622/66/868 623/67/868
f 619/62/869 623/67/869 624/68/869
f 620/57/870 624/68/870 625/64/870
f 621/65/871 625/64/871 626/70/871
f 622/69/872 621/65/872 626/71/872
f 623/67/873 622/66/873 626/72/873
f 624/68/874 623/67/874 626/73/874
f 625/64/875 624/68/875 626/74/875
f 627/53/876 628/54/876 629/55/876
f 628/54/877 627/56/877 632/57/877
f 627/58/878 629/59/878 630/60/878
f 627/61/879 630/60/879 631/62/879
f 627/63/880 631/62/880 632/57/880
f 628/54/881 632/57/881 637/64/881
f 629/55/882 628/54/882 633/65/882
f 630/60/883 629/59/883 634/66/883
f 631/62/884 630/60/884 635/67/884
f 632/57/885 631/62/885 636/68/885
f 628/54/886 637/64/886 633/65/886
f 629/55/887 633/65/887 634/69/887
f 630/60/888 634/66/888 635/67/888
f 631/62/889 635/67/889 636/68/889
f 632/57/890 636/68/890 637/64/890
f 633/65/891 637/64/891 638/70/891
f 634/69/892 633/65/892 638/71/892
f 635/67/893 634/66/893 638/72/893
f 636/68/894 635/67/894 638/73/894
f 637/64/895 636/68/895 638/74/895
f 639/53/896 640/54/896 641/55/896
f 640/54/897 639/56/897 644/57/897
f 639/58/898 641/59/898 642/60/898
f 639/61/899 642/60/899 643/62/899
f 639/63/900 643/62/900 644/57/900
f 640/54/901 644/57/901 649/64/901
f 641/55/902 640/54/902 645/65/902
f 642/60/903 641/59/903 646/66/903
f 643/62/904 642/60/904 647/67/904
f 644/57/905 643/62/905 648/68/905
f 640/54/906 649/64/906 645/65/906
f 641/55/907 645/65/907 646/69/907
f 642/60/908 646/66/908 647/67/908
f 643/62/909 647/67/909 648/68/909
f 644/57/910 648/68/910 649/64/910
f 645/65/911 649/64/911 650/70/911
f 646/69/912 645/65/912 650/71/912
f 647/67/913 646/66/913 650/72/913
f 648/68/914 647/67/914 650/73/914
f 649/64/915 648/68/915 650/74/915
f 663/53/936 664/54/936 665/55/936
f 664/54/937 663/56/937 668/57/937
f 663/58/938 665/59/938 666/60/938
f 663/61/939 666/60/939 667/62/939
f 663/63/940 667/62/940 668/57/940
f 664/54/941 668/57/941 673/64/941
f 665/55/942 664/54/942 669/65/942
f 666/60/943 665/59/943 670/66/943
f 667/62/944 666/60/944 671/67/944
f 668/57/945 667/62/945 672/68/945
f 664/54/946 673/64/946 669/65/946
f 665/55/947 669/65/947 670/69/947
f 666/60/948 670/66/948 671/67/948
f 667/62/949 671/67/949 672/68/949
f 668/57/950 672/68/950 673/64/950
f 669/65/951 673/64/951 674/70/951
f 670/69/952 669/65/952 674/71/952
f 671/67/953 670/66/953 674/72/953
f 672/68/954 671/67/954 674/73/954
f 673/64/955 672/68/955 674/74/955
f 675/53/956 676/54/956 677/55/956
f 676/54/957 675/56/957 680/57/957
f 675/58/958 677/59/958 678/60/958
f 675/61/959 678/60/959 679/62/959
f 675/63/960 679/62/960 680/57/960
f 676/54/961 680/57/961 685/64/961
f 677/55/962 676/54/962 681/65/962
f 678/60/963 677/59/963 682/66/963
f 679/62/964 678/60/964 683/67/964
f 680/57/965 679/62/965 684/68/965
f 676/54/966 685/64/966 681/65/966
f 677/55/967 681/65/967 682/69/967
f 678/60/968 682/66/968 683/67/968
f 679/62/969 683/67/969 684/68/969
f 680/57/970 684/68/970 685/64/970
f 681/65/971 685/64/971 686/70/971
f 682/69/972 681/65/972 686/71/972
f 683/67/973 682/66/973 686/72/973
f 684/68/974 683/67/974 686/73/974
f 685/64/975 684/68/975 686/74/975
f 687/53/976 688/54/976 689/55/976
f 688/54/977 687/56/977 692/57/977
f 687/58/978 689/59/978 690/60/978
f 687/61/979 690/60/979 691/62/979
f 687/63/980 691/62/980 692/57/980
f 688/54/981 692/57/981 697/64/981
f 689/55/982 688/54/982 693/65/982
f 690/60/983 689/59/983 694/66/983
f 691/62/984 690/60/984 695/67/984
f 692/57/985 691/62/985 696/68/985
f 688/54/986 697/64/986 693/65/986
f 689/55/987 693/65/987 694/69/987
f 690/60/988 694/66/988 695/67/988
f 691/62/989 695/67/989 696/68/989
f 692/57/990 696/68/990 697/64/990
f 693/65/991 697/64/991 698/70/991
f 694/69/992 693/65/992 698/71/992
f 695/67/993 694/66/993 698/72/993
f 696/68/994 695/67/994 698/73/994
f 697/64/995 696/68/995 698/74/995
f 711/53/1016 712/54/1016 713/55/1016
f 712/54/1017 711/56/1017 716/57/1017
f 711/58/1018 713/59/1018 714/60/1018
f 711/61/1019 714/60/1019 715/62/1019
f 711/63/1020 715/62/1020 716/57/1020
f 712/54/1021 716/57/1021 721/64/1021
f 713/55/1022 712/54/1022 717/65/1022
f 714/60/1023 713/59/1023 718/66/1023
f 715/62/1024 714/60/1024 719/67/1024
f 716/57/1025 715/62/1025 720/68/1025
f 712/54/1026 721/64/1026 717/65/1026
f 713/55/1027 717/65/1027 718/69/1027
f 714/60/1028 718/66/1028 719/67/1028
f 715/62/1029 719/67/1029 720/68/1029
f 716/57/1030 720/68/1030 721/64/1030
f 717/65/1031 721/64/1031 722/70/1031
f 718/69/1032 717/65/1032 722/71/1032
f 719/67/1033 718/66/1033 722/72/1033
f 720/68/1034 719/67/1034 722/73/1034
f 721/64/1035 720/68/1035 722/74/1035
f 723/53/1036 724/54/1036 725/55/1036
f 724/54/1037 723/56/1037 728/57/1037
f 723/58/1038 725/59/1038 726/60/1038
f 723/61/1039 726/60/1039 727/62/1039
f 723/63/1040 727/62/1040 728/57/1040
f 724/54/1041 728/57/1041 733/64/1041
f 725/55/1042 724/54/1042 729/65/1042
f 726/60/1043 725/59/1043 730/66/1043
f 727/62/1044 726/60/1044 731/67/1044
f 728/57/1045 727/62/1045 732/68/1045
f 724/54/1046 733/64/1046 729/65/1046
f 725/55/1047 729/65/1047 730/69/1047
f 726/60/1048 730/66/1048 731/67/1048
f 727/62/1049 731/67/1049 732/68/1049
f 728/57/1050 732/68/1050 733/64/1050
f 729/65/1051 733/64/1051 734/70/1051
f 730/69/1052 729/65/1052 734/71/1052
f 731/67/1053 730/66/1053 734/72/1053
f 732/68/1054 731/67/1054 734/73/1054
f 733/64/1055 732/68/1055 734/74/1055
f 735/53/1056 736/54/1056 737/55/1056
f 736/54/1057 735/56/1057 740/57/1057
f 735/58/1058 737/59/1058 738/60/1058
f 735/61/1059 738/60/1059 739/62/1059
f 735/63/1060 739/62/1060 740/57/1060
f 736/54/1061 740/57/1061 745/64/1061
f 737/55/1062 736/54/1062 741/65/1062
f 738/60/1063 737/59/1063 742/66/1063
f 739/62/1064 738/60/1064 743/67/1064
f 740/57/1065 739/62/1065 744/68/1065
f 736/54/1066 745/64/1066 741/65/1066
f 737/55/1067 741/65/1067 742/69/1067
f 738/60/1068 742/66/1068 743/67/1068
f 739/62/1069 743/67/1069 744/68/1069
f 740/57/1070 744/68/1070 745/64/1070
f 741/65/1071 745/64/1071 746/70/1071
f 742/69/1072 741/65/1072 746/71/1072
f 743/67/1073 742/66/1073 746/72/1073
f 744/68/1074 743/67/1074 746/73/1074
f 745/64/1075 744/68/1075 746/74/1075
f 759/53/1096 760/54/1096 761/55/1096
f 760/54/1097 759/56/1097 764/57/1097
f 759/58/1098 761/59/1098 762/60/1098
f 759/61/1099 762/60/1099 763/62/1099
f 759/63/1100 763/62/1100 764/57/1100
f 760/54/1101 764/57/1101 769/64/1101
f 761/55/1102 760/54/1102 765/65/1102
f 762/60/1103 761/59/1103 766/66/1103
f 763/62/1104 762/60/1104 767/67/1104
f 764/57/1105 763/62/1105 768/68/1105
f 760/54/1106 769/64/1106 765/65/1106
f 761/55/1107 765/65/1107 766/69/1107
f 762/60/1108 766/66/1108 767/67/1108
f 763/62/1109 767/67/1109 768/68/1109
f 764/57/1110 768/68/1110 769/64/1110
f 765/65/1111 769/64/1111 770/70/1111
f 766/69/1112 765/65/1112 770/71/1112
f 767/67/1113 766/66/1113 770/72/1113
f 768/68/1114 767/67/1114 770/73/1114
f 769/64/1115 768/68/1115 770/74/1115
f 771/53/1116 772/54/1116 773/55/1116
f 772/54/1117 771/56/1117 776/57/1117
f 771/58/1118 773/59/1118 774/60/1118
f 771/61/1119 774/60/1119 775/62/1119
f 771/63/1120 775/62/1120 776/57/1120
f 772/54/1121 776/57/1121 781/64/1121
f 773/55/1122 772/54/1122 777/65/1122
f 774/60/1123 773/59/1123 778/66/1123
f 775/62/1124 774/60/1124 779/67/1124
f 776/57/1125 775/62/1125 780/68/1125
f 772/54/1126 781/64/1126 777/65/1126
f 773/55/1127 777/65/1127 778/69/1127
f 774/60/1128 778/66/1128 779/67/1128
f 775/62/1129 779/67/1129 780/68/1129
f 776/57/1130 780/68/1130 781/64/1130
f 777/65/1131 781/64/1131 782/70/1131
f 778/69/1132 777/65/1132 782/71/1132
f 779/67/1133 778/66/1133 782/72/1133
f 780/68/1134 779/67/1134 782/73/1134
f 781/64/1135 780/68/1135 782/74/1135
f 783/53/1136 784/54/1136 785/55/1136
f 784/54/1137 783/56/1137 788/57/1137
f 783/58/1138 785/59/1138 786/60/1138
f 783/61/1139 786/60/1139 787/62/1139
f 783/63/1140 787/62/1140 788/57/1140
f 784/54/1141 788/57/1141 793/64/1141
f 785/55/1142 784/54/1142 789/65/1142
f 786/60/1143 785/59/1143 790/66/1143
f 787/62/1144 786/60/1144 791/67/1144
f 788/57/1145 787/62/1145 792/68/1145
f 784/54/1146 793/64/1146 789/65/1146
f 785/55/1147 789/65/1147 790/69/1147
f 786/60/1148 790/66/1148 791/67/1148
f 787/62/1149 791/67/1149 792/68/1149
f 788/57/1150 792/68/1150 793/64/1150
f 789/65/1151 793/64/1151 794/70/1151
f 790/69/1152 789/65/1152 794/71/1152
f 791/67/1153 790/66/1153 794/72/1153
f 792/68/1154 791/67/1154 794/73/1154
f 793/64/1155 792/68/1155 794/74/1155
f 807/53/1176 808/54/1176 809/55/1176
f 808/54/1177 807/56/1177 812/57/1177
f 807/58/1178 809/59/1178 810/60/1178
f 807/61/1179 810/60/1179 811/62/1179
f 807/63/1180 811/62/1180 812/57/1180
f 808/54/1181 812/57/1181 817/64/1181
f 809/55/1182 808/54/1182 813/65/1182
f 810/60/1183 809/59/1183 814/66/1183
f 811/62/1184 810/60/1184 815/67/1184
f 812/57/1185 811/62/1185 816/68/1185
f 808/54/1186 817/64/1186 813/65/1186
f 809/55/1187 813/65/1187 814/69/1187
f 810/60/1188 814/66/1188 815/67/1188
f 811/62/1189 815/67/1189 816/68/1189
f 812/57/1190 816/68/1190 817/64/1190
f 813/65/1191 817/64/1191 818/70/1191
f 814/69/1192 813/65/1192 818/71/1192
f 815/67/1193 814/66/1193 818/72/1193
f 816/68/1194 815/67/1194 818/73/1194
f 817/64/1195 816/68/1195 818/74/1195
f 819/53/1196 820/54/1196 821/55/1196
f 820/54/1197 819/56/1197 824/57/1197
f 819/58/1198 821/59/1198 822/60/1198
f 819/61/1199 822/60/1199 823/62/1199
f 819/63/1200 823/62/1200 824/57/1200
f 820/54/1201 824/57/1201 829/64/1201
f 821/55/1202 820/54/1202 825/65/1202
f 822/60/1203 821/59/1203 826/66/1203
f 823/62/1204 822/60/1204 827/67/1204
f 824/57/1205 823/62/1205 828/68/1205
f 820/54/1206 829/64/1206 825/65/1206
f 821/55/1207 825/65/1207 826/69/1207
f 822/60/1208 826/66/1208 827/67/1208
f 823/62/1209 827/67/1209 828/68/1209
f 824/57/1210 828/68/1210 829/64/1210
f 825/65/1211 829/64/1211 830/70/1211
f 826/69/1212 825/65/1212 830/71/1212
f 827/67/1213 826/66/1213 830/72/1213
f 828/68/1214 827/67/1214 830/73/1214
f 829/64/1215 828/68/1215 830/74/1215
f 831/53/1216 832/54/1216 833/55/1216
f 832/54/1217 831/56/1217 836/57/1217
f 831/58/1218 833/59/1218 834/60/1218
f 831/61/1219 834/60/1219 835/62/1219
f 831/63/1220 835/62/1220 836/57/1220
f 832/54/1221 836/57/1221 841/64/1221
f 833/55/1222 832/54/1222 837/65/1222
f 834/60/1223 833/59/1223 838/66/1223
f 835/62/1224 834/60/1224 839/67/1224
f 836/57/1225 835/62/1225 840/68/1225
f 832/54/1226 841/64/1226 837/65/1226
f 833/55/1227 837/65/1227 838/69/1227
f 834/60/1228 838/66/1228 839/67/1228
f 835/62/1229 839/67/1229 840/68/1229
f 836/57/1230 840/68/1230 841/64/1230
f 837/65/1231 841/64/1231 842/70/1231
f 838/69/1232 837/65/1232 842/71/1232
f 839/67/1233 838/66/1233 842/72/1233
f 840/68/1234 839/67/1234 842/73/1234
f 841/64/1235 840/68/1235 842/74/1235
f 855/53/1256 856/54/1256 857/55/1256
f 856/54/1257 855/56/1257 860/57/1257
f 855/58/1258 857/59/1258 858/60/1258
f 855/61/1259 858/60/1259 859/62/1259
f 855/63/1260 859/62/1260 860/57/1260
f 856/54/1261 860/57/1261 865/64/1261
f 857/55/1262 856/54/1262 861/65/1262
f 858/60/1263 857/59/1263 862/66/1263
f 859/62/1264 858/60/1264 863/67/1264
f 860/57/1265 859/62/1265 864/68/1265
f 856/54/1266 865/64/1266 861/65/1266
f 857/55/1267 861/65/1267 862/69/1267
f 858/60/1268 862/66/1268 863/67/1268
f 859/62/1269 863/67/1269 864/68/1269
f 860/57/1270 864/68/1270 865/64/1270
f 861/65/1271 865/64/1271 866/70/1271
f 862/69/1272 861/65/1272 866/71/1272
f 863/67/1273 862/66/1273 866/72/1273
f 864/68/1274 863/67/1274 866/73/1274
f 865/64/1275 864/68/1275 866/74/1275
f 867/53/1276 868/54/1276 869/55/1276
f 868/54/1277 867/56/1277 872/57/1277
f 867/58/1278 869/59/1278 870/60/1278
f 867/61/1279 870/60/1279 871/62/1279
f 867/63/1280 871/62/1280 872/57/1280
f 868/54/1281 872/57/1281 877/64/1281
f 869/55/1282 868/54/1282 873/65/1282
f 870/60/1283 869/59/1283 874/66/1283
f 871/62/1284 870/60/1284 875/67/1284
f 872/57/1285 871/62/1285 876/68/1285
f 868/54/1286 877/64/1286 873/65/1286
f 869/55/1287 873/65/1287 874/69/1287
f 870/60/1288 874/66/1288 875/67/1288
f 871/62/1289 875/67/1289 876/68/1289
f 872/57/1290 876/68/1290 877/64/1290
f 873/65/1291 877/64/1291 878/70/1291
f 874/69/1292 873/65/1292 878/71/1292
f 875/67/1293 874/66/1293 878/72/1293
f 876/68/1294 875/67/1294 878/73/1294
f 877/64/1295 876/68/1295 878/74/1295
f 879/53/1296 880/54/1296 881/55/1296
f 880/54/1297 879/56/1297 884/57/1297
f 879/58/1298 881/59/1298 882/60/1298
f 879/61/1299 882/60/1299 883/62/1299
f 879/63/1300 883/62/1300 884/57/1300
f 880/54/1301 884/57/1301 889/64/1301
f 881/55/1302 880/54/1302 885/65/1302
f 882/60/1303 881/59/1303 886/66/1303
f 883/62/1304 882/60/1304 887/67/1304
f 884/57/1305 883/62/1305 888/68/1305
f 880/54/1306 889/64/1306 885/65/1306
f 881/55/1307 885/65/1307 886/69/1307
f 882/60/1308 886/66/1308 887/67/1308
f 883/62/1309 887/67/1309 888/68/1309
f 884/57/1310 888/68/1310 889/64/1310
f 885/65/1311 889/64/1311 890/70/1311
f 886/69/1312 885/65/1312 890/71/1312
f 887/67/1313 886/66/1313 890/72/1313
f 888/68/1314 887/67/1314 890/73/1314
f 889/64/1315 888/68/1315 890/74/1315
f 903/53/1336 904/54/1336 905/55/1336
f 904/54/1337 903/56/1337 908/57/1337
f 903/58/1338 905/59/1338 906/60/1338
f 903/61/1339 906/60/1339 907/62/1339
f 903/63/1340 907/62/1340 908/57/1340
f 904/54/1341 908/57/1341 913/64/1341
f 905/55/1342 904/54/1342 909/65/1342
f 906/60/1343 905/59/1343 910/66/1343
f 907/62/1344 906/60/1344 911/67/1344
f 908/57/1345 907/62/1345 912/68/1345
f 904/54/1346 913/64/1346 909/65/1346
f 905/55/1347 909/65/1347 910/69/1347
f 906/60/1348 910/66/1348 911/67/1348
f 907/62/1349 911/67/1349 912/68/1349
f 908/57/1350 912/68/1350 913/64/1350
f 909/65/1351 913/64/1351 914/70/1351
f 910/69/1352 909/65/1352 914/71/1352
f 911/67/1353 910/66/1353 914/72/1353
f 912/68/1354 911/67/1354 914/73/1354
f 913/64/1355 912/68/1355 914/74/1355
f 915/53/1356 916/54/1356 917/55/1356
f 916/54/1357 915/56/1357 920/57/1357
f 915/58/1358 917/59/1358 918/60/1358
f 915/61/1359 918/60/1359 919/62/1359
f 915/63/1360 919/62/1360 920/57/1360
f 916/54/1361 920/57/1361 925/64/1361
f 917/55/1362 916/54/1362 921/65/1362
f 918/60/1363 917/59/1363 922/66/1363
f 919/62/1364 918/60/1364 923/67/1364
f 920/57/1365 919/62/1365 924/68/1365
f 916/54/1366 925/64/1366 921/65/1366
f 917/55/1367 921/65/1367 922/69/1367
f 918/60/1368 922/66/1368 923/67/1368
f 919/62/1369 923/67/1369 924/68/1369
f 920/57/1370 924/68/1370 925/64/1370
f 921/65/1371 925/64/1371 926/70/1371
f 922/69/1372 921/65/1372 926/71/1372
f 923/67/1373 922/66/1373 926/72/1373
f 924/68/1374 923/67/1374 926/73/1374
f 925/64/1375 924/68/1375 926/74/1375
f 927/53/1376 928/54/1376 929/55/1376
f 928/54/1377 927/56/1377 932/57/1377
f 927/58/1378 929/59/1378 930/60/1378
f 927/61/1379 930/60/1379 931/62/1379
f 927/63/1380 931/62/1380 932/57/1380
f 928/54/1381 932/57/1381 937/64/1381
f 929/55/1382 928/54/1382 933/65/1382
f 930/60/1383 929/59/1383 934/66/1383
f 931/62/1384 930/60/1384 935/67/1384
f 932/57/1385 931/62/1385 936/68/1385
f 928/54/1386 937/64/1386 933/65/1386
f 929/55/1387 933/65/1387 934/69/1387
f 930/60/1388 934/66/1388 935/67/1388
f 931/62/1389 935/67/1389 936/68/1389
f 932/57/1390 936/68/1390 937/64/1390
f 933/65/1391 937/64/1391 938/70/1391
f 934/69/1392 933/65/1392 938/71/1392
f 935/67/1393 934/66/1393 938/72/1393
f 936/68/1394 935/67/1394 938/73/1394
f 937/64/1395 936/68/1395 938/74/1395
f 951/53/1416 952/54/1416 953/55/1416
f 952/54/1417 951/56/1417 956/57/1417
f 951/58/1418 953/59/1418 954/60/1418
f 951/61/1419 954/60/1419 955/62/1419
f 951/63/1420 955/62/1420 956/57/1420
f 952/54/1421 956/57/1421 961/64/1421
f 953/55/1422 952/54/1422 957/65/1422
f 954/60/1423 953/59/1423 958/66/1423
f 955/62/1424 954/60/1424 959/67/1424
f 956/57/1425 955/62/1425 960/68/1425
f 952/54/1426 961/64/1426 957/65/1426
f 953/55/1427 957/65/1427 958/69/1427
f 954/60/1428 958/66/1428 959/67/1428
f 955/62/1429 959/67/1429 960/68/1429
f 956/57/1430 960/68/1430 961/64/1430
f 957/65/1431 961/64/1431 962/70/1431
f 958/69/1432 957/65/1432 962/71/1432
f 959/67/1433 958/66/1433 962/72/1433
f 960/68/1434 959/67/1434 962/73/1434
f 961/64/1435 960/68/1435 962/74/1435
f 963/53/1436 964/54/1436 965/55/1436
f 964/54/1437 963/56/1437 968/57/1437
f 963/58/1438 965/59/1438 966/60/1438
f 963/61/1439 966/60/1439 967/62/1439
f 963/63/1440 967/62/1440 968/57/1440
f 964/54/1441 968/57/1441 973/64/1441
f 965/55/1442 964/54/1442 969/65/1442
f 966/60/1443 965/59/1443 970/66/1443
f 967/62/1444 966/60/1444 971/67/1444
f 968/57/1445 967/62/1445 972/68/1445
f 964/54/1446 973/64/1446 969/65/1446
f 965/55/1447 969/65/1447 970/69/1447
f 966/60/1448 970/66/1448 971/67/1448
f 967/62/1449 971/67/1449 972/68/1449
f 968/57/1450 972/68/1450 973/64/1450
f 969/65/1451 973/64/1451 974/70/1451
f 970/69/1452 969/65/1452 974/71/1452
f 971/67/1453 970/66/1453 974/72/1453
f 972/68/1454 971/67/1454 974/73/1454
f 973/64/1455 972/68/1455 974/74/1455
f 975/53/1456 976/54/1456 977/55/1456
f 976/54/1457 975/56/1457 980/57/1457
f 975/58/1458 977/59/1458 978/60/1458
f 975/61/1459 978/60/1459 979/62/1459
f 975/63/1460 979/62/1460 980/57/1460
f 976/54/1461 980/57/1461 985/64/1461
f 977/55/1462 976/54/1462 981/65/1462
f 978/60/1463 977/59/1463 982/66/1463
f 979/62/1464 978/60/1464 983/67/1464
f 980/57/1465 979/62/1465 984/68/1465
f 976/54/1466 985/64/1466 981/65/1466
f 977/55/1467 981/65/1467 982/69/1467
f 978/60/1468 982/66/1468 983/67/1468
f 979/62/1469 983/67/1469 984/68/1469
f 980/57/1470 984/68/1470 985/64/1470
f 981/65/1471 985/64/1471 986/70/1471
f 982/69/1472 981/65/1472 986/71/1472
f 983/67/1473 982/66/1473 986/72/1473
f 984/68/1474 983/67/1474 986/73/1474
f 985/64/1475 984/68/1475 986/74/1475
f 999/53/1496 1000/54/1496 1001/55/1496
f 1000/54/1497 999/56/1497 1004/57/1497
f 999/58/1498 1001/59/1498 1002/60/1498
f 999/61/1499 1002/60/1499 1003/62/1499
f 999/63/1500 1003/62/1500 1004/57/1500
f 1000/54/1501 1004/57/1501 1009/64/1501
f 1001/55/1502 1000/54/1502 1005/65/1502
f 1002/60/1503 1001/59/1503 1006/66/1503
f 1003/62/1504 1002/60/1504 1007/67/1504
f 1004/57/1505 1003/62/1505 1008/68/1505
f 1000/54/1506 1009/64/1506 1005/65/1506
f 1001/55/1507 1005/65/1507 1006/69/1507
f 1002/60/1508 1006/66/1508 1007/67/1508
f 1003/62/1509 1007/67/1509 1008/68/1509
f 1004/57/1510 1008/68/1510 1009/64/1510
f 1005/65/1511 1009/64/1511 1010/70/1511
f 1006/69/1512 1005/65/1512 1010/71/1512
f 1007/67/1513 1006/66/1513 1010/72/1513
f 1008/68/1514 1007/67/1514 1010/73/1514
f 1009/64/1515 1008/68/1515 1010/74/1515
f 1011/53/1516 1012/54/1516 1013/55/1516
f 1012/54/1517 1011/56/1517 1016/57/1517
f 1011/58/1518 1013/59/1518 1014/60/1518
f 1011/61/1519 1014/60/1519 1015/62/1519
f 1011/63/1520 1015/62/1520 1016/57/1520
f 1012/54/1521 1016/57/1521 1021/64/1521
f 1013/55/1522 1012/54/1522 1017/65/1522
f 1014/60/1523 1013/59/1523 1018/66/1523
f 1015/62/1524 1014/60/1524 1019/67/1524
f 1016/57/1525 1015/62/1525 1020/68/1525
f 1012/54/1526 1021/64/1526 1017/65/1526
f 1013/55/1527 1017/65/1527 1018/69/1527
f 1014/60/1528 1018/66/1528 1019/67/1528
f 1015/62/1529 1019/67/1529 1020/68/1529
f 1016/57/1530 1020/68/1530 1021/64/1530
f 1017/65/1531 1021/64/1531 1022/70/1531
f 1018/69/1532 1017/65/1532 1022/71/1532
f 1019/67/1533 1018/66/1533 1022/72/1533
f 1020/68/1534 1019/67/1534 1022/73/1534
f 1021/64/1535 1020/68/1535 1022/74/1535
f 1023/53/1536 1024/54/1536 1025/55/1536
f 1024/54/1537 1023/56/1537 1028/57/1537
f 1023/58/1538 1025/59/1538 1026/60/1538
f 1023/61/1539 1026/60/1539 1027/62/1539
f 1023/63/1540 1027/62/1540 1028/57/1540
f 1024/54/1541 1028/57/1541 1033/64/1541
f 1025/55/1542 1024/54/1542 1029/65/1542
f 1026/60/1543 1025/59/1543 1030/66/1543
f 1027/62/1544 1026/60/1544 1031/67/1544
f 1028/57/1545 1027/62/1545 1032/68/1545
f 1024/54/1546 1033/64/1546 1029/65/1546
f 1025/55/1547 1029/65/1547 1030/69/1547
f 1026/60/1548 1030/66/1548 1031/67/1548
f 1027/62/1549 1031/67/1549 1032/68/1549
f 1028/57/1550 1032/68/1550 1033/64/1550
f 1029/65/1551 1033/64/1551 1034/70/1551
f 1030/69/1552 1029/65/1552 1034/71/1552
f 1031/67/1553 1030/66/1553 1034/72/1553
f 1032/68/1554 1031/67/1554 1034/73/1554
f 1033/64/1555 1032/68/1555 1034/74/1555
f 1047/53/1576 1048/54/1576 1049/55/1576
f 1048/54/1577 1047/56/1577 1052/57/1577
f 1047/58/1578 1049/59/1578 1050/60/1578
f 1047/61/1579 1050/60/1579 1051/62/1579
f 1047/63/1580 1051/62/1580 1052/57/1580
f 1048/54/1581 1052/57/1581 1057/64/1581
f 1049/55/1582 1048/54/1582 1053/65/1582
f 1050/60/1583 1049/59/1583 1054/66/1583
f 1051/62/1584 1050/60/1584 1055/67/1584
f 1052/57/1585 1051/62/1585 1056/68/1585
f 1048/54/1586 1057/64/1586 1053/65/1586
f 1049/55/1587 1053/65/1587 1054/69/1587
f 1050/60/1588 1054/66/1588 1055/67/1588
f 1051/62/1589 1055/67/1589 1056/68/1589
f 1052/57/1590 1056/68/1590 1057/64/1590
f 1053/65/1591 1057/64/1591 1058/70/1591
f 1054/69/1592 1053/65/1592 1058/71/1592
f 1055/67/1593 1054/66/1593 1058/72/1593
f 1056/68/1594 1055/67/1594 1058/73/1594
f 1057/64/1595 1056/68/1595 1058/74/1595
f 1059/53/1596 1060/54/1596 1061/55/1596
f 1060/54/1597 1059/56/1597 1064/57/1597
f 1059/58/1598 1061/59/1598 1062/60/1598
f 1059/61/1599 1062/60/1599 1063/62/1599
f 1059/63/1600 1063/62/1600 1064/57/1600
f 1060/54/1601 1064/57/1601 1069/64/1601
f 1061/55/1602 1060/54/1602 1065/65/1602
f 1062/60/1603 1061/59/1603 1066/66/1603
f 1063/62/1604 1062/60/1604 1067/67/1604
f 1064/57/1605 1063/62/1605 1068/68/1605
f 1060/54/1606 1069/64/1606 1065/65/1606
f 1061/55/1607 1065/65/1607 1066/69/1607
f 1062/60/1608 1066/66/1608 1067/67/1608
f 1063/62/1609 1067/67/1609 1068/68/1609
f 1064/57/1610 1068/68/1610 1069/64/1610
f 1065/65/1611 1069/64/1611 1070/70/1611
f 1066/69/1612 1065/65/1612 1070/71/1612
f 1067/67/1613 1066/66/1613 1070/72/1613
f 1068/68/1614 1067/67/1614 1070/73/1614
f 1069/64/1615 1068/68/1615 1070/74/1615
f 1071/53/1616 1072/54/1616 1073/55/1616
f 1072/54/1617 1071/56/1617 1076/57/1617
f 1071/58/1618 1073/59/1618 1074/60/1618
f 1071/61/1619 1074/60/1619 1075/62/1619
f 1071/63/1620 1075/62/1620 1076/57/1620
f 1072/54/1621 1076/57/1621 1081/64/1621
f 1073/55/1622 1072/54/1622 1077/65/1622
f 1074/60/1623 1073/59/1623 1078/66/1623
f 1075/62/1624 1074/60/1624 1079/67/1624
f 1076/57/1625 1075/62/1625 1080/68/1625
f 1072/54/1626 1081/64/1626 1077/65/1626
f 1073/55/1627 1077/65/1627 1078/69/1627
f 1074/60/1628 1078/66/1628 1079/67/1628
f 1075/62/1629 1079/67/1629 1080/68/1629
f 1076/57/1630 1080/68/1630 1081/64/1630
f 1077/65/1631 1081/64/1631 1082/70/1631
f 1078/69/1632 1077/65/1632 1082/71/1632
f 1079/67/1633 1078/66/1633 1082/72/1633
f 1080/68/1634 1079/67/1634 1082/73/1634
f 1081/64/1635 1080/68/1635 1082/74/1635
f 1095/53/1656 1096/54/1656 1097/55/1656
f 1096/54/1657 1095/56/1657 1100/57/1657
f 1095/58/1658 1097/59/1658 1098/60/1658
f 1095/61/1659 1098/60/1659 1099/62/1659
f 1095/63/1660 1099/62/1660 1100/57/1660
f 1096/54/1661 1100/57/1661 1105/64/1661
f 1097/55/1662 1096/54/1662 1101/65/1662
f 1098/60/1663 1097/59/1663 1102/66/1663
f 1099/62/1664 1098/60/1664 1103/67/1664
f 1100/57/1665 1099/62/1665 1104/68/1665
f 1096/54/1666 1105/64/1666 1101/65/1666
f 1097/55/1667 1101/65/1667 1102/69/1667
f 1098/60/1668 1102/66/1668 1103/67/1668
f 1099/62/1669 1103/67/1669 1104/68/1669
f 1100/57/1670 1104/68/1670 1105/64/1670
f 1101/65/1671 1105/64/1671 1106/70/1671
f 1102/69/1672 1101/65/1672 1106/71/1672
f 1103/67/1673 1102/66/1673 1106/72/1673
f 1104/68/1674 1103/67/1674 1106/73/1674
f 1105/64/1675 1104/68/1675 1106/74/1675
f 1107/53/1676 1108/54/1676 1109/55/1676
f 1108/54/1677 1107/56/1677 1112/57/1677
f 1107/58/1678 1109/59/1678 1110/60/1678
f 1107/61/1679 1110/60/1679 1111/62/1679
f 1107/63/1680 1111/62/1680 1112/57/1680
f 1108/54/1681 1112/57/1681 1117/64/1681
f 1109/55/1682 1108/54/1682 1113/65/1682
f 1110/60/1683 1109/59/1683 1114/66/1683
f 1111/62/1684 1110/60/1684 1115/67/1684
f 1112/57/1685 1111/62/1685 1116/68/1685
f 1108/54/1686 1117/64/1686 1113/65/1686
f 1109/55/1687 1113/65/1687 1114/69/1687
f 1110/60/1688 1114/66/1688 1115/67/1688
f 1111/62/1689 1115/67/1689 1116/68/1689
f 1112/57/1690 1116/68/1690 1117/64/1690
f 1113/65/1691 1117/64/1691 1118/70/1691
f 1114/69/1692 1113/65/1692 1118/71/1692
f 1115/67/1693 1114/66/1693 1118/72/1693
f 1116/68/1694 1115/67/1694 1118/73/1694
f 1117/64/1695 1116/68/1695 1118/74/1695
f 1119/53/1696 1120/54/1696 1121/55/1696
f 1120/54/1697 1119/56/1697 1124/57/1697
f 1119/58/1698 1121/59/1698 1122/60/1698
f 1119/61/1699 1122/60/1699 1123/62/1699
f 1119/63/1700 1123/62/1700 1124/57/1700
f 1120/54/1701 1124/57/1701 1129/64/1701
f 1121/55/1702 1120/54/1702 1125/65/1702
f 1122/60/1703 1121/59/1703 1126/66/1703
f 1123/62/1704 1122/60/1704 1127/67/1704
f 1124/57/1705 1123/62/1705 1128/68/1705
f 1120/54/1706 1129/64/1706 1125/65/1706
f 1121/55/1707 1125/65/1707 1126/69/1707
f 1122/60/1708 1126/66/1708 1127/67/1708
f 1123/62/1709 1127/67/1709 1128/68/1709
f 1124/57/1710 1128/68/1710 1129/64/1710
f 1125/65/1711 1129/64/1711 1130/70/1711
f 1126/69/1712 1125/65/1712 1130/71/1712
f 1127/67/1713 1126/66/1713 1130/72/1713
f 1128/68/1714 1127/67/1714 1130/73/1714
f 1129/64/1715 1128/68/1715 1130/74/1715
f 1143/53/1736 1144/54/1736 1145/55/1736
f 1144/54/1737 1143/56/1737 1148/57/1737
f 1143/58/1738 1145/59/1738 1146/60/1738
f 1143/61/1739 1146/60/1739 1147/62/1739
f 1143/63/1740 1147/62/1740 1148/57/1740
f 1144/54/1741 1148/57/1741 1153/64/1741
f 1145/55/1742 1144/54/1742 1149/65/1742
f 1146/60/1743 1145/59/1743 1150/66/1743
f 1147/62/1744 1146/60/1744 1151/67/1744
f 1148/57/1745 1147/62/1745 1152/68/1745
f 1144/54/1746 1153/64/1746 1149/65/1746
f 1145/55/1747 1149/65/1747 1150/69/1747
f 1146/60/1748 1150/66/1748 1151/67/1748
f 1147/62/1749 1151/67/1749 1152/68/1749
f 1148/57/1750 1152/68/1750 1153/64/1750
f 1149/65/1751 1153/64/1751 1154/70/1751
f 1150/69/1752 1149/65/1752 1154/71/1752
f 1151/67/1753 1150/66/1753 1154/72/1753
f 1152/68/1754 1151/67/1754 1154/73/1754
f 1153/64/1755 1152/68/1755 1154/74/1755
f 1155/53/1756 1156/54/1756 1157/55/1756
f 1156/54/1757 1155/56/1757 1160/57/1757
f 1155/58/1758 1157/59/1758 1158/60/1758
f 1155/61/1759 1158/60/1759 1159/62/1759
f 1155/63/1760 1159/62/1760 1160/57/1760
f 1156/54/1761 1160/57/1761 1165/64/1761
f 1157/55/1762 1156/54/1762 1161/65/1762
f 1158/60/1763 1157/59/1763 1162/66/1763
f 1159/62/1764 1158/60/1764 1163/67/1764
f 1160/57/1765 1159/62/1765 1164/68/1765
f 1156/54/1766 1165/64/1766 1161/65/1766
f 1157/55/1767 1161/65/1767 1162/69/1767
f 1158/60/1768 1162/66/1768 1163/67/1768
f 1159/62/1769 1163/67/1769 1164/68/1769
f 1160/57/1770 1164/68/1770 1165/64/1770
f 1161/65/1771 1165/64/1771 1166/70/1771
f 1162/69/1772 1161/65/1772 1166/71/1772
f 1163/67/1773 1162/66/1773 1166/72/1773
f 1164/68/1774 1163/67/1774 1166/73/1774
f 1165/64/1775 1164/68/1775 1166/74/1775
f 1167/53/1776 1168/54/1776 1169/55/1776
f 1168/54/1777 1167/56/1777 1172/57/1777
f 1167/58/1778 1169/59/1778 1170/60/1778
f 1167/61/1779 1170/60/1779 1171/62/1779
f 1167/63/1780 1171/62/1780 1172/57/1780
f 1168/54/1781 1172/57/1781 1177/64/1781
f 1169/55/1782 1168/54/1782 1173/65/1782
f 1170/60/1783 1169/59/1783 1174/66/1783
f 1171/62/1784 1170/60/1784 1175/67/1784
f 1172/57/1785 1171/62/1785 1176/68/1785
f 1168/54/1786 1177/64/1786 1173/65/1786
f 1169/55/1787 1173/65/1787 1174/69/1787
f 1170/60/1788 1174/66/1788 1175/67/1788
f 1171/62/1789 1175/67/1789 1176/68/1789
f 1172/57/1790 1176/68/1790 1177/64/1790
f 1173/65/1791 1177/64/1791 1178/70/1791
f 1174/69/1792 1173/65/1792 1178/71/1792
f 1175/67/1793 1174/66/1793 1178/72/1793
f 1176/68/1794 1175/67/1794 1178/73/1794
f 1177/64/1795 1176/68/1795 1178/74/1795
f 1191/53/1816 1192/54/1816 1193/55/1816
f 1192/54/1817 1191/56/1817 1196/57/1817
f 1191/58/1818 1193/59/1818 1194/60/1818
f 1191/61/1819 1194/60/1819 1195/62/1819
f 1191/63/1820 1195/62/1820 1196/57/1820
f 1192/54/1821 1196/57/1821 1201/64/1821
f 1193/55/1822 1192/54/1822 1197/65/1822
f 1194/60/1823 1193/59/1823 1198/66/1823
f 1195/62/1824 1194/60/1824 1199/67/1824
f 1196/57/1825 1195/62/1825 1200/68/1825
f 1192/54/1826 1201/64/1826 1197/65/1826
f 1193/55/1827 1197/65/1827 1198/69/1827
f 1194/60/1828 1198/66/1828 1199/67/1828
f 1195/62/1829 1199/67/1829 1200/68/1829
f 1196/57/1830 1200/68/1830 1201/64/1830
f 1197/65/1831 1201/64/1831 1202/70/1831
f 1198/69/1832 1197/65/1832 1202/71/1832
f 1199/67/1833 1198/66/1833 1202/72/1833
f 1200/68/1834 1199/67/1834 1202/73/1834
f 1201/64/1835 1200/68/1835 1202/74/1835
f 1203/53/1836 1204/54/1836 1205/55/1836
f 1204/54/1837 1203/56/1837 1208/57/1837
f 1203/58/1838 1205/59/1838 1206/60/1838
f 1203/61/1839 1206/60/1839 1207/62/1839
f 1203/63/1840 1207/62/1840 1208/57/1840
f 1204/54/1841 1208/57/1841 1213/64/1841
f 1205/55/1842 1204/54/1842 1209/65/1842
f 1206/60/1843 1205/59/1843 1210/66/1843
f 1207/62/1844 1206/60/1844 1211/67/1844
f 1208/57/1845 1207/62/1845 1212/68/1845
f 1204/54/1846 1213/64/1846 1209/65/1846
f 1205/55/1847 1209/65/1847 1210/69/1847
f 1206/60/1848 1210/66/1848 1211/67/1848
f 1207/62/1849 1211/67/1849 1212/68/1849
f 1208/57/1850 1212/68/1850 1213/64/1850
f 1209/65/1851 1213/64/1851 1214/70/1851
f 1210/69/1852 1209/65/1852 1214/71/1852
f 1211/67/1853 1210/66/1853 1214/72/1853
f 1212/68/1854 1211/67/1854 1214/73/1854
f 1213/64/1855 1212/68/1855 1214/74/1855
f 1215/53/1856 1216/54/1856 1217/55/1856
f 1216/54/1857 1215/56/1857 1220/57/1857
f 1215/58/1858 1217/59/1858 1218/60/1858
f 1215/61/1859 1218/60/1859 1219/62/1859
f 1215/63/1860 1219/62/1860 1220/57/1860
f 1216/54/1861 1220/57/1861 1225/64/1861
f 1217/55/1862 1216/54/1862 1221/65/1862
f 1218/60/1863 1217/59/1863 1222/66/1863
f 1219/62/1864 1218/60/1864 1223/67/1864
f 1220/57/1865 1219/62/1865 1224/68/1865
f 1216/54/1866 1225/64/1866 1221/65/1866
f 1217/55/1867 1221/65/1867 1222/69/1867
f 1218/60/1868 1222/66/1868 1223/67/1868
f 1219/62/1869 1223/67/1869 1224/68/1869
f 1220/57/1870 1224/68/1870 1225/64/1870
f 1221/65/1871 1225/64/1871 1226/70/1871
f 1222/69/1872 1221/65/1872 1226/71/1872
f 1223/67/1873 1222/66/1873 1226/72/1873
f 1224/68/1874 1223/67/1874 1226/73/1874
f 1225/64/1875 1224/68/1875 1226/74/1875
f 1239/53/1896 1240/54/1896 1241/55/1896
f 1240/54/1897 1239/56/1897 1244/57/1897
f 1239/58/1898 1241/59/1898 1242/60/1898
f 1239/61/1899 1242/60/1899 1243/62/1899
f 1239/63/1900 1243/62/1900 1244/57/1900
f 1240/54/1901 1244/57/1901 1249/64/1901
f 1241/55/1902 1240/54/1902 1245/65/1902
f 1242/60/1903 1241/59/1903 1246/66/1903
f 1243/62/1904 1242/60/1904 1247/67/1904
f 1244/57/1905 1243/62/1905 1248/68/1905
f 1240/54/1906 1249/64/1906 1245/65/1906
f 1241/55/1907 1245/65/1907 1246/69/1907
f 1242/60/1908 1246/66/1908 1247/67/1908
f 1243/62/1909 1247/67/1909 1248/68/1909
f 1244/57/1910 1248/68/1910 1249/64/1910
f 1245/65/1911 1249/64/1911 1250/70/1911
f 1246/69/1912 1245/65/1912 1250/71/1912
f 1247/67/1913 1246/66/1913 1250/72/1913
f 1248/68/1914 1247/67/1914 1250/73/1914
f 1249/64/1915 1248/68/1915 1250/74/1915
f 1251/53/1916 1252/54/1916 1253/55/1916
f 1252/54/1917 1251/56/1917 1256/57/1917
f 1251/58/1918 1253/59/1918 1254/60/1918
f 1251/61/1919 1254/60/1919 1255/62/1919
f 1251/63/1920 1255/62/1920 1256/57/1920
f 1252/54/1921 1256/57/1921 1261/64/1921
f 1253/55/1922 1252/54/1922 1257/65/1922
f 1254/60/1923 1253/59/1923 1258/66/1923
f 1255/62/1924 1254/60/1924 1259/67/1924
f 1256/57/1925 1255/62/1925 1260/68/1925
f 1252/54/1926 1261/64/1926 1257/65/1926
f 1253/55/1927 1257/65/1927 1258/69/1927
f 1254/60/1928 1258/66/1928 1259/67/1928
f 1255/62/1929 1259/67/1929 1260/68/1929
f 1256/57/1930 1260/68/1930 1261/64/1930
f 1257/65/1931 1261/64/1931 1262/70/1931
f 1258/69/1932 1257/65/1932 1262/71/1932
f 1259/67/1933 1258/66/1933 1262/72/1933
f 1260/68/1934 1259/67/1934 1262/73/1934
f 1261/64/1935 1260/68/1935 1262/74/1935
f 1263/53/1936 1264/54/1936 1265/55/1936
f 1264/54/1937 1263/56/1937 1268/57/1937
f 1263/58/1938 1265/59/1938 1266/60/1938
f 1263/61/1939 1266/60/1939 1267/62/1939
f 1263/63/1940 1267/62/1940 1268/57/1940
f 1264/54/1941 1268/57/1941 1273/64/1941
f 1265/55/1942 1264/54/1942 1269/65/1942
f 1266/60/1943 1265/59/1943 1270/66/1943
f 1267/62/1944 1266/60/1944 1271/67/1944
f 1268/57/1945 1267/62/1945 1272/68/1945
f 1264/54/1946 1273/64/1946 1269/65/1946
f 1265/55/1947 1269/65/1947 1270/69/1947
f 1266/60/1948 1270/66/1948 1271/67/1948
f 1267/62/1949 1271/67/1949 1272/68/1949
f 1268/57/1950 1272/68/1950 1273/64/1950
f 1269/65/1951 1273/64/1951 1274/70/1951
f 1270/69/1952 1269/65/1952 1274/71/1952
f 1271/67/1953 1270/66/1953 1274/72/1953
f 1272/68/1954 1271/67/1954 1274/73/1954
f 1273/64/1955 1272/68/1955 1274/74/1955
f 1287/53/1976 1288/54/1976 1289/55/1976
f 1288/54/1977 1287/56/1977 1292/57/1977
f 1287/58/1978 1289/59/1978 1290/60/1978
f 1287/61/1979 1290/60/1979 1291/62/1979
f 1287/63/1980 1291/62/1980 1292/57/1980
f 1288/54/1981 1292/57/1981 1297/64/1981
f 1289/55/1982 1288/54/1982 1293/65/1982
f 1290/60/1983 1289/59/1983 1294/66/1983
f 1291/62/1984 1290/60/1984 1295/67/1984
f 1292/57/1985 1291/62/1985 1296/68/1985
f 1288/54/1986 1297/64/1986 1293/65/1986
f 1289/55/1987 1293/65/1987 1294/69/1987
f 1290/60/1988 1294/66/1988 1295/67/1988
f 1291/62/1989 1295/67/1989 1296/68/1989
f 1292/57/1990 1296/68/1990 1297/64/1990
f 1293/65/1991 1297/64/1991 1298/70/1991
f 1294/69/1992 1293/65/1992 1298/71/1992
f 1295/67/1993 1294/66/1993 1298/72/1993
f 1296/68/1994 1295/67/1994 1298/73/1994
f 1297/64/1995 1296/68/1995 1298/74/1995
f 1299/53/1996 1300/54/1996 1301/55/1996
f 1300/54/1997 1299/56/1997 1304/57/1997
f 1299/58/1998 1301/59/1998 1302/60/1998
f 1299/61/1999 1302/60/1999 1303/62/1999
f 1299/63/2000 1303/62/2000 1304/57/2000
f 1300/54/2001 1304/57/2001 1309/64/2001
f 1301/55/2002 1300/54/2002 1305/65/2002
f 1302/60/2003 1301/59/2003 1306/66/2003
f 1303/62/2004 1302/60/2004 1307/67/2004
f 1304/57/2005 1303/62/2005 1308/68/2005
f 1300/54/2006 1309/64/2006 1305/65/2006
f 1301/55/2007 1305/65/2007 1306/69/2007
f 1302/60/2008 1306/66/2008 1307/67/2008
f 1303/62/2009 1307/67/2009 1308/68/2009
f 1304/57/2010 1308/68/2010 1309/64/2010
f 1305/65/2011 1309/64/2011 1310/70/2011
f 1306/69/2012 1305/65/2012 1310/71/2012
f 1307/67/2013 1306/66/2013 1310/72/2013
f 1308/68/2014 1307/67/2014 1310/73/2014
f 1309/64/2015 1308/68/2015 1310/74/2015
f 1311/53/2016 1312/54/2016 1313/55/2016
f 1312/54/2017 1311/56/2017 1316/57/2017
f 1311/58/2018 1313/59/2018 1314/60/2018
f 1311/61/2019 1314/60/2019 1315/62/2019
f 1311/63/2020 1315/62/2020 1316/57/2020
f 1312/54/2021 1316/57/2021 1321/64/2021
f 1313/55/2022 1312/54/2022 1317/65/2022
f 1314/60/2023 1313/59/2023 1318/66/2023
f 1315/62/2024 1314/60/2024 1319/67/2024
f 1316/57/2025 1315/62/2025 1320/68/2025
f 1312/54/2026 1321/64/2026 1317/65/2026
f 1313/55/2027 1317/65/2027 1318/69/2027
f 1314/60/2028 1318/66/2028 1319/67/2028
f 1315/62/2029 1319/67/2029 1320/68/2029
f 1316/57/2030 1320/68/2030 1321/64/2030
f 1317/65/2031 1321/64/2031 1322/70/2031
f 1318/69/2032 1317/65/2032 1322/71/2032
f 1319/67/2033 1318/66/2033 1322/72/2033
f 1320/68/2034 1319/67/2034 1322/73/2034
f 1321/64/2035 1320/68/2035 1322/74/2035
f 1335/53/2056 1336/54/2056 1337/55/2056
f 1336/54/2057 1335/56/2057 1340/57/2057
f 1335/58/2058 1337/59/2058 1338/60/2058
f 1335/61/2059 1338/60/2059 1339/62/2059
f 1335/63/2060 1339/62/2060 1340/57/2060
f 1336/54/2061 1340/57/2061 1345/64/2061
f 1337/55/2062 1336/54/2062 1341/65/2062
f 1338/60/2063 1337/59/2063 1342/66/2063
f 1339/62/2064 1338/60/2064 1343/67/2064
f 1340/57/2065 1339/62/2065 1344/68/2065
f 1336/54/2066 1345/64/2066 1341/65/2066
f 1337/55/2067 1341/65/2067 1342/69/2067
f 1338/60/2068 1342/66/2068 1343/67/2068
f 1339/62/2069 1343/67/2069 1344/68/2069
f 1340/57/2070 1344/68/2070 1345/64/2070
f 1341/65/2071 1345/64/2071 1346/70/2071
f 1342/69/2072 1341/65/2072 1346/71/2072
f 1343/67/2073 1342/66/2073 1346/72/2073
f 1344/68/2074 1343/67/2074 1346/73/2074
f 1345/64/2075 1344/68/2075 1346/74/2075
f 1347/53/2076 1348/54/2076 1349/55/2076
f 1348/54/2077 1347/56/2077 1352/57/2077
f 1347/58/2078 1349/59/2078 1350/60/2078
f 1347/61/2079 1350/60/2079 1351/62/2079
f 1347/63/2080 1351/62/2080 1352/57/2080
f 1348/54/2081 1352/57/2081 1357/64/2081
f 1349/55/2082 1348/54/2082 1353/65/2082
f 1350/60/2083 1349/59/2083 1354/66/2083
f 1351/62/2084 1350/60/2084 1355/67/2084
f 1352/57/2085 1351/62/2085 1356/68/2085
f 1348/54/2086 1357/64/2086 1353/65/2086
f 1349/55/2087 1353/65/2087 1354/69/2087
f 1350/60/2088 1354/66/2088 1355/67/2088
f 1351/62/2089 1355/67/2089 1356/68/2089
f 1352/57/2090 1356/68/2090 1357/64/2090
f 1353/65/2091 1357/64/2091 1358/70/2091
f 1354/69/2092 1353/65/2092 1358/71/2092
f 1355/67/2093 1354/66/2093 1358/72/2093
f 1356/68/2094 1355/67/2094 1358/73/2094
f 1357/64/2095 1356/68/2095 1358/74/2095
f 1359/53/2096 1360/54/2096 1361/55/2096
f 1360/54/2097 1359/56/2097 1364/57/2097
f 1359/58/2098 1361/59/2098 1362/60/2098
f 1359/61/2099 1362/60/2099 1363/62/2099
f 1359/63/2100 1363/62/2100 1364/57/2100
f 1360/54/2101 1364/57/2101 1369/64/2101
f 1361/55/2102 1360/54/2102 1365/65/2102
f 1362/60/2103 1361/59/2103 1366/66/2103
f 1363/62/2104 1362/60/2104 1367/67/2104
f 1364/57/2105 1363/62/2105 1368/68/2105
f 1360/54/2106 1369/64/2106 1365/65/2106
f 1361/55/2107 1365/65/2107 1366/69/2107
f 1362/60/2108 1366/66/2108 1367/67/2108
f 1363/62/2109 1367/67/2109 1368/68/2109
f 1364/57/2110 1368/68/2110 1369/64/2110
f 1365/65/2111 1369/64/2111 1370/70/2111
f 1366/69/2112 1365/65/2112 1370/71/2112
f 1367/67/2113 1366/66/2113 1370/72/2113
f 1368/68/2114 1367/67/2114 1370/73/2114
f 1369/64/2115 1368/68/2115 1370/74/2115
f 1383/53/2136 1384/54/2136 1385/55/2136
f 1384/54/2137 1383/56/2137 1388/57/2137
f 1383/58/2138 1385/59/2138 1386/60/2138
f 1383/61/2139 1386/60/2139 1387/62/2139
f 1383/63/2140 1387/62/2140 1388/57/2140
f 1384/54/2141 1388/57/2141 1393/64/2141
f 1385/55/2142 1384/54/2142 1389/65/2142
f 1386/60/2143 1385/59/2143 1390/66/2143
f 1387/62/2144 1386/60/2144 1391/67/2144
f 1388/57/2145 1387/62/2145 1392/68/2145
f 1384/54/2146 1393/64/2146 1389/65/2146
f 1385/55/2147 1389/65/2147 1390/69/2147
f 1386/60/2148 1390/66/2148 1391/67/2148
f 1387/62/2149 1391/67/2149 1392/68/2149
f 1388/57/2150 1392/68/2150 1393/64/2150
f 1389/65/2151 1393/64/2151 1394/70/2151
f 1390/69/2152 1389/65/2152 1394/71/2152
f 1391/67/2153 1390/66/2153 1394/72/2153
f 1392/68/2154 1391/67/2154 1394/73/2154
f 1393/64/2155 1392/68/2155 1394/74/2155
f 1395/53/2156 1396/54/2156 1397/55/2156
f 1396/54/2157 1395/56/2157 1400/57/2157
f 1395/58/2158 1397/59/2158 1398/60/2158
f 1395/61/2159 1398/60/2159 1399/62/2159
f 1395/63/2160 1399/62/2160 1400/57/2160
f 1396/54/2161 1400/57/2161 1405/64/2161
f 1397/55/2162 1396/54/2162 1401/65/2162
f 1398/60/2163 1397/59/2163 1402/66/2163
f 1399/62/2164 1398/60/2164 1403/67/2164
f 1400/57/2165 1399/62/2165 1404/68/2165
f 1396/54/2166 1405/64/2166 1401/65/2166
f 1397/55/2167 1401/65/2167 1402/69/2167
f 1398/60/2168 1402/66/2168 1403/67/2168
f 1399/62/2169 1403/67/2169 1404/68/2169
f 1400/57/2170 1404/68/2170 1405/64/2170
f 1401/65/2171 1405/64/2171 1406/70/2171
f 1402/69/2172 1401/65/2172 1406/71/2172
f 1403/67/2173 1402/66/2173 1406/72/2173
f 1404/68/2174 1403/67/2174 1406/73/2174
f 1405/64/2175 1404/68/2175 1406/74/2175
f 1407/53/2176 1408/54/2176 1409/55/2176
f 1408/54/2177 1407/56/2177 1412/57/2177
f 1407/58/2178 1409/59/2178 1410/60/2178
f 1407/61/2179 1410/60/2179 1411/62/2179
f 1407/63/2180 1411/62/2180 1412/57/2180
f 1408/54/2181 1412/57/2181 1417/64/2181
f 1409/55/2182 1408/54/2182 1413/65/2182
f 1410/60/2183 1409/59/2183 1414/66/2183
f 1411/62/2184 1410/60/2184 1415/67/2184
f 1412/57/2185 1411/62/2185 1416/68/2185
f 1408/54/2186 1417/64/2186 1413/65/2186
f 1409/55/2187 1413/65/2187 1414/69/2187
f 1410/60/2188 1414/66/2188 1415/67/2188
f 1411/62/2189 1415/67/2189 1416/68/2189
f 1412/57/2190 1416/68/2190 1417/64/2190
f 1413/65/2191 1417/64/2191 1418/70/2191
f 1414/69/2192 1413/65/2192 1418/71/2192
f 1415/67/2193 1414/66/2193 1418/72/2193
f 1416/68/2194 1415/67/2194 1418/73/2194
f 1417/64/2195 1416/68/2195 1418/74/2195
f 1431/53/2216 1432/54/2216 1433/55/2216
f 1432/54/2217 1431/56/2217 1436/57/2217
f 1431/58/2218 1433/59/2218 1434/60/2218
f 1431/61/2219 1434/60/2219 1435/62/2219
f 1431/63/2220 1435/62/2220 1436/57/2220
f 1432/54/2221 1436/57/2221 1441/64/2221
f 1433/55/2222 1432/54/2222 1437/65/2222
f 1434/60/2223 1433/59/2223 1438/66/2223
f 1435/62/2224 1434/60/2224 1439/67/2224
f 1436/57/2225 1435/62/2225 1440/68/2225
f 1432/54/2226 1441/64/2226 1437/65/2226
f 1433/55/2227 1437/65/2227 1438/69/2227
f 1434/60/2228 1438/66/2228 1439/67/2228
f 1435/62/2229 1439/67/2229 1440/68/2229
f 1436/57/2230 1440/68/2230 1441/64/2230
f 1437/65/2231 1441/64/2231 1442/70/2231
f 1438/69/2232 1437/65/2232 1442/71/2232
f 1439/67/2233 1438/66/2233 1442/72/2233
f 1440/68/2234 1439/67/2234 1442/73/2234
f 1441/64/2235 1440/68/2235 1442/74/2235
f 1443/53/2236 1444/54/2236 1445/55/2236
f 1444/54/2237 1443/56/2237 1448/57/2237
f 1443/58/2238 1445/59/2238 1446/60/2238
f 1443/61/2239 1446/60/2239 1447/62/2239
f 1443/63/2240 1447/62/2240 1448/57/2240
f 1444/54/2241 1448/57/2241 1453/64/2241
f 1445/55/2242 1444/54/2242 1449/65/2242
f 1446/60/2243 1445/59/2243 1450/66/2243
f 1447/62/2244 1446/60/2244 1451/67/2244
f 1448/57/2245 1447/62/2245 1452/68/2245
f 1444/54/2246 1453/64/2246 1449/65/2246
f 1445/55/2247 1449/65/2247 1450/69/2247
f 1446/60/2248 1450/66/2248 1451/67/2248
f 1447/62/2249 1451/67/2249 1452/68/2249
f 1448/57/2250 1452/68/2250 1453/64/2250
f 1449/65/2251 1453/64/2251 1454/70/2251
f 1450/69/2252 1449/65/2252 1454/71/2252
f 1451/67/2253 1450/66/2253 1454/72/2253
f 1452/68/2254 1451/67/2254 1454/73/2254
f 1453/64/2255 1452/68/2255 1454/74/2255
f 1455/53/2256 1456/54/2256 1457/55/2256
f 1456/54/2257 1455/56/2257 1460/57/2257
f 1455/58/2258 1457/59/2258 1458/60/2258
f 1455/61/2259 1458/60/2259 1459/62/2259
f 1455/63/2260 1459/62/2260 1460/57/2260
f 1456/54/2261 1460/57/2261 1465/64/2261
f 1457/55/2262 1456/54/2262 1461/65/2262
f 1458/60/2263 1457/59/2263 1462/66/2263
f 1459/62/2264 1458/60/2264 1463/67/2264
f 1460/57/2265 1459/62/2265 1464/68/2265
f 1456/54/2266 1465/64/2266 1461/65/2266
f 1457/55/2267 1461/65/2267 1462/69/2267
f 1458/60/2268 1462/66/2268 1463/67/2268
f 1459/62/2269 1463/67/2269 1464/68/2269
f 1460/57/2270 1464/68/2270 1465/64/2270
f 1461/65/2271 1465/64/2271 1466/70/2271
f 1462/69/2272 1461/65/2272 1466/71/2272
f 1463/67/2273 1462/66/2273 1466/72/2273
f 1464/68/2274 1463/67/2274 1466/73/2274
f 1465/64/2275 1464/68/2275 1466/74/2275
f 1479/53/2296 1480/54/2296 1481/55/2296
f 1480/54/2297 1479/56/2297 1484/57/2297
f 1479/58/2298 1481/59/2298 1482/60/2298
f 1479/61/2299 1482/60/2299 1483/62/2299
f 1479/63/2300 1483/62/2300 1484/57/2300
f 1480/54/2301 1484/57/2301 1489/64/2301
f 1481/55/2302 1480/54/2302 1485/65/2302
f 1482/60/2303 1481/59/2303 1486/66/2303
f 1483/62/2304 1482/60/2304 1487/67/2304
f 1484/57/2305 1483/62/2305 1488/68/2305
f 1480/54/2306 1489/64/2306 1485/65/2306
f 1481/55/2307 1485/65/2307 1486/69/2307
f 1482/60/2308 1486/66/2308 1487/67/2308
f 1483/62/2309 1487/67/2309 1488/68/2309
f 1484/57/2310 1488/68/2310 1489/64/2310
f 1485/65/2311 1489/64/2311 1490/70/2311
f 1486/69/2312 1485/65/2312 1490/71/2312
f 1487/67/2313 1486/66/2313 1490/72/2313
f 1488/68/2314 1487/67/2314 1490/73/2314
f 1489/64/2315 1488/68/2315 1490/74/2315
f 1491/53/2316 1492/54/2316 1493/55/2316
f 1492/54/2317 1491/56/2317 1496/57/2317
f 1491/58/2318 1493/59/2318 1494/60/2318
f 1491/61/2319 1494/60/2319 1495/62/2319
f 1491/63/2320 1495/62/2320 1496/57/2320
f 1492/54/2321 1496/57/2321 1501/64/2321
f 1493/55/2322 1492/54/2322 1497/65/2322
f 1494/60/2323 1493/59/2323 1498/66/2323
f 1495/62/2324 1494/60/2324 1499/67/2324
f 1496/57/2325 1495/62/2325 1500/68/2325
f 1492/54/2326 1501/64/2326 1497/65/2326
f 1493/55/2327 1497/65/2327 1498/69/2327
f 1494/60/2328 1498/66/2328 1499/67/2328
f 1495/62/2329 1499/67/2329 1500/68/2329
f 1496/57/2330 1500/68/2330 1501/64/2330
f 1497/65/2331 1501/64/2331 1502/70/2331
f 1498/69/2332 1497/65/2332 1502/71/2332
f 1499/67/2333 1498/66/2333 1502/72/2333
f 1500/68/2334 1499/67/2334 1502/73/2334
f 1501/64/2335 1500/68/2335 1502/74/2335
f 1503/53/2336 1504/54/2336 1505/55/2336
f 1504/54/2337 1503/56/2337 1508/57/2337
f 1503/58/2338 1505/59/2338 1506/60/2338
f 1503/61/2339 1506/60/2339 1507/62/2339
f 1503/63/2340 1507/62/2340 1508/57/2340
f 1504/54/2341 1508/57/2341 1513/64/2341
f 1505/55/2342 1504/54/2342 1509/65/2342
f 1506/60/2343 1505/59/2343 1510/66/2343
f 1507/62/2344 1506/60/2344 1511/67/2344
f 1508/57/2345 1507/62/2345 1512/68/2345
f 1504/54/2346 1513/64/2346 1509/65/2346
f 1505/55/2347 1509/65/2347 1510/69/2347
f 1506/60/2348 1510/66/2348 1511/67/2348
f 1507/62/2349 1511/67/2349 1512/68/2349
f 1508/57/2350 1512/68/2350 1513/64/2350
f 1509/65/2351 1513/64/2351 1514/70/2351
f 1510/69/2352 1509/65/2352 1514/71/2352
f 1511/67/2353 1510/66/2353 1514/72/2353
f 1512/68/2354 1511/67/2354 1514/73/2354
f 1513/64/2355 1512/68/2355 1514/74/2355
f 1527/53/2376 1528/54/2376 1529/55/2376
f 1528/54/2377 1527/56/2377 1532/57/2377
f 1527/58/2378 1529/59/2378 1530/60/2378
f 1527/61/2379 1530/60/2379 1531/62/2379
f 1527/63/2380 1531/62/2380 1532/57/2380
f 1528/54/2381 1532/57/2381 1537/64/2381
f 1529/55/2382 1528/54/2382 1533/65/2382
f 1530/60/2383 1529/59/2383 1534/66/2383
f 1531/62/2384 1530/60/2384 1535/67/2384
f 1532/57/2385 1531/62/2385 1536/68/2385
f 1528/54/2386 1537/64/2386 1533/65/2386
f 1529/55/2387 1533/65/2387 1534/69/2387
f 1530/60/2388 1534/66/2388 1535/67/2388
f 1531/62/2389 1535/67/2389 1536/68/2389
f 1532/57/2390 1536/68/2390 1537/64/2390
f 1533/65/2391 1537/64/2391 1538/70/2391
f 1534/69/2392 1533/65/2392 1538/71/2392
f 1535/67/2393 1534/66/2393 1538/72/2393
f 1536/68/2394 1535/67/2394 1538/73/2394
f 1537/64/2395 1536/68/2395 1538/74/2395
f 1539/53/2396 1540/54/2396 1541/55/2396
f 1540/54/2397 1539/56/2397 1544/57/2397
f 1539/58/2398 1541/59/2398 1542/60/2398
f 1539/61/2399 1542/60/2399 1543/62/2399
f 1539/63/2400 1543/62/2400 1544/57/2400
f 1540/54/2401 1544/57/2401 1549/64/2401
f 1541/55/2402 1540/54/2402 1545/65/2402
f 1542/60/2403 1541/59/2403 1546/66/2403
f 1543/62/2404 1542/60/2404 1547/67/2404
f 1544/57/2405 1543/62/2405 1548/68/2405
f 1540/54/2406 1549/64/2406 1545/65/2406
f 1541/55/2407 1545/65/2407 1546/69/2407
f 1542/60/2408 1546/66/2408 1547/67/2408
f 1543/62/2409 1547/67/2409 1548/68/2409
f 1544/57/2410 1548/68/2410 1549/64/2410
f 1545/65/2411 1549/64/2411 1550/70/2411
f 1546/69/2412 1545/65/2412 1550/71/2412
f 1547/67/2413 1546/66/2413 1550/72/2413
f 1548/68/2414 1547/67/2414 1550/73/2414
f 1549/64/2415 1548/68/2415 1550/74/2415
f 1563/53/2436 1564/54/2436 1565/55/2436
f 1564/54/2437 1563/56/2437 1568/57/2437
f 1563/58/2438 1565/59/2438 1566/60/2438
f 1563/61/2439 1566/60/2439 1567/62/2439
f 1563/63/2440 1567/62/2440 1568/57/2440
f 1564/54/2441 1568/57/2441 1573/64/2441
f 1565/55/2442 1564/54/2442 1569/65/2442
f 1566/60/2443 1565/59/2443 1570/66/2443
f 1567/62/2444 1566/60/2444 1571/67/2444
f 1568/57/2445 1567/62/2445 1572/68/2445
f 1564/54/2446 1573/64/2446 1569/65/2446
f 1565/55/2447 1569/65/2447 1570/69/2447
f 1566/60/2448 1570/66/2448 1571/67/2448
f 1567/62/2449 1571/67/2449 1572/68/2449
f 1568/57/2450 1572/68/2450 1573/64/2450
f 1569/65/2451 1573/64/2451 1574/70/2451
f 1570/69/2452 1569/65/2452 1574/71/2452
f 1571/67/2453 1570/66/2453 1574/72/2453
f 1572/68/2454 1571/67/2454 1574/73/2454
f 1573/64/2455 1572/68/2455 1574/74/2455
f 1575/53/2456 1576/54/2456 1577/55/2456
f 1576/54/2457 1575/56/2457 1580/57/2457
f 1575/58/2458 1577/59/2458 1578/60/2458
f 1575/61/2459 1578/60/2459 1579/62/2459
f 1575/63/2460 1579/62/2460 1580/57/2460
f 1576/54/2461 1580/57/2461 1585/64/2461
f 1577/55/2462 1576/54/2462 1581/65/2462
f 1578/60/2463 1577/59/2463 1582/66/2463
f 1579/62/2464 1578/60/2464 1583/67/2464
f 1580/57/2465 1579/62/2465 1584/68/2465
f 1576/54/2466 1585/64/2466 1581/65/2466
f 1577/55/2467 1581/65/2467 1582/69/2467
f 1578/60/2468 1582/66/2468 1583/67/2468
f 1579/62/2469 1583/67/2469 1584/68/2469
f 1580/57/2470 1584/68/2470 1585/64/2470
f 1581/65/2471 1585/64/2471 1586/70/2471
f 1582/69/2472 1581/65/2472 1586/71/2472
f 1583/67/2473 1582/66/2473 1586/72/2473
f 1584/68/2474 1583/67/2474 1586/73/2474
f 1585/64/2475 1584/68/2475 1586/74/2475
f 1599/53/2496 1600/54/2496 1601/55/2496
f 1600/54/2497 1599/56/2497 1604/57/2497
f 1599/58/2498 1601/59/2498 1602/60/2498
f 1599/61/2499 1602/60/2499 1603/62/2499
f 1599/63/2500 1603/62/2500 1604/57/2500
f 1600/54/2501 1604/57/2501 1609/64/2501
f 1601/55/2502 1600/54/2502 1605/65/2502
f 1602/60/2503 1601/59/2503 1606/66/2503
f 1603/62/2504 1602/60/2504 1607/67/2504
f 1604/57/2505 1603/62/2505 1608/68/2505
f 1600/54/2506 1609/64/2506 1605/65/2506
f 1601/55/2507 1605/65/2507 1606/69/2507
f 1602/60/2508 1606/66/2508 1607/67/2508
f 1603/62/2509 1607/67/2509 1608/68/2509
f 1604/57/2510 1608/68/2510 1609/64/2510
f 1605/65/2511 1609/64/2511 1610/70/2511
f 1606/69/2512 1605/65/2512 1610/71/2512
f 1607/67/2513 1606/66/2513 1610/72/2513
f 1608/68/2514 1607/67/2514 1610/73/2514
f 1609/64/2515 1608/68/2515 1610/74/2515
f 1611/53/2516 1612/54/2516 1613/55/2516
f 1612/54/2517 1611/56/2517 1616/57/2517
f 1611/58/2518 1613/59/2518 1614/60/2518
f 1611/61/2519 1614/60/2519 1615/62/2519
f 1611/63/2520 1615/62/2520 1616/57/2520
f 1612/54/2521 1616/57/2521 1621/64/2521
f 1613/55/2522 1612/54/2522 1617/65/2522
f 1614/60/2523 1613/59/2523 1618/66/2523
f 1615/62/2524 1614/60/2524 1619/67/2524
f 1616/57/2525 1615/62/2525 1620/68/2525
f 1612/54/2526 1621/64/2526 1617/65/2526
f 1613/55/2527 1617/65/2527 1618/69/2527
f 1614/60/2528 1618/66/2528 1619/67/2528
f 1615/62/2529 1619/67/2529 1620/68/2529
f 1616/57/2530 1620/68/2530 1621/64/2530
f 1617/65/2531 1621/64/2531 1622/70/2531
f 1618/69/2532 1617/65/2532 1622/71/2532
f 1619/67/2533 1618/66/2533 1622/72/2533
f 1620/68/2534 1619/67/2534 1622/73/2534
f 1621/64/2535 1620/68/2535 1622/74/2535
f 1635/53/2556 1636/54/2556 1637/55/2556
f 1636/54/2557 1635/56/2557 1640/57/2557
f 1635/58/2558 1637/59/2558 1638/60/2558
f 1635/61/2559 1638/60/2559 1639/62/2559
f 1635/63/2560 1639/62/2560 1640/57/2560
f 1636/54/2561 1640/57/2561 1645/64/2561
f 1637/55/2562 1636/54/2562 1641/65/2562
f 1638/60/2563 1637/59/2563 1642/66/2563
f 1639/62/2564 1638/60/2564 1643/67/2564
f 1640/57/2565 1639/62/2565 1644/68/2565
f 1636/54/2566 1645/64/2566 1641/65/2566
f 1637/55/2567 1641/65/2567 1642/69/2567
f 1638/60/2568 1642/66/2568 1643/67/2568
f 1639/62/2569 1643/67/2569 1644/68/2569
f 1640/57/2570 1644/68/2570 1645/64/2570
f 1641/65/2571 1645/64/2571 1646/70/2571
f 1642/69/2572 1641/65/2572 1646/71/2572
f 1643/67/2573 1642/66/2573 1646/72/2573
f 1644/68/2574 1643/67/2574 1646/73/2574
f 1645/64/2575 1644/68/2575 1646/74/2575
f 1647/53/2576 1648/54/2576 1649/55/2576
f 1648/54/2577 1647/56/2577 1652/57/2577
f 1647/58/2578 1649/59/2578 1650/60/2578
f 1647/61/2579 1650/60/2579 1651/62/2579
f 1647/63/2580 1651/62/2580 1652/57/2580
f 1648/54/2581 1652/57/2581 1657/64/2581
f 1649/55/2582 1648/54/2582 1653/65/2582
f 1650/60/2583 1649/59/2583 1654/66/2583
f 1651/62/2584 1650/60/2584 1655/67/2584
f 1652/57/2585 1651/62/2585 1656/68/2585
f 1648/54/2586 1657/64/2586 1653/65/2586
f 1649/55/2587 1653/65/2587 1654/69/2587
f 1650/60/2588 1654/66/2588 1655/67/2588
f 1651/62/2589 1655/67/2589 1656/68/2589
f 1652/57/2590 1656/68/2590 1657/64/2590
f 1653/65/2591 1657/64/2591 1658/70/2591
f 1654/69/2592 1653/65/2592 1658/71/2592
f 1655/67/2593 1654/66/2593 1658/72/2593
f 1656/68/2594 1655/67/2594 1658/73/2594
f 1657/64/2595 1656/68/2595 1658/74/2595
f 1671/53/2616 1672/54/2616 1673/55/2616
f 1672/54/2617 1671/56/2617 1676/57/2617
f 1671/58/2618 1673/59/2618 1674/60/2618
f 1671/61/2619 1674/60/2619 1675/62/2619
f 1671/63/2620 1675/62/2620 1676/57/2620
f 1672/54/2621 1676/57/2621 1681/64/2621
f 1673/55/2622 1672/54/2622 1677/65/2622
f 1674/60/2623 1673/59/2623 1678/66/2623
f 1675/62/2624 1674/60/2624 1679/67/2624
f 1676/57/2625 1675/62/2625 1680/68/2625
f 1672/54/2626 1681/64/2626 1677/65/2626
f 1673/55/2627 1677/65/2627 1678/69/2627
f 1674/60/2628 1678/66/2628 1679/67/2628
f 1675/62/2629 1679/67/2629 1680/68/2629
f 1676/57/2630 1680/68/2630 1681/64/2630
f 1677/65/2631 1681/64/2631 1682/70/2631
f 1678/69/2632 1677/65/2632 1682/71/2632
f 1679/67/2633 1678/66/2633 1682/72/2633
f 1680/68/2634 1679/67/2634 1682/73/2634
f 1681/64/2635 1680/68/2635 1682/74/2635
f 1683/53/2636 1684/54/2636 1685/55/2636
f 1684/54/2637 1683/56/2637 1688/57/2637
f 1683/58/2638 1685/59/2638 1686/60/2638
f 1683/61/2639 1686/60/2639 1687/62/2639
f 1683/63/2640 1687/62/2640 1688/57/2640
f 1684/54/2641 1688/57/2641 1693/64/2641
f 1685/55/2642 1684/54/2642 1689/65/2642
f 1686/60/2643 1685/59/2643 1690/66/2643
f 1687/62/2644 1686/60/2644 1691/67/2644
f 1688/57/2645 1687/62/2645 1692/68/2645
f 1684/54/2646 1693/64/2646 1689/65/2646
f 1685/55/2647 1689/65/2647 1690/69/2647
f 1686/60/2648 1690/66/2648 1691/67/2648
f 1687/62/2649 1691/67/2649 1692/68/2649
f 1688/57/2650 1692/68/2650 1693/64/2650
f 1689/65/2651 1693/64/2651 1694/70/2651
f 1690/69/2652 1689/65/2652 1694/71/2652
f 1691/67/2653 1690/66/2653 1694/72/2653
f 1692/68/2654 1691/67/2654 1694/73/2654
f 1693/64/2655 1692/68/2655 1694/74/2655
