# Blender 4.0.2
# www.blender.org
mtllib 1_sapling.mtl
o redberry_1_sapling
v 0.000000 -0.054000 0.007000
v 0.000000 -0.054000 0.013000
v -0.031740 -0.043687 0.007000
v -0.031740 -0.043687 0.013000
v -0.051357 -0.016687 0.007000
v -0.051357 -0.016687 0.013000
v -0.051357 0.016687 0.007000
v -0.051357 0.016687 0.013000
v -0.031740 0.043687 0.007000
v -0.031740 0.043687 0.013000
v 0.000000 0.054000 0.007000
v 0.000000 0.054000 0.013000
v 0.031740 0.043687 0.007000
v 0.031740 0.043687 0.013000
v 0.051357 0.016687 0.007000
v 0.051357 0.016687 0.013000
v 0.051357 -0.016687 0.007000
v 0.051357 -0.016687 0.013000
v 0.031740 -0.043687 0.007000
v 0.031740 -0.043687 0.013000
v 0.000185 -0.003497 0.018167
v -0.053815 -0.033497 0.132167
v -0.003051 -0.000905 0.017317
v -0.057051 -0.030905 0.131317
v -0.002070 0.002938 0.018793
v -0.056070 -0.027062 0.132793
v 0.001771 0.002721 0.020555
v -0.052229 -0.027279 0.134555
v 0.003165 -0.001256 0.020169
v -0.050835 -0.031256 0.134169
v -0.000244 -0.003413 0.017883
v 0.050756 -0.042413 0.125883
v -0.003196 -0.001287 0.020044
v 0.047804 -0.040287 0.128044
v -0.001731 0.002618 0.020763
v 0.049269 -0.036382 0.128763
v 0.002126 0.002905 0.019045
v 0.053126 -0.036095 0.127045
v 0.003045 -0.000823 0.017265
v 0.054045 -0.039823 0.125265
v -0.000284 -0.003335 0.020326
v -0.045284 0.038665 0.116326
v -0.003222 -0.001301 0.018059
v -0.048222 0.040699 0.114059
v -0.001707 0.002531 0.017092
v -0.046707 0.044531 0.113092
v 0.002167 0.002865 0.018762
v -0.042833 0.044865 0.114762
v 0.003047 -0.000760 0.020761
v -0.041953 0.041240 0.116761
v 0.000229 -0.003479 0.019895
v 0.057229 0.026521 0.121895
v -0.002939 -0.000857 0.020894
v 0.054061 0.029143 0.122894
v -0.002045 0.002950 0.019276
v 0.054955 0.032950 0.121276
v 0.001675 0.002680 0.017276
v 0.058675 0.032680 0.119276
v 0.003080 -0.001293 0.017659
v 0.060080 0.028707 0.119659
v 0.000087 -0.003253 0.017461
v -0.014913 -0.063253 0.143461
v -0.003376 -0.000923 0.018159
v -0.018376 -0.060923 0.144159
v -0.002173 0.002683 0.020019
v -0.017173 -0.057317 0.146019
v 0.002033 0.002581 0.020471
v -0.012967 -0.057419 0.146471
v 0.003430 -0.001088 0.018890
v -0.011570 -0.061088 0.144890
v -0.000121 -0.003289 0.020459
v -0.021121 0.050711 0.140459
v -0.003416 -0.001131 0.018911
v -0.024416 0.052869 0.138911
v -0.001991 0.002590 0.017486
v -0.022991 0.056590 0.137486
v 0.002186 0.002732 0.018153
v -0.018814 0.056732 0.138153
v 0.003342 -0.000901 0.019990
v -0.017658 0.053099 0.139990
v -0.000067 -0.003593 0.019209
v -0.060067 0.002407 0.103209
v -0.002808 -0.001174 0.017078
v -0.062808 0.004826 0.101078
v -0.001669 0.002868 0.017603
v -0.061669 0.008868 0.101603
v 0.001777 0.002946 0.020059
v -0.058223 0.008946 0.104059
v 0.002767 -0.001047 0.021051
v -0.057233 0.004953 0.105051
v -0.000062 -0.003594 0.018804
v 0.062938 -0.009594 0.108804
v -0.002825 -0.001169 0.020900
v 0.060175 -0.007169 0.110900
v -0.001684 0.002871 0.020370
v 0.061316 -0.003129 0.110370
v 0.001784 0.002944 0.017947
v 0.064784 -0.003056 0.107947
v 0.002787 -0.001052 0.016979
v 0.065787 -0.007052 0.106979
v 0.001053 -0.003026 0.017358
v -0.064947 -0.039026 0.041358
v -0.001262 0.000067 0.015629
v -0.067262 -0.035933 0.039629
v -0.001833 0.003067 0.018559
v -0.067833 -0.032933 0.042559
v 0.000129 0.001829 0.022098
v -0.065871 -0.034171 0.046098
v 0.001913 -0.001937 0.021356
v -0.064087 -0.037937 0.045356
v -0.001317 -0.002659 0.016962
v 0.061683 -0.047659 0.034962
v -0.002077 -0.002074 0.021084
v 0.060923 -0.047074 0.039084
v 0.000033 0.001377 0.022326
v 0.063033 -0.043623 0.040326
v 0.002098 0.002926 0.018972
v 0.065098 -0.042074 0.036972
v 0.001263 0.000431 0.015657
v 0.064263 -0.044569 0.033657
v -0.001510 -0.002001 0.021584
v -0.052510 0.051999 0.033584
v -0.002534 -0.002055 0.017478
v -0.053534 0.051945 0.029478
v -0.000056 0.000731 0.015475
v -0.051056 0.054731 0.027475
v 0.002500 0.002506 0.018344
v -0.048500 0.056506 0.030344
v 0.001600 0.000818 0.022119
v -0.049400 0.054818 0.034119
v 0.001293 -0.002565 0.021169
v 0.061293 0.045435 0.042169
v -0.001487 0.000437 0.022249
v 0.058513 0.048437 0.043249
v -0.002212 0.002836 0.018839
v 0.057788 0.050836 0.039839
v 0.000120 0.001315 0.015651
v 0.060120 0.049315 0.036651
v 0.002286 -0.002023 0.017091
v 0.062286 0.045977 0.038091
v 0.000838 -0.001757 0.015972
v -0.029162 -0.067757 0.045972
v -0.002803 0.000254 0.016755
v -0.032803 -0.065746 0.046755
v -0.002570 0.001914 0.020641
v -0.032570 -0.064086 0.050641
v 0.001215 0.000929 0.022259
v -0.028785 -0.065071 0.052259
v 0.003321 -0.001340 0.019373
v -0.026679 -0.067340 0.049373
v -0.000741 -0.001561 0.022158
v -0.024741 0.064439 0.049158
v -0.003397 -0.001188 0.018884
v -0.027397 0.064812 0.045884
v -0.001358 0.000828 0.015770
v -0.025358 0.066828 0.042770
v 0.002557 0.001699 0.017120
v -0.021443 0.067699 0.044120
v 0.002938 0.000223 0.021068
v -0.021062 0.066223 0.048068
v 0.000000 -0.006600 0.007000
v 0.000000 -0.006600 0.025000
v -0.006277 -0.002040 0.007000
v -0.006277 -0.002040 0.025000
v -0.003879 0.005340 0.007000
v -0.003879 0.005340 0.025000
v 0.003879 0.005340 0.007000
v 0.003879 0.005340 0.025000
v 0.006277 -0.002040 0.007000
v 0.006277 -0.002040 0.025000
v -0.049192 -0.021707 0.128997
v -0.050277 -0.029764 0.110178
v -0.059107 -0.020118 0.134349
v -0.054717 -0.015174 0.151949
v -0.043173 -0.021765 0.138654
v -0.040429 -0.030782 0.112838
v -0.056472 -0.028210 0.121498
v -0.059216 -0.019193 0.147314
v -0.049368 -0.020211 0.149974
v -0.040538 -0.029857 0.125803
v -0.044928 -0.034801 0.108203
v -0.050453 -0.028267 0.131155
v -0.059789 -0.023913 0.131633
v -0.064752 -0.043089 0.126349
v -0.068340 -0.017340 0.135263
v -0.060347 -0.001577 0.141674
v -0.051819 -0.017585 0.136723
v -0.054541 -0.043240 0.127251
v -0.068377 -0.032605 0.133124
v -0.065654 -0.006950 0.142596
v -0.055443 -0.007101 0.143498
v -0.051855 -0.032849 0.134584
v -0.059849 -0.048612 0.128173
v -0.060406 -0.026277 0.138214
v -0.060649 -0.030888 0.142911
v -0.057161 -0.047332 0.131176
v -0.064135 -0.021509 0.137491
v -0.068877 -0.009259 0.150941
v -0.064835 -0.027511 0.152939
v -0.057594 -0.051041 0.140723
v -0.063234 -0.035866 0.131954
v -0.070475 -0.012336 0.144169
v -0.070908 -0.016046 0.153716
v -0.063934 -0.041868 0.147401
v -0.059192 -0.054118 0.133951
v -0.067420 -0.032489 0.141982
v -0.055821 -0.027294 0.149353
v -0.067788 -0.035252 0.134734
v -0.045018 -0.025244 0.146425
v -0.037496 -0.015771 0.160818
v -0.055618 -0.019925 0.158022
v -0.074339 -0.031965 0.141901
v -0.056859 -0.028648 0.137163
v -0.038138 -0.016608 0.153283
v -0.044689 -0.013321 0.160451
v -0.067459 -0.023329 0.148759
v -0.074981 -0.032802 0.134367
v -0.056656 -0.021279 0.145831
v 0.038354 -0.032110 0.117266
v 0.034770 -0.038595 0.098151
v 0.029538 -0.032554 0.124446
v 0.036525 -0.028511 0.141426
v 0.046076 -0.032054 0.125624
v 0.044991 -0.038286 0.098879
v 0.030726 -0.039004 0.110497
v 0.031811 -0.032772 0.137242
v 0.042032 -0.032463 0.137970
v 0.047264 -0.038504 0.111675
v 0.040277 -0.042546 0.094695
v 0.038448 -0.038947 0.118855
v 0.044120 -0.020920 0.135593
v 0.051446 -0.034953 0.122567
v 0.050855 -0.011979 0.137638
v 0.040490 0.000080 0.147670
v 0.034675 -0.015442 0.138798
v 0.041446 -0.037094 0.123284
v 0.052343 -0.022627 0.126594
v 0.045572 -0.000976 0.142108
v 0.035572 -0.003116 0.142824
v 0.036163 -0.026091 0.127753
v 0.046528 -0.038149 0.117722
v 0.042898 -0.017150 0.129798
v 0.041656 -0.025806 0.143814
v 0.037628 -0.025733 0.123713
v 0.052551 -0.024340 0.146750
v 0.052615 -0.022314 0.165441
v 0.037730 -0.022455 0.153956
v 0.028469 -0.024568 0.128167
v 0.046098 -0.022196 0.132917
v 0.055360 -0.020083 0.158706
v 0.046200 -0.018919 0.163159
v 0.031277 -0.020312 0.140123
v 0.031214 -0.022337 0.121432
v 0.042173 -0.018846 0.143058
v 0.051390 -0.052150 0.115054
v 0.035145 -0.063578 0.109978
v 0.050867 -0.041147 0.112202
v 0.065737 -0.033013 0.120337
v 0.059205 -0.050418 0.123141
v 0.040298 -0.069308 0.116739
v 0.039452 -0.051504 0.112125
v 0.058359 -0.032614 0.118527
v 0.063512 -0.038344 0.125288
v 0.047790 -0.060775 0.123064
v 0.032919 -0.068909 0.114929
v 0.047266 -0.049772 0.120213
v -0.036694 0.054615 0.112680
v -0.020682 0.046038 0.103175
v -0.046393 0.048667 0.112521
v -0.058177 0.057737 0.124024
v -0.039749 0.060713 0.121788
v -0.016576 0.053483 0.108902
v -0.032270 0.043859 0.108644
v -0.055443 0.051090 0.121530
v -0.051337 0.058535 0.127257
v -0.025626 0.055906 0.117911
v -0.013842 0.046836 0.106408
v -0.035326 0.049958 0.117752
v -0.031533 0.055544 0.110886
v -0.036331 0.038291 0.100906
v -0.024404 0.062615 0.105532
v -0.024036 0.078329 0.115847
v -0.035735 0.063716 0.117596
v -0.043334 0.038972 0.108362
v -0.031800 0.050414 0.099699
v -0.024202 0.075159 0.108934
v -0.031205 0.075839 0.116389
v -0.043131 0.051515 0.111763
v -0.043499 0.035801 0.101448
v -0.036003 0.058587 0.106409
v -0.061076 0.044310 0.121849
v -0.060584 0.045449 0.101386
v -0.066506 0.052751 0.127211
v -0.067461 0.047601 0.145267
v -0.062130 0.037115 0.130601
v -0.057880 0.035785 0.103482
v -0.066666 0.049443 0.112157
v -0.070916 0.050773 0.139277
v -0.068211 0.041109 0.141372
v -0.062290 0.033806 0.115548
v -0.061334 0.038957 0.097492
v -0.067720 0.042247 0.120909
v -0.046158 0.038094 0.111197
v -0.029455 0.030123 0.102380
v -0.055988 0.032787 0.109030
v -0.068721 0.040715 0.120366
v -0.050057 0.042950 0.120721
v -0.025790 0.036404 0.109606
v -0.041695 0.027818 0.106099
v -0.065962 0.034364 0.117214
v -0.062297 0.040644 0.124440
v -0.035764 0.037980 0.117790
v -0.023031 0.030053 0.106454
v -0.045594 0.032673 0.115622
v 0.051448 0.039521 0.130478
v 0.048189 0.041504 0.110336
v 0.048031 0.048206 0.136989
v 0.049968 0.042384 0.154760
v 0.051322 0.032084 0.139090
v 0.050223 0.031540 0.111635
v 0.044694 0.045593 0.122169
v 0.045794 0.046137 0.149624
v 0.047828 0.036173 0.150923
v 0.047985 0.029471 0.124270
v 0.046049 0.035293 0.106499
v 0.044569 0.038156 0.130781
v 0.057063 0.021914 0.126080
v 0.065050 0.014092 0.108896
v 0.046888 0.017867 0.129173
v 0.043536 0.024909 0.146280
v 0.059627 0.025487 0.136574
v 0.072924 0.018801 0.113470
v 0.056460 0.012253 0.118476
v 0.043164 0.018938 0.141580
v 0.051037 0.023647 0.146154
v 0.069200 0.019873 0.125877
v 0.072552 0.012830 0.108770
v 0.059025 0.015825 0.128971
v 0.066059 0.020262 0.142023
v 0.047186 0.019253 0.134083
v 0.074372 0.023211 0.134833
v 0.089686 0.025745 0.145440
v 0.071965 0.023354 0.151245
v 0.045698 0.019341 0.144225
v 0.059149 0.024114 0.132593
v 0.085415 0.028126 0.139612
v 0.083927 0.028215 0.149755
v 0.056742 0.024257 0.149004
v 0.041427 0.021722 0.138397
v 0.065054 0.027206 0.141815
v 0.045401 0.016650 0.134293
v 0.035511 -0.000109 0.127844
v 0.044779 0.025762 0.127505
v 0.052459 0.039926 0.137193
v 0.047938 0.022809 0.143519
v 0.037463 -0.001934 0.137741
v 0.036457 0.012809 0.126758
v 0.046931 0.037552 0.132536
v 0.048884 0.035727 0.142433
v 0.039616 0.009856 0.142772
v 0.031936 -0.004308 0.133084
v 0.038994 0.018968 0.135984
v -0.030926 -0.058677 0.168225
v -0.015408 -0.071370 0.163940
v -0.030663 -0.048525 0.163091
v -0.047183 -0.040402 0.166908
v -0.042138 -0.058227 0.170116
v -0.022500 -0.077366 0.168282
v -0.022075 -0.060939 0.159975
v -0.041712 -0.041800 0.161809
v -0.048804 -0.047796 0.166151
v -0.033550 -0.070641 0.167000
v -0.017029 -0.078764 0.163184
v -0.033286 -0.060489 0.161867
v -0.004761 -0.045192 0.143286
v -0.008092 -0.063394 0.134463
v -0.001190 -0.036863 0.136404
v -0.001555 -0.021152 0.146724
v -0.008681 -0.037975 0.151162
v -0.012721 -0.064081 0.143584
v -0.006944 -0.050605 0.132449
v -0.002904 -0.024498 0.140026
v -0.007533 -0.025185 0.149147
v -0.014435 -0.051716 0.147206
v -0.014070 -0.067427 0.136886
v -0.010864 -0.043388 0.140324
v 0.012736 -0.068755 0.160225
v -0.000211 -0.071110 0.144506
v 0.016373 -0.058152 0.162179
v 0.025793 -0.058859 0.178435
v 0.015031 -0.072255 0.170807
v -0.001040 -0.079827 0.149837
v 0.004844 -0.062669 0.153000
v 0.020915 -0.055098 0.173969
v 0.020086 -0.063815 0.179301
v 0.003502 -0.076773 0.161627
v -0.005918 -0.076065 0.145372
v 0.007139 -0.066170 0.163581
v -0.035319 -0.050711 0.143704
v -0.041267 -0.054270 0.124410
v -0.024613 -0.047106 0.145066
v -0.023056 -0.042342 0.163186
v -0.038748 -0.046561 0.153729
v -0.050002 -0.053932 0.129765
v -0.032679 -0.048099 0.131968
v -0.021424 -0.040727 0.155933
v -0.030159 -0.040390 0.161287
v -0.046813 -0.047554 0.140632
v -0.048370 -0.052318 0.122512
v -0.036107 -0.043949 0.141993
v -0.019386 0.069440 0.153029
v -0.030979 0.053385 0.147724
v -0.016395 0.076468 0.144595
v -0.008217 0.091239 0.152866
v -0.017747 0.077284 0.161107
v -0.031815 0.053890 0.157929
v -0.026974 0.065263 0.144282
v -0.012907 0.088657 0.147460
v -0.013742 0.089162 0.157665
v -0.028326 0.066079 0.160794
v -0.036504 0.051308 0.152523
v -0.025335 0.073107 0.152360
v -0.047384 0.048889 0.158682
v -0.062019 0.042692 0.145732
v -0.037017 0.044512 0.156997
v -0.025529 0.053906 0.168540
v -0.043432 0.057893 0.164408
v -0.065984 0.050962 0.150313
v -0.049209 0.043879 0.147587
v -0.026657 0.050810 0.161683
v -0.030622 0.059080 0.166263
v -0.055624 0.057260 0.154999
v -0.067112 0.047865 0.143456
v -0.045256 0.052882 0.153314
v -0.037264 0.074527 0.129673
v -0.024800 0.059904 0.122524
v -0.044964 0.078577 0.122340
v -0.056307 0.089688 0.132407
v -0.043153 0.077882 0.138813
v -0.023681 0.059474 0.132705
v -0.036141 0.066028 0.120840
v -0.055613 0.084435 0.126948
v -0.054494 0.084005 0.137129
v -0.034329 0.065332 0.137313
v -0.022987 0.054221 0.127246
v -0.042030 0.069383 0.129980
v -0.020307 0.065759 0.143185
v -0.006106 0.058528 0.130288
v -0.030068 0.069217 0.138467
v -0.041730 0.072754 0.152783
v -0.024975 0.064252 0.153452
v -0.002959 0.055460 0.139550
v -0.018752 0.061055 0.131917
v -0.040769 0.069847 0.145819
v -0.037621 0.066778 0.155080
v -0.013659 0.056089 0.146902
v -0.001997 0.052552 0.132585
v -0.023420 0.059547 0.142184
v -0.048963 -0.000919 0.111003
v -0.056940 -0.016260 0.099990
v -0.040320 0.004725 0.106213
v -0.037008 0.019490 0.117371
v -0.051580 0.007630 0.118042
v -0.063899 -0.014465 0.107300
v -0.049914 -0.005333 0.099551
v -0.037595 0.016761 0.110293
v -0.044554 0.018557 0.117604
v -0.061174 -0.002428 0.111380
v -0.064487 -0.017193 0.100223
v -0.052531 0.003215 0.106591
v -0.077393 0.003908 0.105648
v -0.092477 -0.006777 0.096784
v -0.071508 0.010869 0.098836
v -0.060386 0.020950 0.110156
v -0.074483 0.009535 0.115100
v -0.094316 -0.007601 0.106836
v -0.084794 0.003662 0.095815
v -0.064961 0.020798 0.104079
v -0.066799 0.019974 0.114130
v -0.087769 0.002329 0.112079
v -0.098890 -0.007753 0.100759
v -0.081884 0.009290 0.105267
v -0.048421 -0.008442 0.095908
v -0.045392 -0.028327 0.091944
v -0.058579 -0.004236 0.092974
v -0.059203 0.013147 0.100110
v -0.046402 -0.000202 0.103490
v -0.037867 -0.025833 0.098444
v -0.054303 -0.019027 0.093697
v -0.062838 0.006605 0.098744
v -0.055312 0.009098 0.105243
v -0.042126 -0.014993 0.104214
v -0.041502 -0.032375 0.097078
v -0.052284 -0.010786 0.101280
v -0.063265 -0.017325 0.116181
v -0.058494 -0.036171 0.109675
v -0.074155 -0.015599 0.118994
v -0.074792 0.001465 0.126860
v -0.059526 -0.008562 0.122403
v -0.049453 -0.031822 0.111782
v -0.067074 -0.029029 0.116333
v -0.077147 -0.005769 0.126954
v -0.068106 -0.001419 0.129061
v -0.052445 -0.021992 0.119742
v -0.051808 -0.039056 0.111876
v -0.063335 -0.020266 0.122555
v 0.063597 -0.012218 0.128444
v 0.071609 -0.019625 0.111089
v 0.054737 -0.005175 0.127270
v 0.048158 -0.002246 0.144637
v 0.060965 -0.014886 0.139189
v 0.075459 -0.025626 0.118455
v 0.061123 -0.014230 0.116555
v 0.046629 -0.003490 0.137289
v 0.050479 -0.009491 0.144655
v 0.067351 -0.023941 0.128474
v 0.073930 -0.026870 0.111107
v 0.058491 -0.016898 0.127300
v 0.062924 0.003462 0.099605
v 0.058629 -0.008868 0.083800
v 0.060370 0.014464 0.098219
v 0.062999 0.022508 0.115007
v 0.062882 0.004148 0.110964
v 0.060181 -0.015243 0.091676
v 0.056050 0.002558 0.089434
v 0.058750 0.021950 0.108721
v 0.060303 0.015574 0.116597
v 0.058562 -0.007757 0.102178
v 0.055933 -0.015802 0.085390
v 0.056008 0.003244 0.100792
v 0.067531 0.015180 0.126781
v 0.054952 0.003732 0.115336
v 0.063236 0.024963 0.130696
v 0.076012 0.031748 0.142705
v 0.075623 0.014709 0.134767
v 0.062607 -0.002605 0.117852
v 0.055658 0.013224 0.124188
v 0.068674 0.030539 0.141102
v 0.076329 0.024202 0.143619
v 0.068044 0.002971 0.128259
v 0.055269 -0.003814 0.116250
v 0.063750 0.012754 0.132174
v 0.058638 0.000617 0.102832
v 0.048426 -0.007340 0.086936
v 0.063062 0.010983 0.101267
v 0.069383 0.016473 0.118101
v 0.058653 0.001543 0.114173
v 0.045701 -0.013174 0.094913
v 0.052860 0.003599 0.092380
v 0.065812 0.018316 0.111641
v 0.063087 0.012481 0.119618
v 0.048451 -0.005841 0.105287
v 0.042130 -0.011331 0.088453
v 0.052875 0.004525 0.103722
v -0.068187 -0.063234 0.047689
v -0.077295 -0.068571 0.030115
v -0.058341 -0.068442 0.050016
v -0.051346 -0.059706 0.065123
v -0.065978 -0.054436 0.054558
v -0.082015 -0.059915 0.032923
v -0.066084 -0.068342 0.036688
v -0.050047 -0.062862 0.058324
v -0.054767 -0.054206 0.061131
v -0.073721 -0.054335 0.041231
v -0.080716 -0.063071 0.026124
v -0.063875 -0.059543 0.043558
v -0.092032 -0.038248 0.063781
v -0.091214 -0.043021 0.043861
v -0.083494 -0.042134 0.070222
v -0.085682 -0.034078 0.087068
v -0.094754 -0.029987 0.071117
v -0.098174 -0.035514 0.044414
v -0.084358 -0.041801 0.054836
v -0.080939 -0.036274 0.081539
v -0.087898 -0.028766 0.082093
v -0.095619 -0.029654 0.055732
v -0.093431 -0.037710 0.038886
v -0.087080 -0.033539 0.062173
v -0.057457 -0.036213 0.041377
v -0.040825 -0.042382 0.031102
v -0.063873 -0.044435 0.045930
v -0.076601 -0.035685 0.056649
v -0.061419 -0.028224 0.048445
v -0.039308 -0.032363 0.032657
v -0.049689 -0.045666 0.040023
v -0.071800 -0.041527 0.055812
v -0.070283 -0.031508 0.057367
v -0.047235 -0.029455 0.042539
v -0.034507 -0.038205 0.031820
v -0.053651 -0.037677 0.047091
v -0.064647 -0.054944 0.045959
v -0.067870 -0.058009 0.025947
v -0.072778 -0.058697 0.052979
v -0.065846 -0.056810 0.070353
v -0.056654 -0.054956 0.054058
v -0.057905 -0.055697 0.026614
v -0.071061 -0.061770 0.037973
v -0.069810 -0.061030 0.065417
v -0.059845 -0.058717 0.066084
v -0.054937 -0.058029 0.039052
v -0.061868 -0.059916 0.021678
v -0.063068 -0.061783 0.046072
v 0.085022 -0.035042 0.030005
v 0.080062 -0.034254 0.010130
v 0.077276 -0.030957 0.037271
v 0.083501 -0.035383 0.054451
v 0.090135 -0.041415 0.037926
v 0.088009 -0.040718 0.010534
v 0.075476 -0.034108 0.022291
v 0.077601 -0.034805 0.049682
v 0.085548 -0.041269 0.050087
v 0.088334 -0.044566 0.022945
v 0.082109 -0.040140 0.005766
v 0.080588 -0.040481 0.030211
v 0.086044 -0.036571 0.027532
v 0.094783 -0.041526 0.009662
v 0.076013 -0.031238 0.026899
v 0.069505 -0.030414 0.044518
v 0.084254 -0.040193 0.038170
v 0.099876 -0.047061 0.016627
v 0.083644 -0.038431 0.015603
v 0.068022 -0.031563 0.037146
v 0.073115 -0.037098 0.044111
v 0.091885 -0.047387 0.026874
v 0.098393 -0.048210 0.009255
v 0.081854 -0.042053 0.026241
v 0.049036 -0.063852 0.025904
v 0.050110 -0.075824 0.009297
v 0.038640 -0.062187 0.030219
v 0.041218 -0.053158 0.046507
v 0.054282 -0.061216 0.035651
v 0.059778 -0.075224 0.012653
v 0.042956 -0.072529 0.019636
v 0.037461 -0.058521 0.042634
v 0.047128 -0.057921 0.045991
v 0.058599 -0.071558 0.025068
v 0.056021 -0.080586 0.008780
v 0.048203 -0.069892 0.029384
v 0.063752 -0.050704 0.052886
v 0.062736 -0.061835 0.035701
v 0.054027 -0.045903 0.056331
v 0.057579 -0.038726 0.073342
v 0.068483 -0.050224 0.063224
v 0.071670 -0.064506 0.039960
v 0.055936 -0.056737 0.045535
v 0.052749 -0.042455 0.068799
v 0.061683 -0.045126 0.073058
v 0.070391 -0.061059 0.052428
v 0.066839 -0.068235 0.035417
v 0.060667 -0.056258 0.055873
v -0.033807 0.044733 0.039513
v -0.019018 0.033773 0.030489
v -0.033005 0.056037 0.038487
v -0.049047 0.062980 0.045411
v -0.044972 0.045007 0.041693
v -0.026413 0.026956 0.032471
v -0.025116 0.045247 0.030811
v -0.043675 0.063298 0.040033
v -0.051071 0.056481 0.042014
v -0.037083 0.034217 0.034017
v -0.021042 0.027273 0.027093
v -0.036281 0.045521 0.032991
v -0.050720 0.042435 0.039352
v -0.042607 0.027974 0.027296
v -0.061855 0.044380 0.038051
v -0.066705 0.056028 0.051989
v -0.050454 0.046820 0.049849
v -0.035561 0.029482 0.034588
v -0.053579 0.032629 0.032483
v -0.068472 0.049967 0.047744
v -0.061426 0.051475 0.055035
v -0.042178 0.035069 0.044281
v -0.037328 0.023422 0.030342
v -0.053313 0.037014 0.042980
v -0.065318 0.046839 0.055436
v -0.077357 0.030801 0.051178
v -0.054125 0.045153 0.054274
v -0.046140 0.062052 0.056312
v -0.064438 0.058143 0.054476
v -0.083731 0.038829 0.051302
v -0.065620 0.036102 0.049422
v -0.046327 0.055416 0.052596
v -0.052701 0.063444 0.052720
v -0.075933 0.049092 0.049624
v -0.083918 0.032194 0.047586
v -0.064740 0.047406 0.048462
v -0.049514 0.026525 0.050795
v -0.060338 0.016078 0.036868
v -0.038290 0.024650 0.050858
v -0.031024 0.037336 0.062679
v -0.048581 0.036604 0.055994
v -0.066697 0.023465 0.040042
v -0.048537 0.020433 0.040143
v -0.030420 0.033571 0.056095
v -0.036780 0.040959 0.059269
v -0.058827 0.032386 0.045279
v -0.066094 0.019700 0.033458
v -0.047604 0.030512 0.045342
v 0.046569 0.065750 0.049999
v 0.038314 0.060501 0.031983
v 0.052615 0.057687 0.055282
v 0.060850 0.066179 0.069895
v 0.051639 0.074242 0.055626
v 0.037711 0.070733 0.032195
v 0.047494 0.057687 0.040744
v 0.061422 0.061195 0.064175
v 0.060818 0.071427 0.064388
v 0.046518 0.074242 0.041088
v 0.038283 0.065750 0.026475
v 0.052564 0.066179 0.046372
v 0.054535 0.058329 0.053261
v 0.038692 0.047333 0.046307
v 0.064872 0.053939 0.051432
v 0.077100 0.067286 0.056511
v 0.058477 0.068928 0.054525
v 0.034740 0.056596 0.048218
v 0.051467 0.049493 0.045259
v 0.075204 0.061826 0.051566
v 0.071251 0.071089 0.053477
v 0.045071 0.064483 0.048352
v 0.032843 0.051135 0.043272
v 0.055409 0.060093 0.046523
v 0.047378 0.033748 0.037475
v 0.044440 0.031784 0.017281
v 0.056624 0.039571 0.040652
v 0.055145 0.041814 0.059260
v 0.042047 0.035413 0.047389
v 0.035431 0.029214 0.021444
v 0.050390 0.038636 0.026586
v 0.057006 0.044836 0.052531
v 0.047998 0.042266 0.056694
v 0.035813 0.034478 0.033323
v 0.037292 0.032235 0.014715
v 0.045059 0.040302 0.036500
v 0.064847 0.054705 0.044925
v 0.064678 0.050134 0.024941
v 0.072670 0.049357 0.051225
v 0.072012 0.057436 0.068189
v 0.063613 0.063205 0.052389
v 0.059080 0.058692 0.025661
v 0.071738 0.050039 0.035855
v 0.076270 0.054553 0.062583
v 0.070673 0.063111 0.063302
v 0.062681 0.063887 0.037018
v 0.063339 0.055808 0.020054
v 0.070504 0.058540 0.043318
v -0.019342 -0.074658 0.038542
v -0.021933 -0.081243 0.019302
v -0.008972 -0.070775 0.041159
v -0.010482 -0.063227 0.058311
v -0.024377 -0.069031 0.047055
v -0.031454 -0.080165 0.022945
v -0.014673 -0.073881 0.027179
v -0.007597 -0.062747 0.051289
v -0.017118 -0.061669 0.054933
v -0.030079 -0.072137 0.033075
v -0.028568 -0.079684 0.015923
v -0.019708 -0.068253 0.035692
v -0.029379 -0.048193 0.047630
v -0.012735 -0.060149 0.047072
v -0.039184 -0.053367 0.050195
v -0.051818 -0.039625 0.052435
v -0.033176 -0.037914 0.050695
v -0.009022 -0.050598 0.047381
v -0.024887 -0.058969 0.051532
v -0.049041 -0.046285 0.054847
v -0.045328 -0.036734 0.055156
v -0.018879 -0.043516 0.052032
v -0.006245 -0.057258 0.049792
v -0.028684 -0.048689 0.054598
v -0.043241 -0.059296 0.065417
v -0.060004 -0.065781 0.055558
v -0.034574 -0.055900 0.058872
v -0.021985 -0.048263 0.070562
v -0.039635 -0.053425 0.074473
v -0.063132 -0.064251 0.065200
v -0.049109 -0.058756 0.054610
v -0.025612 -0.047930 0.063883
v -0.028740 -0.046400 0.073525
v -0.054170 -0.056281 0.070211
v -0.066759 -0.063918 0.058521
v -0.045504 -0.052885 0.063666
v -0.022663 -0.092330 0.063775
v -0.019723 -0.094884 0.043648
v -0.013507 -0.093692 0.070392
v -0.018747 -0.088250 0.087608
v -0.028202 -0.086078 0.071503
v -0.028805 -0.090179 0.044334
v -0.013989 -0.092382 0.055041
v -0.013386 -0.088282 0.082210
v -0.022468 -0.083577 0.082896
v -0.028684 -0.084769 0.056153
v -0.023444 -0.090211 0.038937
v -0.019527 -0.086131 0.062769
v -0.022140 0.056488 0.062378
v -0.013263 0.045281 0.047686
v -0.018875 0.067368 0.063047
v -0.030438 0.075454 0.075471
v -0.031973 0.058363 0.067789
v -0.021358 0.039715 0.050617
v -0.016075 0.057320 0.051699
v -0.026690 0.075967 0.068871
v -0.034785 0.070402 0.071802
v -0.029173 0.048315 0.056441
v -0.017610 0.040229 0.044016
v -0.025908 0.059195 0.057110
v -0.035195 0.043953 0.063557
v -0.030063 0.047280 0.043990
v -0.036571 0.053215 0.070023
v -0.043632 0.047095 0.086337
v -0.041488 0.037377 0.070386
v -0.033102 0.037492 0.044215
v -0.035327 0.052477 0.054678
v -0.043714 0.052363 0.080849
v -0.046753 0.042574 0.081074
v -0.040245 0.036639 0.055040
v -0.033184 0.042760 0.038726
v -0.041620 0.045901 0.061507
v -0.041924 0.062007 0.046010
v -0.037128 0.064864 0.026284
v -0.044034 0.071406 0.052068
v -0.050533 0.065465 0.068680
v -0.047643 0.055252 0.053162
v -0.039359 0.054881 0.026960
v -0.042773 0.070088 0.036763
v -0.051057 0.070459 0.062964
v -0.053288 0.060476 0.063640
v -0.046382 0.053935 0.037856
v -0.039883 0.059875 0.021245
v -0.048492 0.063333 0.043914
v -0.030748 0.079217 0.059323
v -0.029437 0.072525 0.039990
v -0.036571 0.072613 0.066531
v -0.033804 0.079956 0.083615
v -0.024961 0.084408 0.067633
v -0.022261 0.079815 0.040671
v -0.031684 0.069128 0.052334
v -0.034383 0.073721 0.079295
v -0.027207 0.081011 0.079976
v -0.020073 0.080923 0.053436
v -0.022840 0.073579 0.036351
v -0.025896 0.074318 0.060643
v 0.010502 -0.008654 0.071788
v 0.004181 -0.007215 0.049040
v 0.012463 0.002757 0.077980
v 0.015101 -0.002234 0.098926
v 0.008449 -0.015290 0.082930
v 0.001701 -0.018369 0.052099
v 0.004874 0.000094 0.062117
v 0.011622 0.003173 0.092949
v 0.009142 -0.007981 0.096008
v 0.000860 -0.017953 0.067067
v -0.001778 -0.012962 0.046121
v 0.002821 -0.006542 0.073259
v -0.007636 -0.011537 0.089131
v -0.002102 -0.011858 0.066135
v 0.002469 -0.011568 0.097514
v -0.006109 -0.008254 0.117161
v -0.015982 -0.006496 0.097925
v -0.013505 -0.008724 0.066389
v 0.002846 -0.008774 0.079953
v 0.000369 -0.006546 0.111489
v -0.011034 -0.003412 0.111743
v -0.015605 -0.003702 0.080365
v -0.007027 -0.007016 0.060717
v -0.005500 -0.003733 0.088747
v 0.012603 -0.019517 0.090818
v 0.015727 -0.016672 0.067544
v 0.022062 -0.014714 0.098554
v 0.014562 -0.016396 0.118840
v 0.003592 -0.019392 0.100366
v 0.004312 -0.019563 0.068664
v 0.019617 -0.011792 0.081182
v 0.018897 -0.011621 0.112884
v 0.007482 -0.014513 0.114004
v 0.001147 -0.016470 0.082994
v 0.008647 -0.014789 0.062708
v 0.010606 -0.011668 0.090730
v -0.026259 0.022554 0.099868
v -0.036259 0.002190 0.093172
v -0.032232 0.033530 0.095841
v -0.022266 0.049825 0.106125
v -0.020133 0.028554 0.109811
v -0.028781 -0.000886 0.101805
v -0.038446 0.016875 0.095290
v -0.029798 0.046315 0.103295
v -0.022321 0.043239 0.111929
v -0.026347 0.011898 0.109259
v -0.036313 -0.004396 0.098975
v -0.032320 0.022875 0.105232
v 0.016465 0.023356 0.080394
v 0.018154 0.007976 0.062502
v 0.011613 0.035186 0.077414
v 0.008760 0.045372 0.096354
v 0.013538 0.024456 0.093146
v 0.019344 0.001345 0.072224
v 0.011492 0.020487 0.067403
v 0.005686 0.043599 0.088325
v 0.006876 0.036967 0.098047
v 0.013417 0.009757 0.083135
v 0.016270 -0.000429 0.064195
v 0.008564 0.021588 0.080155
v -0.021514 -0.006690 0.099633
v -0.009550 -0.012974 0.080219
v -0.020495 0.005895 0.103235
v -0.034834 0.008655 0.119277
v -0.032751 -0.008508 0.106176
v -0.017124 -0.021876 0.082037
v -0.015476 -0.001513 0.087865
v -0.031103 0.011854 0.112004
v -0.038677 0.002953 0.113821
v -0.027732 -0.015917 0.090806
v -0.013393 -0.018677 0.074763
v -0.026713 -0.003332 0.094408
v 0.026690 -0.001603 0.093381
v 0.015073 -0.008964 0.074136
v 0.020413 0.007094 0.100954
v 0.032521 0.009229 0.118827
v 0.034663 -0.005509 0.103054
v 0.023880 -0.016753 0.075434
v 0.013723 -0.002681 0.087687
v 0.024507 0.008563 0.115307
v 0.033313 0.000774 0.116605
v 0.027973 -0.015284 0.089788
v 0.015866 -0.017419 0.071915
v 0.021696 -0.006587 0.097360
vn -0.3090 -0.9511 -0.0000
vn -0.8090 -0.5878 -0.0000
vn -1.0000 -0.0000 -0.0000
vn -0.8090 0.5878 -0.0000
vn -0.3090 0.9511 -0.0000
vn 0.3090 0.9511 -0.0000
vn 0.8090 0.5878 -0.0000
vn 1.0000 -0.0000 -0.0000
vn -0.0000 -0.0000 1.0000
vn 0.8090 -0.5878 -0.0000
vn 0.3090 -0.9511 -0.0000
vn -0.0000 -0.0000 -1.0000
vn -0.4921 -0.7558 -0.4320
vn -0.8791 0.3490 -0.3246
vn -0.0513 0.9715 0.2314
vn -0.4165 -0.2314 0.8792
vn 0.8474 0.2514 0.4676
vn 0.5750 -0.8161 0.0576
vn 0.4165 0.2314 -0.8792
vn -0.5905 -0.8069 -0.0125
vn -0.8459 0.2286 0.4820
vn 0.0678 0.9482 0.3104
vn 0.4059 -0.3104 0.8596
vn 0.8877 0.3574 -0.2901
vn 0.4809 -0.7273 -0.4897
vn -0.4059 0.3104 -0.8596
vn -0.6019 -0.7958 0.0660
vn -0.8463 0.2112 -0.4891
vn 0.0789 0.9264 -0.3683
vn -0.3946 0.3683 0.8418
vn 0.8950 0.3613 0.2615
vn 0.4743 -0.7031 0.5299
vn 0.3946 -0.3683 -0.8418
vn -0.4652 -0.7445 0.4789
vn -0.8557 0.3592 0.3725
vn -0.0637 0.9665 -0.2487
vn 0.4725 0.2487 0.8455
vn 0.8163 0.2381 -0.5262
vn 0.5682 -0.8193 -0.0765
vn -0.4725 -0.2487 -0.8455
vn -0.5648 -0.7170 -0.4086
vn -0.9528 0.3022 0.0305
vn -0.0241 0.9037 0.4275
vn -0.1069 -0.4275 0.8977
vn 0.9379 0.2564 0.2337
vn 0.6037 -0.7453 -0.2830
vn 0.1069 0.4275 -0.8977
vn -0.6073 -0.7589 0.2352
vn -0.9282 0.2504 -0.2751
vn 0.0336 0.9136 -0.4052
vn -0.1576 0.4052 0.9005
vn 0.9490 0.3143 0.0247
vn 0.5529 -0.7194 0.4205
vn 0.1576 -0.4052 -0.9005
vn -0.4936 -0.8184 -0.2941
vn -0.7686 0.2908 -0.5698
vn 0.0186 0.9981 -0.0580
vn -0.5803 0.0580 0.8124
vn 0.7801 0.3261 0.5339
vn 0.4636 -0.7966 0.3880
vn 0.5803 -0.0580 -0.8124
vn -0.4957 -0.8178 0.2925
vn -0.7742 0.2922 0.5614
vn 0.0172 0.9984 0.0545
vn 0.5726 -0.0545 0.8180
vn 0.7848 0.3248 -0.5277
vn 0.4679 -0.7976 -0.3807
vn -0.5726 0.0545 -0.8180
vn -0.0359 -0.5080 -0.8606
vn -0.5314 0.5379 -0.6544
vn -0.2925 0.8404 0.4562
vn -0.8363 -0.4562 0.3041
vn 0.3506 -0.0185 0.9363
vn 0.5092 -0.8519 0.1225
vn 0.8363 0.4562 -0.3041
vn -0.5827 -0.8126 0.0079
vn -0.3509 -0.1197 0.9287
vn 0.3659 0.7387 0.5661
vn 0.7926 -0.5661 0.2265
vn 0.5770 0.5762 -0.5789
vn -0.0093 -0.3825 -0.9239
vn -0.7926 0.5661 -0.2265
vn -0.6943 -0.6962 0.1822
vn -0.4445 -0.2273 -0.8664
vn 0.4196 0.5558 -0.7177
vn -0.6778 0.7177 0.1595
vn 0.7038 0.5708 0.4229
vn 0.0154 -0.2030 0.9791
vn 0.6778 -0.7177 -0.1595
vn -0.0333 -0.3654 0.9303
vn -0.6350 0.5618 0.5302
vn -0.3592 0.7126 -0.6026
vn 0.7532 0.6026 0.2636
vn 0.4130 -0.1214 -0.9026
vn 0.6145 -0.7877 0.0448
vn -0.7532 -0.6026 -0.2636
vn -0.3374 -0.2581 -0.9053
vn -0.9224 0.3721 -0.1037
vn -0.2327 0.4881 0.8412
vn -0.3824 -0.8412 0.3824
vn 0.7786 -0.0704 0.6236
vn 0.7139 -0.5317 -0.4558
vn 0.3824 0.8412 -0.3824
vn -0.7104 -0.4719 0.5222
vn -0.8162 -0.0618 -0.5744
vn 0.2059 0.4337 -0.8772
vn -0.3190 0.8772 0.3589
vn 0.9435 0.3299 0.0323
vn 0.3772 -0.2299 0.8972
vn 0.3190 -0.8772 -0.3589
vn -0.5878 -0.8090 -0.0000
vn -0.9511 0.3090 -0.0000
vn -0.0000 1.0000 -0.0000
vn 0.9511 0.3090 -0.0000
vn 0.5878 -0.8090 -0.0000
vn -0.0631 0.9188 -0.3897
vn 0.1995 0.8966 -0.3953
vn 0.0074 0.9622 -0.2721
vn 0.3130 0.9306 -0.1896
vn 0.4229 0.8686 -0.2584
vn 0.2674 0.5843 -0.7662
vn -0.7262 0.5047 -0.4667
vn -0.6295 0.7746 -0.0606
vn 0.7103 0.6361 0.3014
vn 0.9431 0.3322 -0.0158
vn -0.7103 -0.6361 -0.3014
vn -0.9431 -0.3322 0.0158
vn -0.2674 -0.5843 0.7662
vn 0.7262 -0.5047 0.4667
vn 0.6295 -0.7746 0.0606
vn -0.3130 -0.9306 0.1896
vn -0.4229 -0.8686 0.2584
vn -0.1995 -0.8966 0.3953
vn 0.0631 -0.9188 0.3897
vn -0.0074 -0.9622 0.2721
vn -0.1665 0.3018 -0.9387
vn 0.0889 0.2431 -0.9659
vn -0.0733 0.4074 -0.9103
vn 0.2436 0.4027 -0.8823
vn 0.3373 0.2943 -0.8942
vn 0.0817 -0.2464 -0.9657
vn -0.8212 0.0811 -0.5648
vn -0.6448 0.5450 -0.5360
vn 0.7444 0.5244 -0.4132
vn 0.9096 0.0555 -0.4118
vn -0.7444 -0.5244 0.4132
vn -0.9096 -0.0555 0.4118
vn -0.0817 0.2464 0.9657
vn 0.8212 -0.0811 0.5648
vn 0.6448 -0.5450 0.5360
vn -0.2437 -0.4027 0.8823
vn -0.3373 -0.2943 0.8942
vn -0.0890 -0.2431 0.9659
vn 0.1665 -0.3018 0.9387
vn 0.0733 -0.4074 0.9103
vn 0.9511 0.2856 -0.1175
vn 0.9854 0.1387 0.0986
vn 0.9357 0.3528 0.0087
vn 0.9222 0.2376 0.3050
vn 0.9298 0.1026 0.3536
vn 0.9456 -0.3155 -0.0797
vn 0.5304 0.3338 -0.7792
vn 0.5473 0.7058 -0.4498
vn 0.4884 0.2011 0.8491
vn 0.4571 -0.2950 0.8391
vn -0.4884 -0.2011 -0.8491
vn -0.4571 0.2950 -0.8391
vn -0.9456 0.3155 0.0797
vn -0.5304 -0.3338 0.7792
vn -0.5473 -0.7058 0.4498
vn -0.9222 -0.2376 -0.3050
vn -0.9298 -0.1026 -0.3536
vn -0.9854 -0.1387 -0.0986
vn -0.9511 -0.2856 0.1175
vn -0.9357 -0.3528 -0.0087
vn 0.2544 -0.9215 0.2934
vn 0.0441 -0.8922 0.4495
vn 0.2782 -0.8627 0.4224
vn 0.0749 -0.7606 0.6449
vn -0.0689 -0.7593 0.6471
vn -0.3257 -0.9363 0.1318
vn 0.5363 -0.7346 -0.4157
vn 0.7810 -0.6245 0.0028
vn -0.1103 -0.1772 0.9780
vn -0.5742 -0.1774 0.7993
vn 0.1103 0.1772 -0.9780
vn 0.5742 0.1774 -0.7993
vn 0.3257 0.9363 -0.1318
vn -0.5363 0.7346 0.4157
vn -0.7810 0.6245 -0.0028
vn -0.0749 0.7606 -0.6449
vn 0.0689 0.7593 -0.6471
vn -0.0441 0.8922 -0.4495
vn -0.2544 0.9215 -0.2934
vn -0.2782 0.8627 -0.4224
vn -0.2628 0.9276 -0.2654
vn -0.0058 0.9473 -0.3203
vn -0.1776 0.9713 -0.1581
vn 0.1396 0.9809 -0.1356
vn 0.2416 0.9429 -0.2295
vn 0.0314 0.6824 -0.7303
vn -0.8651 0.4232 -0.2694
vn -0.7297 0.6691 0.1410
vn 0.6609 0.7111 0.2400
vn 0.8675 0.4755 -0.1460
vn -0.6609 -0.7111 -0.2400
vn -0.8675 -0.4755 0.1460
vn -0.0314 -0.6824 0.7303
vn 0.8651 -0.4232 0.2694
vn 0.7297 -0.6691 -0.1410
vn -0.1396 -0.9809 0.1356
vn -0.2416 -0.9429 0.2295
vn 0.0058 -0.9473 0.3203
vn 0.2628 -0.9276 0.2654
vn 0.1776 -0.9713 0.1581
vn 0.4190 -0.4905 0.7641
vn 0.1864 -0.6143 0.7667
vn 0.3160 -0.4314 0.8450
vn 0.0056 -0.4978 0.8673
vn -0.0744 -0.5961 0.7994
vn 0.2197 -0.9019 0.3719
vn 0.9455 -0.1612 0.2828
vn 0.7436 0.0878 0.6628
vn -0.6169 -0.2034 0.7603
vn -0.7496 -0.5241 0.4043
vn 0.6169 0.2034 -0.7603
vn 0.7496 0.5241 -0.4043
vn -0.2197 0.9019 -0.3719
vn -0.9455 0.1612 -0.2828
vn -0.7436 -0.0878 -0.6628
vn -0.0056 0.4978 -0.8673
vn 0.0744 0.5961 -0.7994
vn -0.1864 0.6143 -0.7667
vn -0.4190 0.4905 -0.7641
vn -0.3160 0.4314 -0.8450
vn 0.1417 -0.9894 -0.0320
vn -0.1166 -0.9930 0.0198
vn 0.1043 -0.9888 0.1068
vn -0.1800 -0.9526 0.2450
vn -0.3103 -0.9319 0.1878
vn -0.3085 -0.8583 -0.4100
vn 0.6960 -0.5857 -0.4154
vn 0.7286 -0.6812 0.0714
vn -0.5177 -0.5228 0.6773
vn -0.8567 -0.3883 0.3395
vn 0.5177 0.5228 -0.6773
vn 0.8567 0.3883 -0.3395
vn 0.3085 0.8583 0.4100
vn -0.6960 0.5857 0.4154
vn -0.7286 0.6812 -0.0714
vn 0.1800 0.9526 -0.2450
vn 0.3103 0.9319 -0.1878
vn 0.1166 0.9930 -0.0198
vn -0.1417 0.9894 0.0320
vn -0.1043 0.9888 -0.1068
vn 0.4223 -0.2085 -0.8822
vn 0.5226 -0.4112 -0.7469
vn 0.5477 -0.1854 -0.8159
vn 0.7077 -0.3632 -0.6060
vn 0.6766 -0.4913 -0.5485
vn 0.1331 -0.7037 -0.6979
vn -0.2160 0.2451 -0.9451
vn 0.2366 0.4360 -0.8683
vn 0.9377 -0.3436 0.0515
vn 0.6575 -0.7262 0.2009
vn -0.9377 0.3436 -0.0515
vn -0.6575 0.7262 -0.2009
vn -0.1331 0.7037 0.6979
vn 0.2160 -0.2451 0.9451
vn -0.2366 -0.4360 0.8683
vn -0.7077 0.3632 0.6060
vn -0.6766 0.4913 0.5485
vn -0.5226 0.4112 0.7469
vn -0.4223 0.2085 0.8822
vn -0.5477 0.1854 0.8159
vn -0.2635 0.4524 -0.8520
vn -0.1064 0.6425 -0.7589
vn -0.3255 0.5514 -0.7681
vn -0.1980 0.7824 -0.5904
vn -0.0608 0.8198 -0.5694
vn 0.3384 0.4494 -0.8268
vn -0.3522 -0.3278 -0.8767
vn -0.7089 -0.0271 -0.7048
vn -0.1502 0.9858 0.0744
vn 0.3439 0.9343 0.0942
vn 0.1502 -0.9858 -0.0744
vn -0.3439 -0.9343 -0.0942
vn -0.3384 -0.4494 0.8268
vn 0.3522 0.3278 0.8767
vn 0.7089 0.0271 0.7048
vn 0.1980 -0.7824 0.5904
vn 0.0608 -0.8198 0.5694
vn 0.1064 -0.6425 0.7589
vn 0.2635 -0.4524 0.8520
vn 0.3255 -0.5514 0.7681
vn 0.7781 -0.4624 0.4252
vn 0.5988 -0.5193 0.6098
vn 0.7633 -0.3669 0.5317
vn 0.5460 -0.3458 0.7631
vn 0.4325 -0.4288 0.7931
vn 0.3285 -0.8615 0.3872
vn 0.8661 -0.3584 -0.3485
vn 0.9998 -0.0111 -0.0188
vn 0.0470 0.0815 0.9956
vn -0.3210 -0.2430 0.9154
vn -0.0470 -0.0815 -0.9956
vn 0.3210 0.2430 -0.9154
vn -0.3285 0.8615 -0.3872
vn -0.8661 0.3584 0.3485
vn -0.9998 0.0111 0.0188
vn -0.5460 0.3458 -0.7631
vn -0.4325 0.4288 -0.7931
vn -0.5988 0.5193 -0.6098
vn -0.7781 0.4624 -0.4252
vn -0.7633 0.3669 -0.5317
vn 0.8539 0.5180 0.0493
vn 0.9601 0.2771 0.0385
vn 0.8749 0.4516 0.1751
vn 0.9588 0.1517 0.2401
vn 0.9874 0.0412 0.1527
vn 0.8891 0.1555 -0.4304
vn 0.2482 0.9456 -0.2105
vn 0.3478 0.8966 0.2742
vn 0.7158 -0.4182 0.5592
vn 0.7067 -0.6925 0.1447
vn -0.7158 0.4182 -0.5592
vn -0.7067 0.6925 -0.1447
vn -0.8891 -0.1555 0.4304
vn -0.2482 -0.9456 0.2105
vn -0.3478 -0.8966 -0.2742
vn -0.9588 -0.1517 -0.2401
vn -0.9874 -0.0412 -0.1527
vn -0.9601 -0.2771 -0.0385
vn -0.8539 -0.5180 -0.0493
vn -0.8749 -0.4516 -0.1751
vn -0.1409 0.5868 -0.7974
vn 0.0109 0.7519 -0.6591
vn -0.2088 0.6756 -0.7070
vn -0.0950 0.8706 -0.4828
vn 0.0400 0.8967 -0.4408
vn 0.4528 0.5463 -0.7046
vn -0.2559 -0.1751 -0.9507
vn -0.6189 0.1166 -0.7767
vn -0.1202 0.9711 0.2063
vn 0.3655 0.8895 0.2741
vn 0.1202 -0.9711 -0.2063
vn -0.3655 -0.8895 -0.2741
vn -0.4528 -0.5463 0.7046
vn 0.2559 0.1751 0.9507
vn 0.6189 -0.1166 0.7767
vn 0.0950 -0.8706 0.4828
vn -0.0400 -0.8967 0.4408
vn -0.0109 -0.7519 0.6591
vn 0.1409 -0.5868 0.7974
vn 0.2088 -0.6756 0.7071
vn 0.8970 0.4300 -0.1028
vn 0.9736 0.1805 -0.1398
vn 0.9342 0.3564 0.0149
vn 0.9974 0.0471 0.0552
vn 0.9973 -0.0617 -0.0387
vn 0.8033 0.0872 -0.5892
vn 0.3008 0.9253 -0.2309
vn 0.4843 0.8457 0.2242
vn 0.7611 -0.5099 0.4009
vn 0.6456 -0.7636 -0.0107
vn -0.7611 0.5099 -0.4009
vn -0.6456 0.7636 0.0107
vn -0.8033 -0.0872 0.5892
vn -0.3008 -0.9253 0.2309
vn -0.4843 -0.8457 -0.2242
vn -0.9974 -0.0471 -0.0552
vn -0.9973 0.0617 0.0387
vn -0.9736 -0.1805 0.1398
vn -0.8970 -0.4300 0.1028
vn -0.9342 -0.3564 -0.0149
vn -0.4477 0.7169 -0.5344
vn -0.2219 0.8445 -0.4875
vn -0.4423 0.7955 -0.4142
vn -0.1980 0.9417 -0.2722
vn -0.0591 0.9493 -0.3087
vn 0.0899 0.6125 -0.7853
vn -0.7447 0.0019 -0.6674
vn -0.9091 0.2912 -0.2980
vn 0.1622 0.9319 0.3243
vn 0.5900 0.8002 0.1080
vn -0.1622 -0.9319 -0.3243
vn -0.5900 -0.8002 -0.1080
vn -0.0899 -0.6125 0.7853
vn 0.7447 -0.0019 0.6674
vn 0.9091 -0.2912 0.2980
vn 0.1980 -0.9417 0.2722
vn 0.0591 -0.9493 0.3087
vn 0.2219 -0.8445 0.4875
vn 0.4477 -0.7169 0.5344
vn 0.4423 -0.7955 0.4142
vn 0.1465 -0.9631 -0.2258
vn 0.0468 -0.9988 0.0156
vn 0.2406 -0.9635 -0.1171
vn 0.1944 -0.9608 0.1977
vn 0.0730 -0.9587 0.2747
vn -0.4279 -0.9021 -0.0549
vn 0.0968 -0.5017 -0.8596
vn 0.5269 -0.5786 -0.6225
vn 0.3245 -0.5666 0.7574
vn -0.1554 -0.4867 0.8596
vn -0.3245 0.5666 -0.7574
vn 0.1554 0.4867 -0.8597
vn 0.4279 0.9021 0.0549
vn -0.0968 0.5017 0.8596
vn -0.5269 0.5786 0.6225
vn -0.1944 0.9608 -0.1977
vn -0.0730 0.9587 -0.2747
vn -0.0468 0.9988 -0.0156
vn -0.1464 0.9631 0.2258
vn -0.2406 0.9635 0.1171
vn 0.8238 -0.3014 -0.4801
vn 0.8730 -0.4191 -0.2495
vn 0.8962 -0.2241 -0.3829
vn 0.9568 -0.2807 -0.0757
vn 0.9202 -0.3915 0.0083
vn 0.5552 -0.7915 -0.2555
vn 0.2404 -0.0988 -0.9656
vn 0.5656 0.2342 -0.7907
vn 0.8312 -0.0141 0.5558
vn 0.5713 -0.4081 0.7120
vn -0.8312 0.0141 -0.5558
vn -0.5713 0.4081 -0.7120
vn -0.5552 0.7915 0.2555
vn -0.2404 0.0988 0.9656
vn -0.5656 -0.2342 0.7907
vn -0.9568 0.2807 0.0757
vn -0.9202 0.3915 -0.0083
vn -0.8730 0.4191 0.2495
vn -0.8238 0.3014 0.4801
vn -0.8962 0.2241 0.3829
vn 0.5188 0.3750 0.7682
vn 0.3970 0.1818 0.8996
vn 0.3909 0.4073 0.8254
vn 0.1708 0.2212 0.9602
vn 0.1689 0.0791 0.9825
vn 0.6358 -0.2153 0.7413
vn 0.8284 0.5558 0.0692
vn 0.4750 0.8340 0.2809
vn -0.4899 0.0182 0.8716
vn -0.3737 -0.4606 0.8051
vn 0.4899 -0.0182 -0.8716
vn 0.3737 0.4606 -0.8051
vn -0.6358 0.2153 -0.7413
vn -0.8285 -0.5558 -0.0692
vn -0.4750 -0.8340 -0.2809
vn -0.1708 -0.2212 -0.9602
vn -0.1689 -0.0791 -0.9825
vn -0.3970 -0.1818 -0.8996
vn -0.5188 -0.3750 -0.7682
vn -0.3909 -0.4073 -0.8254
vn 0.9491 -0.2599 0.1779
vn 0.8457 -0.3500 0.4029
vn 0.9432 -0.1669 0.2874
vn 0.7995 -0.1882 0.5704
vn 0.7207 -0.2938 0.6280
vn 0.6093 -0.7516 0.2527
vn 0.7936 -0.1635 -0.5861
vn 0.9308 0.2155 -0.2951
vn 0.3010 0.1220 0.9458
vn 0.0088 -0.2800 0.9600
vn -0.3010 -0.1220 -0.9458
vn -0.0088 0.2800 -0.9600
vn -0.6093 0.7516 -0.2527
vn -0.7936 0.1635 0.5861
vn -0.9308 -0.2155 0.2951
vn -0.7995 0.1882 -0.5704
vn -0.7207 0.2938 -0.6280
vn -0.8457 0.3500 -0.4029
vn -0.9491 0.2599 -0.1779
vn -0.9432 0.1669 -0.2874
vn 0.7740 -0.1522 -0.6147
vn 0.7351 -0.4033 -0.5450
vn 0.8444 -0.1978 -0.4979
vn 0.8186 -0.4684 -0.3324
vn 0.7330 -0.5823 -0.3516
vn 0.3274 -0.5155 -0.7918
vn 0.3965 0.5223 -0.7550
vn 0.7633 0.4900 -0.4210
vn 0.6504 -0.6959 0.3044
vn 0.2558 -0.9552 0.1488
vn -0.6504 0.6959 -0.3044
vn -0.2558 0.9552 -0.1488
vn -0.3274 0.5155 0.7918
vn -0.3964 -0.5223 0.7550
vn -0.7633 -0.4900 0.4210
vn -0.8186 0.4684 0.3324
vn -0.7330 0.5823 0.3516
vn -0.7351 0.4033 0.5450
vn -0.7740 0.1522 0.6147
vn -0.8444 0.1978 0.4979
vn 0.3090 -0.9477 0.0795
vn 0.0617 -0.9848 0.1626
vn 0.2859 -0.9325 0.2206
vn 0.0148 -0.9220 0.3868
vn -0.1221 -0.9311 0.3438
vn -0.1924 -0.9478 -0.2542
vn 0.7432 -0.5223 -0.4181
vn 0.8401 -0.5380 0.0693
vn -0.3484 -0.4921 0.7977
vn -0.7376 -0.4652 0.4895
vn 0.3484 0.4921 -0.7977
vn 0.7376 0.4652 -0.4895
vn 0.1924 0.9478 0.2542
vn -0.7432 0.5223 0.4181
vn -0.8401 0.5380 -0.0693
vn -0.0148 0.9220 -0.3868
vn 0.1221 0.9311 -0.3438
vn -0.0617 0.9848 -0.1626
vn -0.3090 0.9477 -0.0795
vn -0.2859 0.9325 -0.2206
vn 0.8246 -0.5427 -0.1597
vn 0.7920 -0.6032 0.0947
vn 0.8879 -0.4554 -0.0646
vn 0.8620 -0.4398 0.2521
vn 0.7834 -0.5178 0.3438
vn 0.4099 -0.9088 0.0785
vn 0.4286 -0.3818 -0.8189
vn 0.7701 -0.0713 -0.6340
vn 0.6564 -0.0027 0.7545
vn 0.2869 -0.2963 0.9110
vn -0.6564 0.0027 -0.7544
vn -0.2869 0.2963 -0.9110
vn -0.4099 0.9088 -0.0785
vn -0.4286 0.3818 0.8189
vn -0.7701 0.0713 0.6340
vn -0.8620 0.4398 -0.2521
vn -0.7834 0.5178 -0.3438
vn -0.7920 0.6032 -0.0947
vn -0.8246 0.5427 0.1597
vn -0.8879 0.4554 0.0646
vn -0.2209 -0.7588 0.6128
vn -0.3868 -0.5817 0.7155
vn -0.1687 -0.6756 0.7177
vn -0.2917 -0.4189 0.8599
vn -0.4165 -0.3507 0.8388
vn -0.7378 -0.5613 0.3749
vn 0.1013 -0.9928 -0.0645
vn 0.3775 -0.8656 0.3289
vn -0.1619 0.2596 0.9521
vn -0.5707 0.4091 0.7120
vn 0.1619 -0.2596 -0.9521
vn 0.5707 -0.4091 -0.7120
vn 0.7378 0.5613 -0.3749
vn -0.1013 0.9928 0.0645
vn -0.3775 0.8656 -0.3289
vn 0.2917 0.4189 -0.8599
vn 0.4165 0.3507 -0.8388
vn 0.3868 0.5817 -0.7155
vn 0.2209 0.7588 -0.6128
vn 0.1687 0.6756 -0.7177
vn 0.6503 0.6993 -0.2967
vn 0.7467 0.6629 -0.0541
vn 0.5941 0.7810 -0.1926
vn 0.6289 0.7677 0.1234
vn 0.7056 0.6781 0.2057
vn 0.9687 0.2286 -0.0969
vn 0.3074 0.3231 -0.8950
vn 0.1024 0.7233 -0.6829
vn 0.2547 0.6648 0.7023
vn 0.4972 0.2503 0.8308
vn -0.2547 -0.6648 -0.7023
vn -0.4972 -0.2503 -0.8308
vn -0.9687 -0.2286 0.0969
vn -0.3074 -0.3231 0.8950
vn -0.1023 -0.7233 0.6829
vn -0.6289 -0.7677 -0.1234
vn -0.7056 -0.6781 -0.2057
vn -0.7467 -0.6629 0.0541
vn -0.6503 -0.6993 0.2967
vn -0.5941 -0.7810 0.1926
vn 0.3758 0.9210 -0.1026
vn 0.5236 0.8458 0.1023
vn 0.3217 0.9464 0.0282
vn 0.4194 0.8512 0.3156
vn 0.5311 0.7696 0.3544
vn 0.8381 0.5348 -0.1076
vn 0.0330 0.6530 -0.7566
vn -0.2237 0.8880 -0.4017
vn 0.2045 0.4705 0.8584
vn 0.5666 0.1328 0.8132
vn -0.2045 -0.4705 -0.8584
vn -0.5666 -0.1328 -0.8132
vn -0.8381 -0.5348 0.1076
vn -0.0330 -0.6530 0.7566
vn 0.2237 -0.8880 0.4017
vn -0.4194 -0.8512 -0.3156
vn -0.5311 -0.7696 -0.3544
vn -0.5236 -0.8458 -0.1023
vn -0.3758 -0.9210 0.1026
vn -0.3217 -0.9464 -0.0282
vn 0.6476 -0.6369 0.4182
vn 0.4540 -0.6632 0.5950
vn 0.6496 -0.5457 0.5293
vn 0.4336 -0.4900 0.7562
vn 0.3042 -0.5483 0.7790
vn 0.1256 -0.9291 0.3478
vn 0.7827 -0.5171 -0.3464
vn 0.9750 -0.2223 0.0047
vn 0.0282 0.0220 0.9994
vn -0.3969 -0.2128 0.8928
vn -0.0282 -0.0220 -0.9994
vn 0.3969 0.2128 -0.8928
vn -0.1256 0.9291 -0.3478
vn -0.7827 0.5171 0.3464
vn -0.9750 0.2223 -0.0047
vn -0.4336 0.4900 -0.7562
vn -0.3042 0.5483 -0.7790
vn -0.4540 0.6632 -0.5950
vn -0.6476 0.6369 -0.4182
vn -0.6496 0.5457 -0.5293
vn 0.6421 -0.7397 -0.2011
vn 0.5637 -0.8252 0.0355
vn 0.7166 -0.6919 -0.0879
vn 0.6596 -0.7175 0.2241
vn 0.5514 -0.7804 0.2949
vn 0.1134 -0.9917 -0.0606
vn 0.3906 -0.3659 -0.8447
vn 0.7840 -0.2081 -0.5849
vn 0.5338 -0.3202 0.7827
vn 0.0789 -0.5056 0.8591
vn -0.5338 0.3202 -0.7827
vn -0.0789 0.5056 -0.8591
vn -0.1134 0.9917 0.0606
vn -0.3906 0.3659 0.8447
vn -0.7840 0.2081 0.5849
vn -0.6596 0.7175 -0.2241
vn -0.5514 0.7804 -0.2949
vn -0.5637 0.8252 -0.0355
vn -0.6421 0.7397 0.2011
vn -0.7166 0.6919 0.0879
vn 0.3582 0.2347 -0.9037
vn 0.5865 0.2433 -0.7725
vn 0.3937 0.3612 -0.8453
vn 0.6273 0.4385 -0.6436
vn 0.7295 0.3577 -0.5830
vn 0.6787 -0.2316 -0.6970
vn -0.3310 -0.1413 -0.9330
vn -0.3020 0.3527 -0.8857
vn 0.7219 0.6920 -0.0014
vn 0.9447 0.2813 0.1687
vn -0.7219 -0.6920 0.0014
vn -0.9447 -0.2813 -0.1687
vn -0.6787 0.2316 0.6970
vn 0.3310 0.1413 0.9330
vn 0.3020 -0.3527 0.8857
vn -0.6273 -0.4385 0.6436
vn -0.7295 -0.3577 0.5830
vn -0.5865 -0.2433 0.7725
vn -0.3582 -0.2347 0.9037
vn -0.3937 -0.3612 0.8453
vn -0.1995 0.2743 -0.9407
vn 0.0561 0.3385 -0.9393
vn -0.1673 0.4076 -0.8977
vn 0.1133 0.5426 -0.8323
vn 0.2466 0.4889 -0.8368
vn 0.2715 -0.1008 -0.9571
vn -0.7139 -0.2465 -0.6554
vn -0.7703 0.2430 -0.5896
vn 0.4598 0.8348 -0.3029
vn 0.8187 0.4907 -0.2983
vn -0.4598 -0.8348 0.3029
vn -0.8187 -0.4907 0.2983
vn -0.2715 0.1008 0.9571
vn 0.7139 0.2465 0.6554
vn 0.7703 -0.2430 0.5896
vn -0.1133 -0.5426 0.8323
vn -0.2466 -0.4889 0.8368
vn -0.0561 -0.3385 0.9393
vn 0.1995 -0.2743 0.9407
vn 0.1673 -0.4076 0.8977
vn 0.6252 0.7792 -0.0439
vn 0.7800 0.6183 0.0962
vn 0.6111 0.7853 0.0991
vn 0.7306 0.5990 0.3277
vn 0.8152 0.4830 0.3196
vn 0.9242 0.2954 -0.2423
vn 0.0842 0.7852 -0.6134
vn -0.0010 0.9860 -0.1667
vn 0.5227 0.1695 0.8355
vn 0.7367 -0.2321 0.6352
vn -0.5227 -0.1695 -0.8355
vn -0.7367 0.2321 -0.6352
vn -0.9242 -0.2954 0.2423
vn -0.0842 -0.7852 0.6134
vn 0.0010 -0.9860 0.1667
vn -0.7306 -0.5990 -0.3277
vn -0.8152 -0.4830 -0.3196
vn -0.7800 -0.6183 -0.0962
vn -0.6252 -0.7792 0.0439
vn -0.6111 -0.7853 -0.0991
vn 0.9120 0.1643 -0.3760
vn 0.9724 -0.0457 -0.2286
vn 0.9518 0.1906 -0.2404
vn 1.0000 -0.0073 0.0041
vn 0.9886 -0.1503 0.0127
vn 0.7718 -0.4113 -0.4850
vn 0.3377 0.4765 -0.8118
vn 0.5423 0.7214 -0.4306
vn 0.7535 -0.1460 0.6410
vn 0.6008 -0.6042 0.5234
vn -0.7535 0.1460 -0.6410
vn -0.6008 0.6042 -0.5234
vn -0.7718 0.4113 0.4850
vn -0.3377 -0.4765 0.8118
vn -0.5423 -0.7214 0.4306
vn -1.0000 0.0073 -0.0041
vn -0.9886 0.1503 -0.0127
vn -0.9724 0.0457 0.2286
vn -0.9120 -0.1643 0.3760
vn -0.9518 -0.1906 0.2404
vn 0.3206 0.4699 -0.8224
vn 0.4980 0.2750 -0.8224
vn 0.4418 0.4937 -0.7490
vn 0.6795 0.2970 -0.6709
vn 0.6983 0.1572 -0.6983
vn 0.2290 -0.1075 -0.9675
vn -0.4271 0.6335 -0.6452
vn -0.0480 0.8907 -0.4521
vn 0.9935 0.0285 -0.1098
vn 0.8706 -0.4408 -0.2187
vn -0.9935 -0.0285 0.1098
vn -0.8706 0.4408 0.2187
vn -0.2290 0.1075 0.9675
vn 0.4271 -0.6335 0.6452
vn 0.0480 -0.8907 0.4521
vn -0.6795 -0.2970 0.6709
vn -0.6983 -0.1572 0.6983
vn -0.4980 -0.2750 0.8224
vn -0.3206 -0.4699 0.8224
vn -0.4418 -0.4937 0.7490
vn 0.8463 -0.4122 -0.3374
vn 0.7677 -0.6132 -0.1862
vn 0.8898 -0.4100 -0.2004
vn 0.8052 -0.5911 0.0472
vn 0.7119 -0.7001 0.0562
vn 0.3989 -0.7997 -0.4487
vn 0.5779 0.1637 -0.7995
vn 0.8753 0.2540 -0.4115
vn 0.5046 -0.5399 0.6738
vn 0.1160 -0.8253 0.5526
vn -0.5046 0.5399 -0.6738
vn -0.1160 0.8253 -0.5526
vn -0.3989 0.7997 0.4487
vn -0.5779 -0.1637 0.7995
vn -0.8753 -0.2540 0.4115
vn -0.8052 0.5911 -0.0472
vn -0.7119 0.7001 -0.0562
vn -0.7677 0.6132 0.1862
vn -0.8463 0.4122 0.3374
vn -0.8898 0.4100 0.2004
vn -0.4963 -0.7250 0.4775
vn -0.6739 -0.5333 0.5113
vn -0.4811 -0.6438 0.5951
vn -0.6276 -0.3751 0.6822
vn -0.7293 -0.2979 0.6160
vn -0.8674 -0.4935 0.0633
vn 0.0377 -0.9989 -0.0295
vn 0.1542 -0.8846 0.4402
vn -0.4880 0.2932 0.8221
vn -0.7624 0.4685 0.4464
vn 0.4880 -0.2932 -0.8221
vn 0.7624 -0.4685 -0.4464
vn 0.8674 0.4935 -0.0633
vn -0.0377 0.9989 0.0295
vn -0.1542 0.8846 -0.4402
vn 0.6276 0.3751 -0.6822
vn 0.7293 0.2979 -0.6160
vn 0.6739 0.5333 -0.5113
vn 0.4963 0.7250 -0.4775
vn 0.4811 0.6438 -0.5951
vn -0.5164 -0.8373 0.1794
vn -0.7219 -0.6790 0.1331
vn -0.5703 -0.7675 0.2930
vn -0.7862 -0.5344 0.3101
vn -0.8598 -0.4669 0.2067
vn -0.6991 -0.6220 -0.3526
vn 0.2274 -0.9732 -0.0338
vn 0.0994 -0.8926 0.4398
vn -0.8474 0.1288 0.5150
vn -0.9523 0.2993 0.0600
vn 0.8474 -0.1288 -0.5150
vn 0.9523 -0.2993 -0.0600
vn 0.6991 0.6220 0.3526
vn -0.2274 0.9732 0.0338
vn -0.0994 0.8926 -0.4398
vn 0.7862 0.5344 -0.3101
vn 0.8598 0.4669 -0.2067
vn 0.7219 0.6790 -0.1331
vn 0.5164 0.8373 -0.1794
vn 0.5703 0.7675 -0.2930
vn -0.5375 -0.0468 -0.8420
vn -0.4588 0.2037 -0.8649
vn -0.6219 0.0526 -0.7814
vn -0.5748 0.3636 -0.7331
vn -0.4626 0.4476 -0.7652
vn 0.0121 0.1515 -0.9884
vn -0.3080 -0.7520 -0.5828
vn -0.7280 -0.5373 -0.4259
vn -0.5216 0.8258 -0.2143
vn -0.0508 0.9463 -0.3193
vn 0.5216 -0.8258 0.2143
vn 0.0508 -0.9463 0.3193
vn -0.0121 -0.1515 0.9884
vn 0.3080 0.7520 0.5828
vn 0.7280 0.5373 0.4259
vn 0.5748 -0.3636 0.7331
vn 0.4626 -0.4476 0.7652
vn 0.4588 -0.2037 0.8649
vn 0.5375 0.0468 0.8420
vn 0.6219 -0.0526 0.7814
vn -0.4615 0.8850 -0.0613
vn -0.2174 0.9695 -0.1135
vn -0.3813 0.9230 0.0519
vn -0.0720 0.9948 0.0726
vn 0.0302 0.9991 -0.0284
vn -0.1492 0.8076 -0.5705
vn -0.9469 0.2761 -0.1649
vn -0.8425 0.4562 0.2866
vn 0.5133 0.7708 0.3773
vn 0.7423 0.6681 -0.0519
vn -0.5133 -0.7708 -0.3773
vn -0.7423 -0.6681 0.0519
vn 0.1492 -0.8076 0.5705
vn 0.9469 -0.2761 0.1649
vn 0.8425 -0.4562 -0.2866
vn 0.0720 -0.9948 -0.0726
vn -0.0302 -0.9991 0.0284
vn 0.2174 -0.9695 0.1135
vn 0.4615 -0.8850 0.0613
vn 0.3813 -0.9230 -0.0519
vn 0.4151 0.9073 -0.0676
vn 0.6298 0.7664 -0.1268
vn 0.4973 0.8665 0.0430
vn 0.7440 0.6659 0.0556
vn 0.8072 0.5883 -0.0477
vn 0.5307 0.6161 -0.5821
vn -0.3662 0.9185 -0.1492
vn -0.1472 0.9436 0.2964
vn 0.9340 0.0643 0.3515
vn 0.9809 -0.1771 -0.0806
vn -0.9340 -0.0643 -0.3515
vn -0.9809 0.1771 0.0806
vn -0.5307 -0.6161 0.5821
vn 0.3662 -0.9185 0.1492
vn 0.1472 -0.9436 -0.2964
vn -0.7440 -0.6659 -0.0556
vn -0.8072 -0.5883 0.0477
vn -0.6298 -0.7664 0.1268
vn -0.4151 -0.9073 0.0676
vn -0.4973 -0.8665 -0.0430
vn 0.4701 0.8825 -0.0148
vn 0.6557 0.7464 0.1137
vn 0.4592 0.8790 0.1285
vn 0.6173 0.7072 0.3447
vn 0.7214 0.6094 0.3289
vn 0.8470 0.4723 -0.2440
vn -0.0788 0.8159 -0.5728
vn -0.1867 0.9757 -0.1146
vn 0.5063 0.2227 0.8331
vn 0.7845 -0.1223 0.6079
vn -0.5063 -0.2227 -0.8331
vn -0.7845 0.1223 -0.6079
vn -0.8470 -0.4723 0.2440
vn 0.0788 -0.8159 0.5728
vn 0.1867 -0.9757 0.1146
vn -0.6173 -0.7072 -0.3447
vn -0.7214 -0.6094 -0.3289
vn -0.6557 -0.7464 -0.1137
vn -0.4701 -0.8825 0.0148
vn -0.4592 -0.8790 -0.1285
vn -0.1146 0.8023 -0.5858
vn 0.1485 0.8067 -0.5719
vn -0.0575 0.8770 -0.4770
vn 0.2425 0.8956 -0.3728
vn 0.3624 0.8319 -0.4201
vn 0.2720 0.4309 -0.8604
vn -0.7305 0.3151 -0.6059
vn -0.6895 0.6742 -0.2646
vn 0.6259 0.7559 0.1921
vn 0.9083 0.4168 -0.0368
vn -0.6259 -0.7559 -0.1921
vn -0.9083 -0.4168 0.0368
vn -0.2720 -0.4309 0.8604
vn 0.7305 -0.3151 0.6059
vn 0.6895 -0.6742 0.2646
vn -0.2425 -0.8956 0.3728
vn -0.3624 -0.8319 0.4201
vn -0.1485 -0.8067 0.5719
vn 0.1146 -0.8023 0.5858
vn 0.0575 -0.8770 0.4770
vn 0.2109 0.8147 -0.5402
vn 0.4586 0.7332 -0.5021
vn 0.2767 0.8633 -0.4220
vn 0.5540 0.7804 -0.2898
vn 0.6517 0.6829 -0.3300
vn 0.4862 0.3472 -0.8019
vn -0.5223 0.5540 -0.6483
vn -0.4059 0.8693 -0.2820
vn 0.8096 0.5059 0.2975
vn 0.9921 0.1013 0.0737
vn -0.8096 -0.5059 -0.2975
vn -0.9921 -0.1013 -0.0737
vn -0.4862 -0.3472 0.8019
vn 0.5223 -0.5540 0.6483
vn 0.4059 -0.8693 0.2820
vn -0.5540 -0.7804 0.2898
vn -0.6517 -0.6829 0.3300
vn -0.4586 -0.7332 0.5021
vn -0.2109 -0.8147 0.5402
vn -0.2767 -0.8633 0.4220
vn 0.5408 0.0379 0.8403
vn 0.4090 -0.1839 0.8938
vn 0.4150 0.0530 0.9083
vn 0.1855 -0.1586 0.9698
vn 0.1758 -0.2985 0.9381
vn 0.6253 -0.5055 0.5946
vn 0.8577 0.4489 0.2505
vn 0.5206 0.6462 0.5581
vn -0.4856 -0.2813 0.8277
vn -0.3959 -0.7066 0.5864
vn 0.4856 0.2813 -0.8277
vn 0.3959 0.7067 -0.5864
vn -0.6253 0.5055 -0.5946
vn -0.8577 -0.4489 -0.2505
vn -0.5206 -0.6462 -0.5581
vn -0.1855 0.1586 -0.9698
vn -0.1758 0.2985 -0.9381
vn -0.4090 0.1839 -0.8938
vn -0.5408 -0.0379 -0.8403
vn -0.4150 -0.0530 -0.9083
vn 0.2018 0.6915 -0.6936
vn 0.4289 0.7082 -0.5609
vn 0.2054 0.7850 -0.5845
vn 0.4241 0.8318 -0.3582
vn 0.5495 0.7659 -0.3338
vn 0.6557 0.2955 -0.6948
vn -0.3551 0.1842 -0.9165
vn -0.4611 0.5954 -0.6579
vn 0.4976 0.8005 0.3341
vn 0.8394 0.4398 0.3195
vn -0.4976 -0.8005 -0.3341
vn -0.8394 -0.4398 -0.3195
vn -0.6557 -0.2955 0.6948
vn 0.3551 -0.1842 0.9165
vn 0.4611 -0.5954 0.6579
vn -0.4241 -0.8318 0.3582
vn -0.5495 -0.7659 0.3338
vn -0.4289 -0.7082 0.5609
vn -0.2018 -0.6915 0.6936
vn -0.2054 -0.7850 0.5845
vn 0.0547 -0.2944 0.9541
vn -0.1581 -0.1408 0.9773
vn 0.0787 -0.1560 0.9846
vn -0.1191 0.0932 0.9885
vn -0.2598 0.1018 0.9603
vn -0.5033 -0.4114 0.7599
vn 0.4218 -0.7818 0.4593
vn 0.6487 -0.3857 0.6561
vn -0.2185 0.7066 0.6730
vn -0.6587 0.5791 0.4804
vn 0.2185 -0.7066 -0.6730
vn 0.6587 -0.5791 -0.4804
vn 0.5033 0.4114 -0.7599
vn -0.4218 0.7818 -0.4593
vn -0.6487 0.3857 -0.6561
vn 0.1191 -0.0932 -0.9885
vn 0.2598 -0.1018 -0.9603
vn 0.1581 0.1408 -0.9773
vn -0.0547 0.2944 -0.9541
vn -0.0787 0.1560 -0.9846
vn -0.1278 -0.7432 0.6568
vn -0.3427 -0.6041 0.7195
vn -0.1115 -0.6425 0.7581
vn -0.3089 -0.4132 0.8566
vn -0.4416 -0.3786 0.8134
vn -0.6365 -0.6932 0.3381
vn 0.3330 -0.9415 0.0522
vn 0.5136 -0.7237 0.4610
vn -0.3517 0.2814 0.8928
vn -0.7450 0.3108 0.5902
vn 0.3517 -0.2814 -0.8928
vn 0.7450 -0.3108 -0.5902
vn 0.6365 0.6932 -0.3381
vn -0.3330 0.9415 -0.0522
vn -0.5136 0.7237 -0.4610
vn 0.3089 0.4132 -0.8566
vn 0.4416 0.3786 -0.8134
vn 0.3427 0.6041 -0.7195
vn 0.1278 0.7432 -0.6568
vn 0.1115 0.6425 -0.7581
vn -0.8261 -0.3119 0.4693
vn -0.9004 -0.0621 0.4306
vn -0.7906 -0.2179 0.5722
vn -0.8094 0.0996 0.5788
vn -0.8559 0.1930 0.4798
vn -0.9971 -0.0578 -0.0493
vn -0.4149 -0.8981 0.1461
vn -0.3192 -0.7301 0.6042
vn -0.4013 0.6619 0.6331
vn -0.5171 0.8363 0.1822
vn 0.4013 -0.6619 -0.6331
vn 0.5172 -0.8363 -0.1822
vn 0.9971 0.0578 0.0493
vn 0.4149 0.8981 -0.1461
vn 0.3192 0.7301 -0.6042
vn 0.8094 -0.0996 -0.5788
vn 0.8559 -0.1930 -0.4798
vn 0.9004 0.0621 -0.4306
vn 0.8261 0.3119 -0.4693
vn 0.7906 0.2179 -0.5722
vn -0.0497 -0.4817 0.8749
vn -0.2133 -0.2839 0.9348
vn 0.0103 -0.3639 0.9314
vn -0.1124 -0.0763 0.9907
vn -0.2448 -0.0245 0.9693
vn -0.6139 -0.4021 0.6793
vn 0.1825 -0.9419 0.2821
vn 0.5039 -0.6694 0.5459
vn -0.0339 0.5910 0.8060
vn -0.4875 0.6284 0.6061
vn 0.0339 -0.5910 -0.8060
vn 0.4875 -0.6284 -0.6061
vn 0.6139 0.4021 -0.6793
vn -0.1825 0.9419 -0.2821
vn -0.5039 0.6694 -0.5459
vn 0.1124 0.0763 -0.9907
vn 0.2448 0.0245 -0.9693
vn 0.2133 0.2839 -0.9348
vn 0.0497 0.4817 -0.8749
vn -0.0103 0.3639 -0.9314
vn 0.5317 -0.8469 0.0050
vn 0.2952 -0.9541 0.0498
vn 0.4919 -0.8589 0.1426
vn 0.2123 -0.9386 0.2718
vn 0.0872 -0.9737 0.2104
vn 0.0818 -0.9175 -0.3893
vn 0.8890 -0.2605 -0.3767
vn 0.9389 -0.3250 0.1138
vn -0.2868 -0.6746 0.6802
vn -0.6381 -0.6961 0.3291
vn 0.2868 0.6746 -0.6802
vn 0.6381 0.6961 -0.3291
vn -0.0818 0.9175 0.3893
vn -0.8890 0.2605 0.3767
vn -0.9389 0.3250 -0.1138
vn -0.2123 0.9386 -0.2718
vn -0.0872 0.9737 -0.2104
vn -0.2952 0.9541 -0.0498
vn -0.5317 0.8469 -0.0050
vn -0.4919 0.8589 -0.1426
vn -0.6478 -0.7414 0.1751
vn -0.8243 -0.5503 0.1329
vn -0.6882 -0.6650 0.2900
vn -0.8619 -0.3994 0.3123
vn -0.9240 -0.3191 0.2106
vn -0.7965 -0.4913 -0.3523
vn 0.0608 -0.9970 -0.0479
vn -0.0477 -0.9025 0.4280
vn -0.8093 0.2619 0.5258
vn -0.8881 0.4537 0.0740
vn 0.8093 -0.2619 -0.5258
vn 0.8881 -0.4537 -0.0740
vn 0.7965 0.4913 0.3523
vn -0.0608 0.9970 0.0479
vn 0.0477 0.9025 -0.4280
vn 0.8619 0.3994 -0.3123
vn 0.9240 0.3191 -0.2106
vn 0.8243 0.5503 -0.1329
vn 0.6478 0.7414 -0.1751
vn 0.6882 0.6650 -0.2900
vn 0.2745 -0.9205 0.2780
vn 0.0160 -0.9467 0.3218
vn 0.2278 -0.8837 0.4089
vn -0.0678 -0.8502 0.5220
vn -0.1953 -0.8673 0.4579
vn -0.1617 -0.9778 -0.1333
vn 0.7952 -0.5734 -0.1969
vn 0.8063 -0.5119 0.2963
vn -0.4891 -0.3653 0.7921
vn -0.8187 -0.3907 0.4208
vn 0.4891 0.3653 -0.7921
vn 0.8187 0.3907 -0.4208
vn 0.1617 0.9778 0.1333
vn -0.7952 0.5734 0.1969
vn -0.8063 0.5119 -0.2963
vn 0.0678 0.8502 -0.5220
vn 0.1953 0.8673 -0.4579
vn -0.0160 0.9467 -0.3218
vn -0.2745 0.9205 -0.2780
vn -0.2278 0.8837 -0.4089
vn -0.1602 -0.1778 -0.9709
vn -0.0080 0.0355 -0.9993
vn -0.2276 -0.0508 -0.9724
vn -0.1124 0.2456 -0.9628
vn 0.0230 0.2935 -0.9557
vn 0.4354 -0.1405 -0.8892
vn -0.2693 -0.8111 -0.5192
vn -0.6327 -0.4830 -0.6053
vn -0.1275 0.8164 -0.5633
vn 0.3601 0.8078 -0.4667
vn 0.1275 -0.8164 0.5633
vn -0.3601 -0.8077 0.4667
vn -0.4354 0.1405 0.8892
vn 0.2693 0.8111 0.5192
vn 0.6327 0.4830 0.6053
vn 0.1124 -0.2456 0.9628
vn -0.0230 -0.2935 0.9557
vn 0.0080 -0.0355 0.9993
vn 0.1602 0.1778 0.9709
vn 0.2276 0.0508 0.9724
vn 0.3626 -0.9319 -0.0035
vn 0.2332 -0.9459 0.2257
vn 0.4358 -0.8928 0.1139
vn 0.3388 -0.8453 0.4131
vn 0.2082 -0.8565 0.4723
vn -0.2330 -0.9693 0.0782
vn 0.3310 -0.6105 -0.7196
vn 0.7228 -0.5488 -0.4199
vn 0.2973 -0.3407 0.8919
vn -0.1992 -0.3512 0.9149
vn -0.2973 0.3407 -0.8919
vn 0.1992 0.3512 -0.9149
vn 0.2330 0.9693 -0.0782
vn -0.3310 0.6105 0.7196
vn -0.7228 0.5488 0.4199
vn -0.3388 0.8453 -0.4131
vn -0.2082 0.8565 -0.4723
vn -0.2332 0.9459 -0.2257
vn -0.3626 0.9319 0.0035
vn -0.4358 0.8928 -0.1139
vn -0.2116 -0.9730 0.0926
vn -0.4568 -0.8884 0.0460
vn -0.2890 -0.9346 0.2075
vn -0.5708 -0.7885 0.2288
vn -0.6598 -0.7408 0.1264
vn -0.4403 -0.7867 -0.4326
vn 0.5406 -0.8366 -0.0884
vn 0.3794 -0.8427 0.3819
vn -0.8562 -0.2025 0.4753
vn -0.9988 -0.0390 0.0281
vn 0.8562 0.2025 -0.4753
vn 0.9988 0.0390 -0.0281
vn 0.4403 0.7867 0.4326
vn -0.5406 0.8366 0.0884
vn -0.3795 0.8427 -0.3819
vn 0.5708 0.7885 -0.2288
vn 0.6598 0.7408 -0.1264
vn 0.4568 0.8884 -0.0460
vn 0.2116 0.9730 -0.0926
vn 0.2890 0.9346 -0.2075
vn 0.7276 -0.2574 0.6359
vn 0.5633 -0.4566 0.6886
vn 0.6307 -0.2347 0.7397
vn 0.3794 -0.4075 0.8307
vn 0.3281 -0.5321 0.7806
vn 0.6113 -0.7365 0.2898
vn 0.9762 0.2096 0.0552
vn 0.7867 0.3917 0.4772
vn -0.3147 -0.3655 0.8760
vn -0.3960 -0.7338 0.5521
vn 0.3147 0.3655 -0.8760
vn 0.3960 0.7338 -0.5521
vn -0.6113 0.7365 -0.2898
vn -0.9762 -0.2096 -0.0552
vn -0.7867 -0.3917 -0.4772
vn -0.3794 0.4075 -0.8307
vn -0.3281 0.5320 -0.7806
vn -0.5633 0.4566 -0.6886
vn -0.7276 0.2574 -0.6359
vn -0.6307 0.2347 -0.7397
vn 0.9681 -0.0300 0.2488
vn 0.9375 -0.2866 0.1972
vn 0.9266 -0.1129 0.3587
vn 0.8323 -0.4167 0.3657
vn 0.8181 -0.5130 0.2599
vn 0.9116 -0.2897 -0.2917
vn 0.7287 0.6844 0.0261
vn 0.6893 0.5277 0.4963
vn 0.2758 -0.8040 0.5268
vn 0.2135 -0.9748 0.0641
vn -0.2758 0.8040 -0.5268
vn -0.2135 0.9748 -0.0642
vn -0.9116 0.2897 0.2917
vn -0.7287 -0.6844 -0.0261
vn -0.6893 -0.5277 -0.4963
vn -0.8323 0.4167 -0.3657
vn -0.8181 0.5130 -0.2599
vn -0.9375 0.2866 -0.1972
vn -0.9681 0.0300 -0.2488
vn -0.9266 0.1129 -0.3587
vn 0.9679 0.0600 0.2440
vn 0.9583 -0.2003 0.2040
vn 0.9336 -0.0210 0.3577
vn 0.8644 -0.3308 0.3787
vn 0.8578 -0.4326 0.2774
vn 0.9315 -0.2273 -0.2841
vn 0.6705 0.7418 -0.0086
vn 0.6452 0.6037 0.4683
vn 0.3417 -0.7546 0.5602
vn 0.2924 -0.9504 0.1059
vn -0.3417 0.7546 -0.5602
vn -0.2924 0.9504 -0.1059
vn -0.9315 0.2273 0.2841
vn -0.6705 -0.7418 0.0086
vn -0.6452 -0.6037 -0.4683
vn -0.8644 0.3309 -0.3787
vn -0.8578 0.4326 -0.2774
vn -0.9583 0.2003 -0.2040
vn -0.9679 -0.0600 -0.2440
vn -0.9336 0.0210 -0.3577
vn -0.8401 0.4925 -0.2274
vn -0.6702 0.6861 -0.2829
vn -0.8056 0.5804 -0.1190
vn -0.5829 0.8066 -0.0979
vn -0.4860 0.8522 -0.1938
vn -0.4727 0.5310 -0.7032
vn -0.9250 -0.2883 -0.2477
vn -0.9849 -0.0273 0.1712
vn -0.0086 0.9645 0.2639
vn 0.2914 0.9474 -0.1322
vn 0.0086 -0.9645 -0.2639
vn -0.2914 -0.9474 0.1322
vn 0.4727 -0.5310 0.7032
vn 0.9250 0.2883 0.2477
vn 0.9849 0.0273 -0.1712
vn 0.5829 -0.8066 0.0979
vn 0.4860 -0.8522 0.1938
vn 0.6702 -0.6861 0.2829
vn 0.8401 -0.4925 0.2274
vn 0.8056 -0.5804 0.1190
vn 0.9630 -0.0196 -0.2688
vn 0.9203 -0.2797 -0.2734
vn 0.9852 -0.0903 -0.1456
vn 0.9185 -0.3903 -0.0633
vn 0.8569 -0.4967 -0.1380
vn 0.6534 -0.3319 -0.6804
vn 0.6177 0.6721 -0.4083
vn 0.8248 0.5645 0.0306
vn 0.5323 -0.7506 0.3913
vn 0.2533 -0.9665 0.0411
vn -0.5323 0.7506 -0.3913
vn -0.2533 0.9665 -0.0411
vn -0.6534 0.3319 0.6804
vn -0.6177 -0.6721 0.4083
vn -0.8248 -0.5645 -0.0306
vn -0.9185 0.3903 0.0633
vn -0.8569 0.4967 0.1380
vn -0.9203 0.2797 0.2734
vn -0.9630 0.0196 0.2688
vn -0.9852 0.0903 0.1456
vn -0.0122 -0.9999 0.0110
vn -0.2658 -0.9627 -0.0505
vn -0.1036 -0.9872 0.1213
vn -0.4104 -0.9029 0.1281
vn -0.4999 -0.8658 0.0219
vn -0.2374 -0.8215 -0.5184
vn 0.7064 -0.7012 -0.0964
vn 0.5177 -0.7775 0.3571
vn -0.8269 -0.4079 0.3871
vn -0.9688 -0.2407 -0.0591
vn 0.8269 0.4079 -0.3871
vn 0.9688 0.2407 0.0591
vn 0.2374 0.8215 0.5184
vn -0.7064 0.7012 0.0964
vn -0.5177 0.7775 -0.3571
vn 0.4104 0.9029 -0.1281
vn 0.4999 0.8658 -0.0219
vn 0.2658 0.9627 0.0505
vn 0.0122 0.9999 -0.0110
vn 0.1036 0.9872 -0.1213
vn 0.4799 -0.8763 -0.0427
vn 0.2366 -0.9677 -0.0865
vn 0.4031 -0.9122 0.0734
vn 0.0960 -0.9900 0.1036
vn -0.0083 -1.0000 0.0052
vn 0.1547 -0.8228 -0.5469
vn 0.9490 -0.2607 -0.1774
vn 0.8587 -0.4279 0.2820
vn -0.4873 -0.7688 0.4141
vn -0.7280 -0.6855 -0.0129
vn 0.4873 0.7688 -0.4141
vn 0.7280 0.6855 0.0129
vn -0.1547 0.8228 0.5469
vn -0.9490 0.2607 0.1774
vn -0.8587 0.4279 -0.2820
vn -0.0960 0.9900 -0.1036
vn 0.0083 1.0000 -0.0052
vn -0.2366 0.9677 0.0865
vn -0.4799 0.8763 0.0427
vn -0.4031 0.9122 -0.0734
vn 0.5578 -0.0010 -0.8300
vn 0.7250 -0.1338 -0.6756
vn 0.6516 0.0777 -0.7546
vn 0.8527 -0.0050 -0.5223
vn 0.8776 -0.1325 -0.4607
vn 0.5084 -0.5717 -0.6440
vn -0.2069 0.1094 -0.9722
vn 0.0991 0.4871 -0.8677
vn 0.9808 0.1244 0.1503
vn 0.8916 -0.3425 0.2962
vn -0.9808 -0.1244 -0.1503
vn -0.8916 0.3425 -0.2962
vn -0.5084 0.5717 0.6440
vn 0.2069 -0.1094 0.9722
vn -0.0991 -0.4871 0.8677
vn -0.8527 0.0050 0.5223
vn -0.8776 0.1325 0.4607
vn -0.7250 0.1338 0.6756
vn -0.5578 0.0010 0.8300
vn -0.6516 -0.0777 0.7546
vn 0.9236 0.3295 -0.1961
vn 0.9899 0.1392 -0.0262
vn 0.9286 0.3665 -0.0572
vn 0.9607 0.1881 0.2043
vn 0.9745 0.0459 0.2197
vn 0.9186 -0.2650 -0.2932
vn 0.4051 0.5124 -0.7572
vn 0.4766 0.8022 -0.3596
vn 0.6169 0.0203 0.7868
vn 0.5799 -0.4618 0.6711
vn -0.6169 -0.0203 -0.7868
vn -0.5799 0.4618 -0.6711
vn -0.9186 0.2650 0.2932
vn -0.4051 -0.5124 0.7572
vn -0.4766 -0.8022 0.3596
vn -0.9607 -0.1881 -0.2043
vn -0.9745 -0.0459 -0.2197
vn -0.9899 -0.1392 0.0262
vn -0.9236 -0.3295 0.1961
vn -0.9286 -0.3665 0.0572
vn 0.7951 -0.2255 0.5630
vn 0.6801 -0.4625 0.5688
vn 0.7006 -0.2482 0.6690
vn 0.4969 -0.4876 0.7179
vn 0.4712 -0.6062 0.6407
vn 0.7680 -0.6296 0.1171
vn 0.9100 0.4014 0.1037
vn 0.7060 0.4393 0.5555
vn -0.1871 -0.6103 0.7698
vn -0.2028 -0.9064 0.3707
vn 0.1871 0.6103 -0.7698
vn 0.2028 0.9064 -0.3707
vn -0.7680 0.6296 -0.1171
vn -0.9100 -0.4014 -0.1037
vn -0.7060 -0.4393 -0.5555
vn -0.4969 0.4876 -0.7179
vn -0.4712 0.6062 -0.6407
vn -0.6801 0.4625 -0.5688
vn -0.7951 0.2255 -0.5630
vn -0.7006 0.2482 -0.6690
vn 0.4004 0.7488 -0.5281
vn 0.5886 0.5700 -0.5733
vn 0.5084 0.7442 -0.4333
vn 0.7453 0.5346 -0.3984
vn 0.7771 0.4157 -0.4726
vn 0.3686 0.2684 -0.8900
vn -0.3739 0.8267 -0.4205
vn -0.0434 0.9950 -0.0895
vn 0.9950 0.0766 0.0636
vn 0.9199 -0.3177 -0.2298
vn -0.9950 -0.0766 -0.0636
vn -0.9199 0.3177 0.2298
vn -0.3686 -0.2684 0.8900
vn 0.3739 -0.8267 0.4205
vn 0.0434 -0.9950 0.0895
vn -0.7453 -0.5346 0.3984
vn -0.7771 -0.4157 0.4726
vn -0.5886 -0.5700 0.5733
vn -0.4004 -0.7488 0.5281
vn -0.5084 -0.7442 0.4333
vt 1.000000 0.500000
vt 1.000000 1.000000
vt 0.900000 1.000000
vt 0.900000 0.500000
vt 0.800000 1.000000
vt 0.800000 0.500000
vt 0.700000 1.000000
vt 0.700000 0.500000
vt 0.600000 1.000000
vt 0.600000 0.500000
vt 0.500000 1.000000
vt 0.500000 0.500000
vt 0.400000 1.000000
vt 0.400000 0.500000
vt 0.300000 1.000000
vt 0.300000 0.500000
vt 0.200000 1.000000
vt 0.200000 0.500000
vt 0.391068 0.444164
vt 0.250000 0.490000
vt 0.108932 0.444164
vt 0.021746 0.324164
vt 0.021746 0.175836
vt 0.108932 0.055836
vt 0.250000 0.010000
vt 0.391068 0.055836
vt 0.478254 0.175836
vt 0.478254 0.324164
vt 0.100000 1.000000
vt 0.100000 0.500000
vt -0.000000 1.000000
vt -0.000000 0.500000
vt 0.750000 0.490000
vt 0.891068 0.444164
vt 0.978254 0.324164
vt 0.978254 0.175836
vt 0.891068 0.055836
vt 0.750000 0.010000
vt 0.608932 0.055836
vt 0.521746 0.175836
vt 0.521746 0.324164
vt 0.608932 0.444164
vt 0.800000 1.000000
vt 0.800000 0.500000
vt 0.600000 1.000000
vt 0.600000 0.500000
vt 0.400000 1.000000
vt 0.400000 0.500000
vt 0.200000 1.000000
vt 0.200000 0.500000
vt 0.000000 1.000000
vt 0.000000 0.500000
vt 0.181819 0.000000
vt 0.272728 0.157461
vt 0.090910 0.157461
vt 0.363637 0.000000
vt 0.454546 0.157461
vt 0.909091 0.000000
vt 1.000000 0.157461
vt 0.818182 0.157461
vt 0.727273 0.000000
vt 0.636364 0.157461
vt 0.545455 0.000000
vt 0.363637 0.314921
vt 0.181819 0.314921
vt 0.909091 0.314921
vt 0.727273 0.314921
vt 0.545455 0.314921
vt 0.000000 0.314921
vt 0.272728 0.472382
vt 0.090910 0.472382
vt 0.818182 0.472382
vt 0.636364 0.472382
vt 0.454546 0.472382
s 0
usemtl rsc_soil
f 1/1/1 2/2/1 4/3/1 3/4/1
f 3/4/2 4/3/2 6/5/2 5/6/2
f 5/6/3 6/5/3 8/7/3 7/8/3
f 7/8/4 8/7/4 10/9/4 9/10/4
f 9/10/5 10/9/5 12/11/5 11/12/5
f 11/12/6 12/11/6 14/13/6 13/14/6
f 13/14/7 14/13/7 16/15/7 15/16/7
f 15/16/8 16/15/8 18/17/8 17/18/8
f 4/19/9 2/20/9 20/21/9 18/22/9 16/23/9 14/24/9 12/25/9 10/26/9 8/27/9 6/28/9
f 17/18/10 18/17/10 20/29/10 19/30/10
f 19/30/11 20/29/11 2/31/11 1/32/11
f 1/33/12 3/34/12 5/35/12 7/36/12 9/37/12 11/38/12 13/39/12 15/40/12 17/41/12 19/42/12
usemtl rsc_bark
f 21/1/13 22/2/13 24/43/13 23/44/13
f 23/44/14 24/43/14 26/45/14 25/46/14
f 25/46/15 26/45/15 28/47/15 27/48/15
f 24/28/16 22/20/16 30/22/16 28/24/16 26/26/16
f 27/48/17 28/47/17 30/49/17 29/50/17
f 29/50/18 30/49/18 22/51/18 21/52/18
f 21/33/19 23/35/19 25/37/19 27/39/19 29/41/19
f 31/1/20 32/2/20 34/43/20 33/44/20
f 33/44/21 34/43/21 36/45/21 35/46/21
f 35/46/22 36/45/22 38/47/22 37/48/22
f 34/28/23 32/20/23 40/22/23 38/24/23 36/26/23
f 37/48/24 38/47/24 40/49/24 39/50/24
f 39/50/25 40/49/25 32/51/25 31/52/25
f 31/33/26 33/35/26 35/37/26 37/39/26 39/41/26
f 41/1/27 42/2/27 44/43/27 43/44/27
f 43/44/28 44/43/28 46/45/28 45/46/28
f 45/46/29 46/45/29 48/47/29 47/48/29
f 44/28/30 42/20/30 50/22/30 48/24/30 46/26/30
f 47/48/31 48/47/31 50/49/31 49/50/31
f 49/50/32 50/49/32 42/51/32 41/52/32
f 41/33/33 43/35/33 45/37/33 47/39/33 49/41/33
f 51/1/34 52/2/34 54/43/34 53/44/34
f 53/44/35 54/43/35 56/45/35 55/46/35
f 55/46/36 56/45/36 58/47/36 57/48/36
f 54/28/37 52/20/37 60/22/37 58/24/37 56/26/37
f 57/48/38 58/47/38 60/49/38 59/50/38
f 59/50/39 60/49/39 52/51/39 51/52/39
f 51/33/40 53/35/40 55/37/40 57/39/40 59/41/40
f 61/1/41 62/2/41 64/43/41 63/44/41
f 63/44/42 64/43/42 66/45/42 65/46/42
f 65/46/43 66/45/43 68/47/43 67/48/43
f 64/28/44 62/20/44 70/22/44 68/24/44 66/26/44
f 67/48/45 68/47/45 70/49/45 69/50/45
f 69/50/46 70/49/46 62/51/46 61/52/46
f 61/33/47 63/35/47 65/37/47 67/39/47 69/41/47
f 71/1/48 72/2/48 74/43/48 73/44/48
f 73/44/49 74/43/49 76/45/49 75/46/49
f 75/46/50 76/45/50 78/47/50 77/48/50
f 74/28/51 72/20/51 80/22/51 78/24/51 76/26/51
f 77/48/52 78/47/52 80/49/52 79/50/52
f 79/50/53 80/49/53 72/51/53 71/52/53
f 71/33/54 73/35/54 75/37/54 77/39/54 79/41/54
f 81/1/55 82/2/55 84/43/55 83/44/55
f 83/44/56 84/43/56 86/45/56 85/46/56
f 85/46/57 86/45/57 88/47/57 87/48/57
f 84/28/58 82/20/58 90/22/58 88/24/58 86/26/58
f 87/48/59 88/47/59 90/49/59 89/50/59
f 89/50/60 90/49/60 82/51/60 81/52/60
f 81/33/61 83/35/61 85/37/61 87/39/61 89/41/61
f 91/1/62 92/2/62 94/43/62 93/44/62
f 93/44/63 94/43/63 96/45/63 95/46/63
f 95/46/64 96/45/64 98/47/64 97/48/64
f 94/28/65 92/20/65 100/22/65 98/24/65 96/26/65
f 97/48/66 98/47/66 100/49/66 99/50/66
f 99/50/67 100/49/67 92/51/67 91/52/67
f 91/33/68 93/35/68 95/37/68 97/39/68 99/41/68
f 101/1/69 102/2/69 104/43/69 103/44/69
f 103/44/70 104/43/70 106/45/70 105/46/70
f 105/46/71 106/45/71 108/47/71 107/48/71
f 104/28/72 102/20/72 110/22/72 108/24/72 106/26/72
f 107/48/73 108/47/73 110/49/73 109/50/73
f 109/50/74 110/49/74 102/51/74 101/52/74
f 101/33/75 103/35/75 105/37/75 107/39/75 109/41/75
f 111/1/76 112/2/76 114/43/76 113/44/76
f 113/44/77 114/43/77 116/45/77 115/46/77
f 115/46/78 116/45/78 118/47/78 117/48/78
f 114/28/79 112/20/79 120/22/79 118/24/79 116/26/79
f 117/48/80 118/47/80 120/49/80 119/50/80
f 119/50/81 120/49/81 112/51/81 111/52/81
f 111/33/82 113/35/82 115/37/82 117/39/82 119/41/82
f 121/1/83 122/2/83 124/43/83 123/44/83
f 123/44/84 124/43/84 126/45/84 125/46/84
f 125/46/85 126/45/85 128/47/85 127/48/85
f 124/28/86 122/20/86 130/22/86 128/24/86 126/26/86
f 127/48/87 128/47/87 130/49/87 129/50/87
f 129/50/88 130/49/88 122/51/88 121/52/88
f 121/33/89 123/35/89 125/37/89 127/39/89 129/41/89
f 131/1/90 132/2/90 134/43/90 133/44/90
f 133/44/91 134/43/91 136/45/91 135/46/91
f 135/46/92 136/45/92 138/47/92 137/48/92
f 134/28/93 132/20/93 140/22/93 138/24/93 136/26/93
f 137/48/94 138/47/94 140/49/94 139/50/94
f 139/50/95 140/49/95 132/51/95 131/52/95
f 131/33/96 133/35/96 135/37/96 137/39/96 139/41/96
f 141/1/97 142/2/97 144/43/97 143/44/97
f 143/44/98 144/43/98 146/45/98 145/46/98
f 145/46/99 146/45/99 148/47/99 147/48/99
f 144/28/100 142/20/100 150/22/100 148/24/100 146/26/100
f 147/48/101 148/47/101 150/49/101 149/50/101
f 149/50/102 150/49/102 142/51/102 141/52/102
f 141/33/103 143/35/103 145/37/103 147/39/103 149/41/103
f 151/1/104 152/2/104 154/43/104 153/44/104
f 153/44/105 154/43/105 156/45/105 155/46/105
f 155/46/106 156/45/106 158/47/106 157/48/106
f 154/28/107 152/20/107 160/22/107 158/24/107 156/26/107
f 157/48/108 158/47/108 160/49/108 159/50/108
f 159/50/109 160/49/109 152/51/109 151/52/109
f 151/33/110 153/35/110 155/37/110 157/39/110 159/41/110
f 161/1/111 162/2/111 164/43/111 163/44/111
f 163/44/112 164/43/112 166/45/112 165/46/112
f 165/46/113 166/45/113 168/47/113 167/48/113
f 164/28/9 162/20/9 170/22/9 168/24/9 166/26/9
f 167/48/114 168/47/114 170/49/114 169/50/114
f 169/50/115 170/49/115 162/51/115 161/52/115
f 161/33/12 163/35/12 165/37/12 167/39/12 169/41/12
usemtl rsc_leaf_light
f 171/53/116 172/54/116 173/55/116
f 172/54/117 171/56/117 176/57/117
f 171/58/118 173/59/118 174/60/118
f 171/61/119 174/60/119 175/62/119
f 171/63/120 175/62/120 176/57/120
f 172/54/121 176/57/121 181/64/121
f 173/55/122 172/54/122 177/65/122
f 174/60/123 173/59/123 178/66/123
f 175/62/124 174/60/124 179/67/124
f 176/57/125 175/62/125 180/68/125
f 172/54/126 181/64/126 177/65/126
f 173/55/127 177/65/127 178/69/127
f 174/60/128 178/66/128 179/67/128
f 175/62/129 179/67/129 180/68/129
f 176/57/130 180/68/130 181/64/130
f 177/65/131 181/64/131 182/70/131
f 178/69/132 177/65/132 182/71/132
f 179/67/133 178/66/133 182/72/133
f 180/68/134 179/67/134 182/73/134
f 181/64/135 180/68/135 182/74/135
f 219/53/196 220/54/196 221/55/196
f 220/54/197 219/56/197 224/57/197
f 219/58/198 221/59/198 222/60/198
f 219/61/199 222/60/199 223/62/199
f 219/63/200 223/62/200 224/57/200
f 220/54/201 224/57/201 229/64/201
f 221/55/202 220/54/202 225/65/202
f 222/60/203 221/59/203 226/66/203
f 223/62/204 222/60/204 227/67/204
f 224/57/205 223/62/205 228/68/205
f 220/54/206 229/64/206 225/65/206
f 221/55/207 225/65/207 226/69/207
f 222/60/208 226/66/208 227/67/208
f 223/62/209 227/67/209 228/68/209
f 224/57/210 228/68/210 229/64/210
f 225/65/211 229/64/211 230/70/211
f 226/69/212 225/65/212 230/71/212
f 227/67/213 226/66/213 230/72/213
f 228/68/214 227/67/214 230/73/214
f 229/64/215 228/68/215 230/74/215
f 267/53/276 268/54/276 269/55/276
f 268/54/277 267/56/277 272/57/277
f 267/58/278 269/59/278 270/60/278
f 267/61/279 270/60/279 271/62/279
f 267/63/280 271/62/280 272/57/280
f 268/54/281 272/57/281 277/64/281
f 269/55/282 268/54/282 273/65/282
f 270/60/283 269/59/283 274/66/283
f 271/62/284 270/60/284 275/67/284
f 272/57/285 271/62/285 276/68/285
f 268/54/286 277/64/286 273/65/286
f 269/55/287 273/65/287 274/69/287
f 270/60/288 274/66/288 275/67/288
f 271/62/289 275/67/289 276/68/289
f 272/57/290 276/68/290 277/64/290
f 273/65/291 277/64/291 278/70/291
f 274/69/292 273/65/292 278/71/292
f 275/67/293 274/66/293 278/72/293
f 276/68/294 275/67/294 278/73/294
f 277/64/295 276/68/295 278/74/295
f 315/53/356 316/54/356 317/55/356
f 316/54/357 315/56/357 320/57/357
f 315/58/358 317/59/358 318/60/358
f 315/61/359 318/60/359 319/62/359
f 315/63/360 319/62/360 320/57/360
f 316/54/361 320/57/361 325/64/361
f 317/55/362 316/54/362 321/65/362
f 318/60/363 317/59/363 322/66/363
f 319/62/364 318/60/364 323/67/364
f 320/57/365 319/62/365 324/68/365
f 316/54/366 325/64/366 321/65/366
f 317/55/367 321/65/367 322/69/367
f 318/60/368 322/66/368 323/67/368
f 319/62/369 323/67/369 324/68/369
f 320/57/370 324/68/370 325/64/370
f 321/65/371 325/64/371 326/70/371
f 322/69/372 321/65/372 326/71/372
f 323/67/373 322/66/373 326/72/373
f 324/68/374 323/67/374 326/73/374
f 325/64/375 324/68/375 326/74/375
f 363/53/436 364/54/436 365/55/436
f 364/54/437 363/56/437 368/57/437
f 363/58/438 365/59/438 366/60/438
f 363/61/439 366/60/439 367/62/439
f 363/63/440 367/62/440 368/57/440
f 364/54/441 368/57/441 373/64/441
f 365/55/442 364/54/442 369/65/442
f 366/60/443 365/59/443 370/66/443
f 367/62/444 366/60/444 371/67/444
f 368/57/445 367/62/445 372/68/445
f 364/54/446 373/64/446 369/65/446
f 365/55/447 369/65/447 370/69/447
f 366/60/448 370/66/448 371/67/448
f 367/62/449 371/67/449 372/68/449
f 368/57/450 372/68/450 373/64/450
f 369/65/451 373/64/451 374/70/451
f 370/69/452 369/65/452 374/71/452
f 371/67/453 370/66/453 374/72/453
f 372/68/454 371/67/454 374/73/454
f 373/64/455 372/68/455 374/74/455
f 411/53/516 412/54/516 413/55/516
f 412/54/517 411/56/517 416/57/517
f 411/58/518 413/59/518 414/60/518
f 411/61/519 414/60/519 415/62/519
f 411/63/520 415/62/520 416/57/520
f 412/54/521 416/57/521 421/64/521
f 413/55/522 412/54/522 417/65/522
f 414/60/523 413/59/523 418/66/523
f 415/62/524 414/60/524 419/67/524
f 416/57/525 415/62/525 420/68/525
f 412/54/526 421/64/526 417/65/526
f 413/55/527 417/65/527 418/69/527
f 414/60/528 418/66/528 419/67/528
f 415/62/529 419/67/529 420/68/529
f 416/57/530 420/68/530 421/64/530
f 417/65/531 421/64/531 422/70/531
f 418/69/532 417/65/532 422/71/532
f 419/67/533 418/66/533 422/72/533
f 420/68/534 419/67/534 422/73/534
f 421/64/535 420/68/535 422/74/535
f 459/53/596 460/54/596 461/55/596
f 460/54/597 459/56/597 464/57/597
f 459/58/598 461/59/598 462/60/598
f 459/61/599 462/60/599 463/62/599
f 459/63/600 463/62/600 464/57/600
f 460/54/601 464/57/601 469/64/601
f 461/55/602 460/54/602 465/65/602
f 462/60/603 461/59/603 466/66/603
f 463/62/604 462/60/604 467/67/604
f 464/57/605 463/62/605 468/68/605
f 460/54/606 469/64/606 465/65/606
f 461/55/607 465/65/607 466/69/607
f 462/60/608 466/66/608 467/67/608
f 463/62/609 467/67/609 468/68/609
f 464/57/610 468/68/610 469/64/610
f 465/65/611 469/64/611 470/70/611
f 466/69/612 465/65/612 470/71/612
f 467/67/613 466/66/613 470/72/613
f 468/68/614 467/67/614 470/73/614
f 469/64/615 468/68/615 470/74/615
f 507/53/676 508/54/676 509/55/676
f 508/54/677 507/56/677 512/57/677
f 507/58/678 509/59/678 510/60/678
f 507/61/679 510/60/679 511/62/679
f 507/63/680 511/62/680 512/57/680
f 508/54/681 512/57/681 517/64/681
f 509/55/682 508/54/682 513/65/682
f 510/60/683 509/59/683 514/66/683
f 511/62/684 510/60/684 515/67/684
f 512/57/685 511/62/685 516/68/685
f 508/54/686 517/64/686 513/65/686
f 509/55/687 513/65/687 514/69/687
f 510/60/688 514/66/688 515/67/688
f 511/62/689 515/67/689 516/68/689
f 512/57/690 516/68/690 517/64/690
f 513/65/691 517/64/691 518/70/691
f 514/69/692 513/65/692 518/71/692
f 515/67/693 514/66/693 518/72/693
f 516/68/694 515/67/694 518/73/694
f 517/64/695 516/68/695 518/74/695
f 555/53/756 556/54/756 557/55/756
f 556/54/757 555/56/757 560/57/757
f 555/58/758 557/59/758 558/60/758
f 555/61/759 558/60/759 559/62/759
f 555/63/760 559/62/760 560/57/760
f 556/54/761 560/57/761 565/64/761
f 557/55/762 556/54/762 561/65/762
f 558/60/763 557/59/763 562/66/763
f 559/62/764 558/60/764 563/67/764
f 560/57/765 559/62/765 564/68/765
f 556/54/766 565/64/766 561/65/766
f 557/55/767 561/65/767 562/69/767
f 558/60/768 562/66/768 563/67/768
f 559/62/769 563/67/769 564/68/769
f 560/57/770 564/68/770 565/64/770
f 561/65/771 565/64/771 566/70/771
f 562/69/772 561/65/772 566/71/772
f 563/67/773 562/66/773 566/72/773
f 564/68/774 563/67/774 566/73/774
f 565/64/775 564/68/775 566/74/775
f 603/53/836 604/54/836 605/55/836
f 604/54/837 603/56/837 608/57/837
f 603/58/838 605/59/838 606/60/838
f 603/61/839 606/60/839 607/62/839
f 603/63/840 607/62/840 608/57/840
f 604/54/841 608/57/841 613/64/841
f 605/55/842 604/54/842 609/65/842
f 606/60/843 605/59/843 610/66/843
f 607/62/844 606/60/844 611/67/844
f 608/57/845 607/62/845 612/68/845
f 604/54/846 613/64/846 609/65/846
f 605/55/847 609/65/847 610/69/847
f 606/60/848 610/66/848 611/67/848
f 607/62/849 611/67/849 612/68/849
f 608/57/850 612/68/850 613/64/850
f 609/65/851 613/64/851 614/70/851
f 610/69/852 609/65/852 614/71/852
f 611/67/853 610/66/853 614/72/853
f 612/68/854 611/67/854 614/73/854
f 613/64/855 612/68/855 614/74/855
f 651/53/916 652/54/916 653/55/916
f 652/54/917 651/56/917 656/57/917
f 651/58/918 653/59/918 654/60/918
f 651/61/919 654/60/919 655/62/919
f 651/63/920 655/62/920 656/57/920
f 652/54/921 656/57/921 661/64/921
f 653/55/922 652/54/922 657/65/922
f 654/60/923 653/59/923 658/66/923
f 655/62/924 654/60/924 659/67/924
f 656/57/925 655/62/925 660/68/925
f 652/54/926 661/64/926 657/65/926
f 653/55/927 657/65/927 658/69/927
f 654/60/928 658/66/928 659/67/928
f 655/62/929 659/67/929 660/68/929
f 656/57/930 660/68/930 661/64/930
f 657/65/931 661/64/931 662/70/931
f 658/69/932 657/65/932 662/71/932
f 659/67/933 658/66/933 662/72/933
f 660/68/934 659/67/934 662/73/934
f 661/64/935 660/68/935 662/74/935
f 699/53/996 700/54/996 701/55/996
f 700/54/997 699/56/997 704/57/997
f 699/58/998 701/59/998 702/60/998
f 699/61/999 702/60/999 703/62/999
f 699/63/1000 703/62/1000 704/57/1000
f 700/54/1001 704/57/1001 709/64/1001
f 701/55/1002 700/54/1002 705/65/1002
f 702/60/1003 701/59/1003 706/66/1003
f 703/62/1004 702/60/1004 707/67/1004
f 704/57/1005 703/62/1005 708/68/1005
f 700/54/1006 709/64/1006 705/65/1006
f 701/55/1007 705/65/1007 706/69/1007
f 702/60/1008 706/66/1008 707/67/1008
f 703/62/1009 707/67/1009 708/68/1009
f 704/57/1010 708/68/1010 709/64/1010
f 705/65/1011 709/64/1011 710/70/1011
f 706/69/1012 705/65/1012 710/71/1012
f 707/67/1013 706/66/1013 710/72/1013
f 708/68/1014 707/67/1014 710/73/1014
f 709/64/1015 708/68/1015 710/74/1015
f 747/53/1076 748/54/1076 749/55/1076
f 748/54/1077 747/56/1077 752/57/1077
f 747/58/1078 749/59/1078 750/60/1078
f 747/61/1079 750/60/1079 751/62/1079
f 747/63/1080 751/62/1080 752/57/1080
f 748/54/1081 752/57/1081 757/64/1081
f 749/55/1082 748/54/1082 753/65/1082
f 750/60/1083 749/59/1083 754/66/1083
f 751/62/1084 750/60/1084 755/67/1084
f 752/57/1085 751/62/1085 756/68/1085
f 748/54/1086 757/64/1086 753/65/1086
f 749/55/1087 753/65/1087 754/69/1087
f 750/60/1088 754/66/1088 755/67/1088
f 751/62/1089 755/67/1089 756/68/1089
f 752/57/1090 756/68/1090 757/64/1090
f 753/65/1091 757/64/1091 758/70/1091
f 754/69/1092 753/65/1092 758/71/1092
f 755/67/1093 754/66/1093 758/72/1093
f 756/68/1094 755/67/1094 758/73/1094
f 757/64/1095 756/68/1095 758/74/1095
f 795/53/1156 796/54/1156 797/55/1156
f 796/54/1157 795/56/1157 800/57/1157
f 795/58/1158 797/59/1158 798/60/1158
f 795/61/1159 798/60/1159 799/62/1159
f 795/63/1160 799/62/1160 800/57/1160
f 796/54/1161 800/57/1161 805/64/1161
f 797/55/1162 796/54/1162 801/65/1162
f 798/60/1163 797/59/1163 802/66/1163
f 799/62/1164 798/60/1164 803/67/1164
f 800/57/1165 799/62/1165 804/68/1165
f 796/54/1166 805/64/1166 801/65/1166
f 797/55/1167 801/65/1167 802/69/1167
f 798/60/1168 802/66/1168 803/67/1168
f 799/62/1169 803/67/1169 804/68/1169
f 800/57/1170 804/68/1170 805/64/1170
f 801/65/1171 805/64/1171 806/70/1171
f 802/69/1172 801/65/1172 806/71/1172
f 803/67/1173 802/66/1173 806/72/1173
f 804/68/1174 803/67/1174 806/73/1174
f 805/64/1175 804/68/1175 806/74/1175
f 843/53/1236 844/54/1236 845/55/1236
f 844/54/1237 843/56/1237 848/57/1237
f 843/58/1238 845/59/1238 846/60/1238
f 843/61/1239 846/60/1239 847/62/1239
f 843/63/1240 847/62/1240 848/57/1240
f 844/54/1241 848/57/1241 853/64/1241
f 845/55/1242 844/54/1242 849/65/1242
f 846/60/1243 845/59/1243 850/66/1243
f 847/62/1244 846/60/1244 851/67/1244
f 848/57/1245 847/62/1245 852/68/1245
f 844/54/1246 853/64/1246 849/65/1246
f 845/55/1247 849/65/1247 850/69/1247
f 846/60/1248 850/66/1248 851/67/1248
f 847/62/1249 851/67/1249 852/68/1249
f 848/57/1250 852/68/1250 853/64/1250
f 849/65/1251 853/64/1251 854/70/1251
f 850/69/1252 849/65/1252 854/71/1252
f 851/67/1253 850/66/1253 854/72/1253
f 852/68/1254 851/67/1254 854/73/1254
f 853/64/1255 852/68/1255 854/74/1255
f 879/53/1296 880/54/1296 881/55/1296
f 880/54/1297 879/56/1297 884/57/1297
f 879/58/1298 881/59/1298 882/60/1298
f 879/61/1299 882/60/1299 883/62/1299
f 879/63/1300 883/62/1300 884/57/1300
f 880/54/1301 884/57/1301 889/64/1301
f 881/55/1302 880/54/1302 885/65/1302
f 882/60/1303 881/59/1303 886/66/1303
f 883/62/1304 882/60/1304 887/67/1304
f 884/57/1305 883/62/1305 888/68/1305
f 880/54/1306 889/64/1306 885/65/1306
f 881/55/1307 885/65/1307 886/69/1307
f 882/60/1308 886/66/1308 887/67/1308
f 883/62/1309 887/67/1309 888/68/1309
f 884/57/1310 888/68/1310 889/64/1310
f 885/65/1311 889/64/1311 890/70/1311
f 886/69/1312 885/65/1312 890/71/1312
f 887/67/1313 886/66/1313 890/72/1313
f 888/68/1314 887/67/1314 890/73/1314
f 889/64/1315 888/68/1315 890/74/1315
f 915/53/1356 916/54/1356 917/55/1356
f 916/54/1357 915/56/1357 920/57/1357
f 915/58/1358 917/59/1358 918/60/1358
f 915/61/1359 918/60/1359 919/62/1359
f 915/63/1360 919/62/1360 920/57/1360
f 916/54/1361 920/57/1361 925/64/1361
f 917/55/1362 916/54/1362 921/65/1362
f 918/60/1363 917/59/1363 922/66/1363
f 919/62/1364 918/60/1364 923/67/1364
f 920/57/1365 919/62/1365 924/68/1365
f 916/54/1366 925/64/1366 921/65/1366
f 917/55/1367 921/65/1367 922/69/1367
f 918/60/1368 922/66/1368 923/67/1368
f 919/62/1369 923/67/1369 924/68/1369
f 920/57/1370 924/68/1370 925/64/1370
f 921/65/1371 925/64/1371 926/70/1371
f 922/69/1372 921/65/1372 926/71/1372
f 923/67/1373 922/66/1373 926/72/1373
f 924/68/1374 923/67/1374 926/73/1374
f 925/64/1375 924/68/1375 926/74/1375
usemtl rsc_leaf
f 183/53/136 184/54/136 185/55/136
f 184/54/137 183/56/137 188/57/137
f 183/58/138 185/59/138 186/60/138
f 183/61/139 186/60/139 187/62/139
f 183/63/140 187/62/140 188/57/140
f 184/54/141 188/57/141 193/64/141
f 185/55/142 184/54/142 189/65/142
f 186/60/143 185/59/143 190/66/143
f 187/62/144 186/60/144 191/67/144
f 188/57/145 187/62/145 192/68/145
f 184/54/146 193/64/146 189/65/146
f 185/55/147 189/65/147 190/69/147
f 186/60/148 190/66/148 191/67/148
f 187/62/149 191/67/149 192/68/149
f 188/57/150 192/68/150 193/64/150
f 189/65/151 193/64/151 194/70/151
f 190/69/152 189/65/152 194/71/152
f 191/67/153 190/66/153 194/72/153
f 192/68/154 191/67/154 194/73/154
f 193/64/155 192/68/155 194/74/155
f 195/53/156 196/54/156 197/55/156
f 196/54/157 195/56/157 200/57/157
f 195/58/158 197/59/158 198/60/158
f 195/61/159 198/60/159 199/62/159
f 195/63/160 199/62/160 200/57/160
f 196/54/161 200/57/161 205/64/161
f 197/55/162 196/54/162 201/65/162
f 198/60/163 197/59/163 202/66/163
f 199/62/164 198/60/164 203/67/164
f 200/57/165 199/62/165 204/68/165
f 196/54/166 205/64/166 201/65/166
f 197/55/167 201/65/167 202/69/167
f 198/60/168 202/66/168 203/67/168
f 199/62/169 203/67/169 204/68/169
f 200/57/170 204/68/170 205/64/170
f 201/65/171 205/64/171 206/70/171
f 202/69/172 201/65/172 206/71/172
f 203/67/173 202/66/173 206/72/173
f 204/68/174 203/67/174 206/73/174
f 205/64/175 204/68/175 206/74/175
f 207/53/176 208/54/176 209/55/176
f 208/54/177 207/56/177 212/57/177
f 207/58/178 209/59/178 210/60/178
f 207/61/179 210/60/179 211/62/179
f 207/63/180 211/62/180 212/57/180
f 208/54/181 212/57/181 217/64/181
f 209/55/182 208/54/182 213/65/182
f 210/60/183 209/59/183 214/66/183
f 211/62/184 210/60/184 215/67/184
f 212/57/185 211/62/185 216/68/185
f 208/54/186 217/64/186 213/65/186
f 209/55/187 213/65/187 214/69/187
f 210/60/188 214/66/188 215/67/188
f 211/62/189 215/67/189 216/68/189
f 212/57/190 216/68/190 217/64/190
f 213/65/191 217/64/191 218/70/191
f 214/69/192 213/65/192 218/71/192
f 215/67/193 214/66/193 218/72/193
f 216/68/194 215/67/194 218/73/194
f 217/64/195 216/68/195 218/74/195
f 231/53/216 232/54/216 233/55/216
f 232/54/217 231/56/217 236/57/217
f 231/58/218 233/59/218 234/60/218
f 231/61/219 234/60/219 235/62/219
f 231/63/220 235/62/220 236/57/220
f 232/54/221 236/57/221 241/64/221
f 233/55/222 232/54/222 237/65/222
f 234/60/223 233/59/223 238/66/223
f 235/62/224 234/60/224 239/67/224
f 236/57/225 235/62/225 240/68/225
f 232/54/226 241/64/226 237/65/226
f 233/55/227 237/65/227 238/69/227
f 234/60/228 238/66/228 239/67/228
f 235/62/229 239/67/229 240/68/229
f 236/57/230 240/68/230 241/64/230
f 237/65/231 241/64/231 242/70/231
f 238/69/232 237/65/232 242/71/232
f 239/67/233 238/66/233 242/72/233
f 240/68/234 239/67/234 242/73/234
f 241/64/235 240/68/235 242/74/235
f 243/53/236 244/54/236 245/55/236
f 244/54/237 243/56/237 248/57/237
f 243/58/238 245/59/238 246/60/238
f 243/61/239 246/60/239 247/62/239
f 243/63/240 247/62/240 248/57/240
f 244/54/241 248/57/241 253/64/241
f 245/55/242 244/54/242 249/65/242
f 246/60/243 245/59/243 250/66/243
f 247/62/244 246/60/244 251/67/244
f 248/57/245 247/62/245 252/68/245
f 244/54/246 253/64/246 249/65/246
f 245/55/247 249/65/247 250/69/247
f 246/60/248 250/66/248 251/67/248
f 247/62/249 251/67/249 252/68/249
f 248/57/250 252/68/250 253/64/250
f 249/65/251 253/64/251 254/70/251
f 250/69/252 249/65/252 254/71/252
f 251/67/253 250/66/253 254/72/253
f 252/68/254 251/67/254 254/73/254
f 253/64/255 252/68/255 254/74/255
f 255/53/256 256/54/256 257/55/256
f 256/54/257 255/56/257 260/57/257
f 255/58/258 257/59/258 258/60/258
f 255/61/259 258/60/259 259/62/259
f 255/63/260 259/62/260 260/57/260
f 256/54/261 260/57/261 265/64/261
f 257/55/262 256/54/262 261/65/262
f 258/60/263 257/59/263 262/66/263
f 259/62/264 258/60/264 263/67/264
f 260/57/265 259/62/265 264/68/265
f 256/54/266 265/64/266 261/65/266
f 257/55/267 261/65/267 262/69/267
f 258/60/268 262/66/268 263/67/268
f 259/62/269 263/67/269 264/68/269
f 260/57/270 264/68/270 265/64/270
f 261/65/271 265/64/271 266/70/271
f 262/69/272 261/65/272 266/71/272
f 263/67/273 262/66/273 266/72/273
f 264/68/274 263/67/274 266/73/274
f 265/64/275 264/68/275 266/74/275
f 279/53/296 280/54/296 281/55/296
f 280/54/297 279/56/297 284/57/297
f 279/58/298 281/59/298 282/60/298
f 279/61/299 282/60/299 283/62/299
f 279/63/300 283/62/300 284/57/300
f 280/54/301 284/57/301 289/64/301
f 281/55/302 280/54/302 285/65/302
f 282/60/303 281/59/303 286/66/303
f 283/62/304 282/60/304 287/67/304
f 284/57/305 283/62/305 288/68/305
f 280/54/306 289/64/306 285/65/306
f 281/55/307 285/65/307 286/69/307
f 282/60/308 286/66/308 287/67/308
f 283/62/309 287/67/309 288/68/309
f 284/57/310 288/68/310 289/64/310
f 285/65/311 289/64/311 290/70/311
f 286/69/312 285/65/312 290/71/312
f 287/67/313 286/66/313 290/72/313
f 288/68/314 287/67/314 290/73/314
f 289/64/315 288/68/315 290/74/315
f 291/53/316 292/54/316 293/55/316
f 292/54/317 291/56/317 296/57/317
f 291/58/318 293/59/318 294/60/318
f 291/61/319 294/60/319 295/62/319
f 291/63/320 295/62/320 296/57/320
f 292/54/321 296/57/321 301/64/321
f 293/55/322 292/54/322 297/65/322
f 294/60/323 293/59/323 298/66/323
f 295/62/324 294/60/324 299/67/324
f 296/57/325 295/62/325 300/68/325
f 292/54/326 301/64/326 297/65/326
f 293/55/327 297/65/327 298/69/327
f 294/60/328 298/66/328 299/67/328
f 295/62/329 299/67/329 300/68/329
f 296/57/330 300/68/330 301/64/330
f 297/65/331 301/64/331 302/70/331
f 298/69/332 297/65/332 302/71/332
f 299/67/333 298/66/333 302/72/333
f 300/68/334 299/67/334 302/73/334
f 301/64/335 300/68/335 302/74/335
f 303/53/336 304/54/336 305/55/336
f 304/54/337 303/56/337 308/57/337
f 303/58/338 305/59/338 306/60/338
f 303/61/339 306/60/339 307/62/339
f 303/63/340 307/62/340 308/57/340
f 304/54/341 308/57/341 313/64/341
f 305/55/342 304/54/342 309/65/342
f 306/60/343 305/59/343 310/66/343
f 307/62/344 306/60/344 311/67/344
f 308/57/345 307/62/345 312/68/345
f 304/54/346 313/64/346 309/65/346
f 305/55/347 309/65/347 310/69/347
f 306/60/348 310/66/348 311/67/348
f 307/62/349 311/67/349 312/68/349
f 308/57/350 312/68/350 313/64/350
f 309/65/351 313/64/351 314/70/351
f 310/69/352 309/65/352 314/71/352
f 311/67/353 310/66/353 314/72/353
f 312/68/354 311/67/354 314/73/354
f 313/64/355 312/68/355 314/74/355
f 327/53/376 328/54/376 329/55/376
f 328/54/377 327/56/377 332/57/377
f 327/58/378 329/59/378 330/60/378
f 327/61/379 330/60/379 331/62/379
f 327/63/380 331/62/380 332/57/380
f 328/54/381 332/57/381 337/64/381
f 329/55/382 328/54/382 333/65/382
f 330/60/383 329/59/383 334/66/383
f 331/62/384 330/60/384 335/67/384
f 332/57/385 331/62/385 336/68/385
f 328/54/386 337/64/386 333/65/386
f 329/55/387 333/65/387 334/69/387
f 330/60/388 334/66/388 335/67/388
f 331/62/389 335/67/389 336/68/389
f 332/57/390 336/68/390 337/64/390
f 333/65/391 337/64/391 338/70/391
f 334/69/392 333/65/392 338/71/392
f 335/67/393 334/66/393 338/72/393
f 336/68/394 335/67/394 338/73/394
f 337/64/395 336/68/395 338/74/395
f 339/53/396 340/54/396 341/55/396
f 340/54/397 339/56/397 344/57/397
f 339/58/398 341/59/398 342/60/398
f 339/61/399 342/60/399 343/62/399
f 339/63/400 343/62/400 344/57/400
f 340/54/401 344/57/401 349/64/401
f 341/55/402 340/54/402 345/65/402
f 342/60/403 341/59/403 346/66/403
f 343/62/404 342/60/404 347/67/404
f 344/57/405 343/62/405 348/68/405
f 340/54/406 349/64/406 345/65/406
f 341/55/407 345/65/407 346/69/407
f 342/60/408 346/66/408 347/67/408
f 343/62/409 347/67/409 348/68/409
f 344/57/410 348/68/410 349/64/410
f 345/65/411 349/64/411 350/70/411
f 346/69/412 345/65/412 350/71/412
f 347/67/413 346/66/413 350/72/413
f 348/68/414 347/67/414 350/73/414
f 349/64/415 348/68/415 350/74/415
f 351/53/416 352/54/416 353/55/416
f 352/54/417 351/56/417 356/57/417
f 351/58/418 353/59/418 354/60/418
f 351/61/419 354/60/419 355/62/419
f 351/63/420 355/62/420 356/57/420
f 352/54/421 356/57/421 361/64/421
f 353/55/422 352/54/422 357/65/422
f 354/60/423 353/59/423 358/66/423
f 355/62/424 354/60/424 359/67/424
f 356/57/425 355/62/425 360/68/425
f 352/54/426 361/64/426 357/65/426
f 353/55/427 357/65/427 358/69/427
f 354/60/428 358/66/428 359/67/428
f 355/62/429 359/67/429 360/68/429
f 356/57/430 360/68/430 361/64/430
f 357/65/431 361/64/431 362/70/431
f 358/69/432 357/65/432 362/71/432
f 359/67/433 358/66/433 362/72/433
f 360/68/434 359/67/434 362/73/434
f 361/64/435 360/68/435 362/74/435
f 375/53/456 376/54/456 377/55/456
f 376/54/457 375/56/457 380/57/457
f 375/58/458 377/59/458 378/60/458
f 375/61/459 378/60/459 379/62/459
f 375/63/460 379/62/460 380/57/460
f 376/54/461 380/57/461 385/64/461
f 377/55/462 376/54/462 381/65/462
f 378/60/463 377/59/463 382/66/463
f 379/62/464 378/60/464 383/67/464
f 380/57/465 379/62/465 384/68/465
f 376/54/466 385/64/466 381/65/466
f 377/55/467 381/65/467 382/69/467
f 378/60/468 382/66/468 383/67/468
f 379/62/469 383/67/469 384/68/469
f 380/57/470 384/68/470 385/64/470
f 381/65/471 385/64/471 386/70/471
f 382/69/472 381/65/472 386/71/472
f 383/67/473 382/66/473 386/72/473
f 384/68/474 383/67/474 386/73/474
f 385/64/475 384/68/475 386/74/475
f 387/53/476 388/54/476 389/55/476
f 388/54/477 387/56/477 392/57/477
f 387/58/478 389/59/478 390/60/478
f 387/61/479 390/60/479 391/62/479
f 387/63/480 391/62/480 392/57/480
f 388/54/481 392/57/481 397/64/481
f 389/55/482 388/54/482 393/65/482
f 390/60/483 389/59/483 394/66/483
f 391/62/484 390/60/484 395/67/484
f 392/57/485 391/62/485 396/68/485
f 388/54/486 397/64/486 393/65/486
f 389/55/487 393/65/487 394/69/487
f 390/60/488 394/66/488 395/67/488
f 391/62/489 395/67/489 396/68/489
f 392/57/490 396/68/490 397/64/490
f 393/65/491 397/64/491 398/70/491
f 394/69/492 393/65/492 398/71/492
f 395/67/493 394/66/493 398/72/493
f 396/68/494 395/67/494 398/73/494
f 397/64/495 396/68/495 398/74/495
f 399/53/496 400/54/496 401/55/496
f 400/54/497 399/56/497 404/57/497
f 399/58/498 401/59/498 402/60/498
f 399/61/499 402/60/499 403/62/499
f 399/63/500 403/62/500 404/57/500
f 400/54/501 404/57/501 409/64/501
f 401/55/502 400/54/502 405/65/502
f 402/60/503 401/59/503 406/66/503
f 403/62/504 402/60/504 407/67/504
f 404/57/505 403/62/505 408/68/505
f 400/54/506 409/64/506 405/65/506
f 401/55/507 405/65/507 406/69/507
f 402/60/508 406/66/508 407/67/508
f 403/62/509 407/67/509 408/68/509
f 404/57/510 408/68/510 409/64/510
f 405/65/511 409/64/511 410/70/511
f 406/69/512 405/65/512 410/71/512
f 407/67/513 406/66/513 410/72/513
f 408/68/514 407/67/514 410/73/514
f 409/64/515 408/68/515 410/74/515
f 423/53/536 424/54/536 425/55/536
f 424/54/537 423/56/537 428/57/537
f 423/58/538 425/59/538 426/60/538
f 423/61/539 426/60/539 427/62/539
f 423/63/540 427/62/540 428/57/540
f 424/54/541 428/57/541 433/64/541
f 425/55/542 424/54/542 429/65/542
f 426/60/543 425/59/543 430/66/543
f 427/62/544 426/60/544 431/67/544
f 428/57/545 427/62/545 432/68/545
f 424/54/546 433/64/546 429/65/546
f 425/55/547 429/65/547 430/69/547
f 426/60/548 430/66/548 431/67/548
f 427/62/549 431/67/549 432/68/549
f 428/57/550 432/68/550 433/64/550
f 429/65/551 433/64/551 434/70/551
f 430/69/552 429/65/552 434/71/552
f 431/67/553 430/66/553 434/72/553
f 432/68/554 431/67/554 434/73/554
f 433/64/555 432/68/555 434/74/555
f 435/53/556 436/54/556 437/55/556
f 436/54/557 435/56/557 440/57/557
f 435/58/558 437/59/558 438/60/558
f 435/61/559 438/60/559 439/62/559
f 435/63/560 439/62/560 440/57/560
f 436/54/561 440/57/561 445/64/561
f 437/55/562 436/54/562 441/65/562
f 438/60/563 437/59/563 442/66/563
f 439/62/564 438/60/564 443/67/564
f 440/57/565 439/62/565 444/68/565
f 436/54/566 445/64/566 441/65/566
f 437/55/567 441/65/567 442/69/567
f 438/60/568 442/66/568 443/67/568
f 439/62/569 443/67/569 444/68/569
f 440/57/570 444/68/570 445/64/570
f 441/65/571 445/64/571 446/70/571
f 442/69/572 441/65/572 446/71/572
f 443/67/573 442/66/573 446/72/573
f 444/68/574 443/67/574 446/73/574
f 445/64/575 444/68/575 446/74/575
f 447/53/576 448/54/576 449/55/576
f 448/54/577 447/56/577 452/57/577
f 447/58/578 449/59/578 450/60/578
f 447/61/579 450/60/579 451/62/579
f 447/63/580 451/62/580 452/57/580
f 448/54/581 452/57/581 457/64/581
f 449/55/582 448/54/582 453/65/582
f 450/60/583 449/59/583 454/66/583
f 451/62/584 450/60/584 455/67/584
f 452/57/585 451/62/585 456/68/585
f 448/54/586 457/64/586 453/65/586
f 449/55/587 453/65/587 454/69/587
f 450/60/588 454/66/588 455/67/588
f 451/62/589 455/67/589 456/68/589
f 452/57/590 456/68/590 457/64/590
f 453/65/591 457/64/591 458/70/591
f 454/69/592 453/65/592 458/71/592
f 455/67/593 454/66/593 458/72/593
f 456/68/594 455/67/594 458/73/594
f 457/64/595 456/68/595 458/74/595
f 471/53/616 472/54/616 473/55/616
f 472/54/617 471/56/617 476/57/617
f 471/58/618 473/59/618 474/60/618
f 471/61/619 474/60/619 475/62/619
f 471/63/620 475/62/620 476/57/620
f 472/54/621 476/57/621 481/64/621
f 473/55/622 472/54/622 477/65/622
f 474/60/623 473/59/623 478/66/623
f 475/62/624 474/60/624 479/67/624
f 476/57/625 475/62/625 480/68/625
f 472/54/626 481/64/626 477/65/626
f 473/55/627 477/65/627 478/69/627
f 474/60/628 478/66/628 479/67/628
f 475/62/629 479/67/629 480/68/629
f 476/57/630 480/68/630 481/64/630
f 477/65/631 481/64/631 482/70/631
f 478/69/632 477/65/632 482/71/632
f 479/67/633 478/66/633 482/72/633
f 480/68/634 479/67/634 482/73/634
f 481/64/635 480/68/635 482/74/635
f 483/53/636 484/54/636 485/55/636
f 484/54/637 483/56/637 488/57/637
f 483/58/638 485/59/638 486/60/638
f 483/61/639 486/60/639 487/62/639
f 483/63/640 487/62/640 488/57/640
f 484/54/641 488/57/641 493/64/641
f 485/55/642 484/54/642 489/65/642
f 486/60/643 485/59/643 490/66/643
f 487/62/644 486/60/644 491/67/644
f 488/57/645 487/62/645 492/68/645
f 484/54/646 493/64/646 489/65/646
f 485/55/647 489/65/647 490/69/647
f 486/60/648 490/66/648 491/67/648
f 487/62/649 491/67/649 492/68/649
f 488/57/650 492/68/650 493/64/650
f 489/65/651 493/64/651 494/70/651
f 490/69/652 489/65/652 494/71/652
f 491/67/653 490/66/653 494/72/653
f 492/68/654 491/67/654 494/73/654
f 493/64/655 492/68/655 494/74/655
f 495/53/656 496/54/656 497/55/656
f 496/54/657 495/56/657 500/57/657
f 495/58/658 497/59/658 498/60/658
f 495/61/659 498/60/659 499/62/659
f 495/63/660 499/62/660 500/57/660
f 496/54/661 500/57/661 505/64/661
f 497/55/662 496/54/662 501/65/662
f 498/60/663 497/59/663 502/66/663
f 499/62/664 498/60/664 503/67/664
f 500/57/665 499/62/665 504/68/665
f 496/54/666 505/64/666 501/65/666
f 497/55/667 501/65/667 502/69/667
f 498/60/668 502/66/668 503/67/668
f 499/62/669 503/67/669 504/68/669
f 500/57/670 504/68/670 505/64/670
f 501/65/671 505/64/671 506/70/671
f 502/69/672 501/65/672 506/71/672
f 503/67/673 502/66/673 506/72/673
f 504/68/674 503/67/674 506/73/674
f 505/64/675 504/68/675 506/74/675
f 519/53/696 520/54/696 521/55/696
f 520/54/697 519/56/697 524/57/697
f 519/58/698 521/59/698 522/60/698
f 519/61/699 522/60/699 523/62/699
f 519/63/700 523/62/700 524/57/700
f 520/54/701 524/57/701 529/64/701
f 521/55/702 520/54/702 525/65/702
f 522/60/703 521/59/703 526/66/703
f 523/62/704 522/60/704 527/67/704
f 524/57/705 523/62/705 528/68/705
f 520/54/706 529/64/706 525/65/706
f 521/55/707 525/65/707 526/69/707
f 522/60/708 526/66/708 527/67/708
f 523/62/709 527/67/709 528/68/709
f 524/57/710 528/68/710 529/64/710
f 525/65/711 529/64/711 530/70/711
f 526/69/712 525/65/712 530/71/712
f 527/67/713 526/66/713 530/72/713
f 528/68/714 527/67/714 530/73/714
f 529/64/715 528/68/715 530/74/715
f 531/53/716 532/54/716 533/55/716
f 532/54/717 531/56/717 536/57/717
f 531/58/718 533/59/718 534/60/718
f 531/61/719 534/60/719 535/62/719
f 531/63/720 535/62/720 536/57/720
f 532/54/721 536/57/721 541/64/721
f 533/55/722 532/54/722 537/65/722
f 534/60/723 533/59/723 538/66/723
f 535/62/724 534/60/724 539/67/724
f 536/57/725 535/62/725 540/68/725
f 532/54/726 541/64/726 537/65/726
f 533/55/727 537/65/727 538/69/727
f 534/60/728 538/66/728 539/67/728
f 535/62/729 539/67/729 540/68/729
f 536/57/730 540/68/730 541/64/730
f 537/65/731 541/64/731 542/70/731
f 538/69/732 537/65/732 542/71/732
f 539/67/733 538/66/733 542/72/733
f 540/68/734 539/67/734 542/73/734
f 541/64/735 540/68/735 542/74/735
f 543/53/736 544/54/736 545/55/736
f 544/54/737 543/56/737 548/57/737
f 543/58/738 545/59/738 546/60/738
f 543/61/739 546/60/739 547/62/739
f 543/63/740 547/62/740 548/57/740
f 544/54/741 548/57/741 553/64/741
f 545/55/742 544/54/742 549/65/742
f 546/60/743 545/59/743 550/66/743
f 547/62/744 546/60/744 551/67/744
f 548/57/745 547/62/745 552/68/745
f 544/54/746 553/64/746 549/65/746
f 545/55/747 549/65/747 550/69/747
f 546/60/748 550/66/748 551/67/748
f 547/62/749 551/67/749 552/68/749
f 548/57/750 552/68/750 553/64/750
f 549/65/751 553/64/751 554/70/751
f 550/69/752 549/65/752 554/71/752
f 551/67/753 550/66/753 554/72/753
f 552/68/754 551/67/754 554/73/754
f 553/64/755 552/68/755 554/74/755
f 567/53/776 568/54/776 569/55/776
f 568/54/777 567/56/777 572/57/777
f 567/58/778 569/59/778 570/60/778
f 567/61/779 570/60/779 571/62/779
f 567/63/780 571/62/780 572/57/780
f 568/54/781 572/57/781 577/64/781
f 569/55/782 568/54/782 573/65/782
f 570/60/783 569/59/783 574/66/783
f 571/62/784 570/60/784 575/67/784
f 572/57/785 571/62/785 576/68/785
f 568/54/786 577/64/786 573/65/786
f 569/55/787 573/65/787 574/69/787
f 570/60/788 574/66/788 575/67/788
f 571/62/789 575/67/789 576/68/789
f 572/57/790 576/68/790 577/64/790
f 573/65/791 577/64/791 578/70/791
f 574/69/792 573/65/792 578/71/792
f 575/67/793 574/66/793 578/72/793
f 576/68/794 575/67/794 578/73/794
f 577/64/795 576/68/795 578/74/795
f 579/53/796 580/54/796 581/55/796
f 580/54/797 579/56/797 584/57/797
f 579/58/798 581/59/798 582/60/798
f 579/61/799 582/60/799 583/62/799
f 579/63/800 583/62/800 584/57/800
f 580/54/801 584/57/801 589/64/801
f 581/55/802 580/54/802 585/65/802
f 582/60/803 581/59/803 586/66/803
f 583/62/804 582/60/804 587/67/804
f 584/57/805 583/62/805 588/68/805
f 580/54/806 589/64/806 585/65/806
f 581/55/807 585/65/807 586/69/807
f 582/60/808 586/66/808 587/67/808
f 583/62/809 587/67/809 588/68/809
f 584/57/810 588/68/810 589/64/810
f 585/65/811 589/64/811 590/70/811
f 586/69/812 585/65/812 590/71/812
f 587/67/813 586/66/813 590/72/813
f 588/68/814 587/67/814 590/73/814
f 589/64/815 588/68/815 590/74/815
f 591/53/816 592/54/816 593/55/816
f 592/54/817 591/56/817 596/57/817
f 591/58/818 593/59/818 594/60/818
f 591/61/819 594/60/819 595/62/819
f 591/63/820 595/62/820 596/57/820
f 592/54/821 596/57/821 601/64/821
f 593/55/822 592/54/822 597/65/822
f 594/60/823 593/59/823 598/66/823
f 595/62/824 594/60/824 599/67/824
f 596/57/825 595/62/825 600/68/825
f 592/54/826 601/64/826 597/65/826
f 593/55/827 597/65/827 598/69/827
f 594/60/828 598/66/828 599/67/828
f 595/62/829 599/67/829 600/68/829
f 596/57/830 600/68/830 601/64/830
f 597/65/831 601/64/831 602/70/831
f 598/69/832 597/65/832 602/71/832
f 599/67/833 598/66/833 602/72/833
f 600/68/834 599/67/834 602/73/834
f 601/64/835 600/68/835 602/74/835
f 615/53/856 616/54/856 617/55/856
f 616/54/857 615/56/857 620/57/857
f 615/58/858 617/59/858 618/60/858
f 615/61/859 618/60/859 619/62/859
f 615/63/860 619/62/860 620/57/860
f 616/54/861 620/57/861 625/64/861
f 617/55/862 616/54/862 621/65/862
f 618/60/863 617/59/863 622/66/863
f 619/62/864 618/60/864 623/67/864
f 620/57/865 619/62/865 624/68/865
f 616/54/866 625/64/866 621/65/866
f 617/55/867 621/65/867 622/69/867
f 618/60/868 622/66/868 623/67/868
f 619/62/869 623/67/869 624/68/869
f 620/57/870 624/68/870 625/64/870
f 621/65/871 625/64/871 626/70/871
f 622/69/872 621/65/872 626/71/872
f 623/67/873 622/66/873 626/72/873
f 624/68/874 623/67/874 626/73/874
f 625/64/875 624/68/875 626/74/875
f 627/53/876 628/54/876 629/55/876
f 628/54/877 627/56/877 632/57/877
f 627/58/878 629/59/878 630/60/878
f 627/61/879 630/60/879 631/62/879
f 627/63/880 631/62/880 632/57/880
f 628/54/881 632/57/881 637/64/881
f 629/55/882 628/54/882 633/65/882
f 630/60/883 629/59/883 634/66/883
f 631/62/884 630/60/884 635/67/884
f 632/57/885 631/62/885 636/68/885
f 628/54/886 637/64/886 633/65/886
f 629/55/887 633/65/887 634/69/887
f 630/60/888 634/66/888 635/67/888
f 631/62/889 635/67/889 636/68/889
f 632/57/890 636/68/890 637/64/890
f 633/65/891 637/64/891 638/70/891
f 634/69/892 633/65/892 638/71/892
f 635/67/893 634/66/893 638/72/893
f 636/68/894 635/67/894 638/73/894
f 637/64/895 636/68/895 638/74/895
f 639/53/896 640/54/896 641/55/896
f 640/54/897 639/56/897 644/57/897
f 639/58/898 641/59/898 642/60/898
f 639/61/899 642/60/899 643/62/899
f 639/63/900 643/62/900 644/57/900
f 640/54/901 644/57/901 649/64/901
f 641/55/902 640/54/902 645/65/902
f 642/60/903 641/59/903 646/66/903
f 643/62/904 642/60/904 647/67/904
f 644/57/905 643/62/905 648/68/905
f 640/54/906 649/64/906 645/65/906
f 641/55/907 645/65/907 646/69/907
f 642/60/908 646/66/908 647/67/908
f 643/62/909 647/67/909 648/68/909
f 644/57/910 648/68/910 649/64/910
f 645/65/911 649/64/911 650/70/911
f 646/69/912 645/65/912 650/71/912
f 647/67/913 646/66/913 650/72/913
f 648/68/914 647/67/914 650/73/914
f 649/64/915 648/68/915 650/74/915
f 663/53/936 664/54/936 665/55/936
f 664/54/937 663/56/937 668/57/937
f 663/58/938 665/59/938 666/60/938
f 663/61/939 666/60/939 667/62/939
f 663/63/940 667/62/940 668/57/940
f 664/54/941 668/57/941 673/64/941
f 665/55/942 664/54/942 669/65/942
f 666/60/943 665/59/943 670/66/943
f 667/62/944 666/60/944 671/67/944
f 668/57/945 667/62/945 672/68/945
f 664/54/946 673/64/946 669/65/946
f 665/55/947 669/65/947 670/69/947
f 666/60/948 670/66/948 671/67/948
f 667/62/949 671/67/949 672/68/949
f 668/57/950 672/68/950 673/64/950
f 669/65/951 673/64/951 674/70/951
f 670/69/952 669/65/952 674/71/952
f 671/67/953 670/66/953 674/72/953
f 672/68/954 671/67/954 674/73/954
f 673/64/955 672/68/955 674/74/955
f 675/53/956 676/54/956 677/55/956
f 676/54/957 675/56/957 680/57/957
f 675/58/958 677/59/958 678/60/958
f 675/61/959 678/60/959 679/62/959
f 675/63/960 679/62/960 680/57/960
f 676/54/961 680/57/961 685/64/961
f 677/55/962 676/54/962 681/65/962
f 678/60/963 677/59/963 682/66/963
f 679/62/964 678/60/964 683/67/964
f 680/57/965 679/62/965 684/68/965
f 676/54/966 685/64/966 681/65/966
f 677/55/967 681/65/967 682/69/967
f 678/60/968 682/66/968 683/67/968
f 679/62/969 683/67/969 684/68/969
f 680/57/970 684/68/970 685/64/970
f 681/65/971 685/64/971 686/70/971
f 682/69/972 681/65/972 686/71/972
f 683/67/973 682/66/973 686/72/973
f 684/68/974 683/67/974 686/73/974
f 685/64/975 684/68/975 686/74/975
f 687/53/976 688/54/976 689/55/976
f 688/54/977 687/56/977 692/57/977
f 687/58/978 689/59/978 690/60/978
f 687/61/979 690/60/979 691/62/979
f 687/63/980 691/62/980 692/57/980
f 688/54/981 692/57/981 697/64/981
f 689/55/982 688/54/982 693/65/982
f 690/60/983 689/59/983 694/66/983
f 691/62/984 690/60/984 695/67/984
f 692/57/985 691/62/985 696/68/985
f 688/54/986 697/64/986 693/65/986
f 689/55/987 693/65/987 694/69/987
f 690/60/988 694/66/988 695/67/988
f 691/62/989 695/67/989 696/68/989
f 692/57/990 696/68/990 697/64/990
f 693/65/991 697/64/991 698/70/991
f 694/69/992 693/65/992 698/71/992
f 695/67/993 694/66/993 698/72/993
f 696/68/994 695/67/994 698/73/994
f 697/64/995 696/68/995 698/74/995
f 711/53/1016 712/54/1016 713/55/1016
f 712/54/1017 711/56/1017 716/57/1017
f 711/58/1018 713/59/1018 714/60/1018
f 711/61/1019 714/60/1019 715/62/1019
f 711/63/1020 715/62/1020 716/57/1020
f 712/54/1021 716/57/1021 721/64/1021
f 713/55/1022 712/54/1022 717/65/1022
f 714/60/1023 713/59/1023 718/66/1023
f 715/62/1024 714/60/1024 719/67/1024
f 716/57/1025 715/62/1025 720/68/1025
f 712/54/1026 721/64/1026 717/65/1026
f 713/55/1027 717/65/1027 718/69/1027
f 714/60/1028 718/66/1028 719/67/1028
f 715/62/1029 719/67/1029 720/68/1029
f 716/57/1030 720/68/1030 721/64/1030
f 717/65/1031 721/64/1031 722/70/1031
f 718/69/1032 717/65/1032 722/71/1032
f 719/67/1033 718/66/1033 722/72/1033
f 720/68/1034 719/67/1034 722/73/1034
f 721/64/1035 720/68/1035 722/74/1035
f 723/53/1036 724/54/1036 725/55/1036
f 724/54/1037 723/56/1037 728/57/1037
f 723/58/1038 725/59/1038 726/60/1038
f 723/61/1039 726/60/1039 727/62/1039
f 723/63/1040 727/62/1040 728/57/1040
f 724/54/1041 728/57/1041 733/64/1041
f 725/55/1042 724/54/1042 729/65/1042
f 726/60/1043 725/59/1043 730/66/1043
f 727/62/1044 726/60/1044 731/67/1044
f 728/57/1045 727/62/1045 732/68/1045
f 724/54/1046 733/64/1046 729/65/1046
f 725/55/1047 729/65/1047 730/69/1047
f 726/60/1048 730/66/1048 731/67/1048
f 727/62/1049 731/67/1049 732/68/1049
f 728/57/1050 732/68/1050 733/64/1050
f 729/65/1051 733/64/1051 734/70/1051
f 730/69/1052 729/65/1052 734/71/1052
f 731/67/1053 730/66/1053 734/72/1053
f 732/68/1054 731/67/1054 734/73/1054
f 733/64/1055 732/68/1055 734/74/1055
f 735/53/1056 736/54/1056 737/55/1056
f 736/54/1057 735/56/1057 740/57/1057
f 735/58/1058 737/59/1058 738/60/1058
f 735/61/1059 738/60/1059 739/62/1059
f 735/63/1060 739/62/1060 740/57/1060
f 736/54/1061 740/57/1061 745/64/1061
f 737/55/1062 736/54/1062 741/65/1062
f 738/60/1063 737/59/1063 742/66/1063
f 739/62/1064 738/60/1064 743/67/1064
f 740/57/1065 739/62/1065 744/68/1065
f 736/54/1066 745/64/1066 741/65/1066
f 737/55/1067 741/65/1067 742/69/1067
f 738/60/1068 742/66/1068 743/67/1068
f 739/62/1069 743/67/1069 744/68/1069
f 740/57/1070 744/68/1070 745/64/1070
f 741/65/1071 745/64/1071 746/70/1071
f 742/69/1072 741/65/1072 746/71/1072
f 743/67/1073 742/66/1073 746/72/1073
f 744/68/1074 743/67/1074 746/73/1074
f 745/64/1075 744/68/1075 746/74/1075
f 759/53/1096 760/54/1096 761/55/1096
f 760/54/1097 759/56/1097 764/57/1097
f 759/58/1098 761/59/1098 762/60/1098
f 759/61/1099 762/60/1099 763/62/1099
f 759/63/1100 763/62/1100 764/57/1100
f 760/54/1101 764/57/1101 769/64/1101
f 761/55/1102 760/54/1102 765/65/1102
f 762/60/1103 761/59/1103 766/66/1103
f 763/62/1104 762/60/1104 767/67/1104
f 764/57/1105 763/62/1105 768/68/1105
f 760/54/1106 769/64/1106 765/65/1106
f 761/55/1107 765/65/1107 766/69/1107
f 762/60/1108 766/66/1108 767/67/1108
f 763/62/1109 767/67/1109 768/68/1109
f 764/57/1110 768/68/1110 769/64/1110
f 765/65/1111 769/64/1111 770/70/1111
f 766/69/1112 765/65/1112 770/71/1112
f 767/67/1113 766/66/1113 770/72/1113
f 768/68/1114 767/67/1114 770/73/1114
f 769/64/1115 768/68/1115 770/74/1115
f 771/53/1116 772/54/1116 773/55/1116
f 772/54/1117 771/56/1117 776/57/1117
f 771/58/1118 773/59/1118 774/60/1118
f 771/61/1119 774/60/1119 775/62/1119
f 771/63/1120 775/62/1120 776/57/1120
f 772/54/1121 776/57/1121 781/64/1121
f 773/55/1122 772/54/1122 777/65/1122
f 774/60/1123 773/59/1123 778/66/1123
f 775/62/1124 774/60/1124 779/67/1124
f 776/57/1125 775/62/1125 780/68/1125
f 772/54/1126 781/64/1126 777/65/1126
f 773/55/1127 777/65/1127 778/69/1127
f 774/60/1128 778/66/1128 779/67/1128
f 775/62/1129 779/67/1129 780/68/1129
f 776/57/1130 780/68/1130 781/64/1130
f 777/65/1131 781/64/1131 782/70/1131
f 778/69/1132 777/65/1132 782/71/1132
f 779/67/1133 778/66/1133 782/72/1133
f 780/68/1134 779/67/1134 782/73/1134
f 781/64/1135 780/68/1135 782/74/1135
f 783/53/1136 784/54/1136 785/55/1136
f 784/54/1137 783/56/1137 788/57/1137
f 783/58/1138 785/59/1138 786/60/1138
f 783/61/1139 786/60/1139 787/62/1139
f 783/63/1140 787/62/1140 788/57/1140
f 784/54/1141 788/57/1141 793/64/1141
f 785/55/1142 784/54/1142 789/65/1142
f 786/60/1143 785/59/1143 790/66/1143
f 787/62/1144 786/60/1144 791/67/1144
f 788/57/1145 787/62/1145 792/68/1145
f 784/54/1146 793/64/1146 789/65/1146
f 785/55/1147 789/65/1147 790/69/1147
f 786/60/1148 790/66/1148 791/67/1148
f 787/62/1149 791/67/1149 792/68/1149
f 788/57/1150 792/68/1150 793/64/1150
f 789/65/1151 793/64/1151 794/70/1151
f 790/69/1152 789/65/1152 794/71/1152
f 791/67/1153 790/66/1153 794/72/1153
f 792/68/1154 791/67/1154 794/73/1154
f 793/64/1155 792/68/1155 794/74/1155
f 807/53/1176 808/54/1176 809/55/1176
f 808/54/1177 807/56/1177 812/57/1177
f 807/58/1178 809/59/1178 810/60/1178
f 807/61/1179 810/60/1179 811/62/1179
f 807/63/1180 811/62/1180 812/57/1180
f 808/54/1181 812/57/1181 817/64/1181
f 809/55/1182 808/54/1182 813/65/1182
f 810/60/1183 809/59/1183 814/66/1183
f 811/62/1184 810/60/1184 815/67/1184
f 812/57/1185 811/62/1185 816/68/1185
f 808/54/1186 817/64/1186 813/65/1186
f 809/55/1187 813/65/1187 814/69/1187
f 810/60/1188 814/66/1188 815/67/1188
f 811/62/1189 815/67/1189 816/68/1189
f 812/57/1190 816/68/1190 817/64/1190
f 813/65/1191 817/64/1191 818/70/1191
f 814/69/1192 813/65/1192 818/71/1192
f 815/67/1193 814/66/1193 818/72/1193
f 816/68/1194 815/67/1194 818/73/1194
f 817/64/1195 816/68/1195 818/74/1195
f 819/53/1196 820/54/1196 821/55/1196
f 820/54/1197 819/56/1197 824/57/1197
f 819/58/1198 821/59/1198 822/60/1198
f 819/61/1199 822/60/1199 823/62/1199
f 819/63/1200 823/62/1200 824/57/1200
f 820/54/1201 824/57/1201 829/64/1201
f 821/55/1202 820/54/1202 825/65/1202
f 822/60/1203 821/59/1203 826/66/1203
f 823/62/1204 822/60/1204 827/67/1204
f 824/57/1205 823/62/1205 828/68/1205
f 820/54/1206 829/64/1206 825/65/1206
f 821/55/1207 825/65/1207 826/69/1207
f 822/60/1208 826/66/1208 827/67/1208
f 823/62/1209 827/67/1209 828/68/1209
f 824/57/1210 828/68/1210 829/64/1210
f 825/65/1211 829/64/1211 830/70/1211
f 826/69/1212 825/65/1212 830/71/1212
f 827/67/1213 826/66/1213 830/72/1213
f 828/68/1214 827/67/1214 830/73/1214
f 829/64/1215 828/68/1215 830/74/1215
f 831/53/1216 832/54/1216 833/55/1216
f 832/54/1217 831/56/1217 836/57/1217
f 831/58/1218 833/59/1218 834/60/1218
f 831/61/1219 834/60/1219 835/62/1219
f 831/63/1220 835/62/1220 836/57/1220
f 832/54/1221 836/57/1221 841/64/1221
f 833/55/1222 832/54/1222 837/65/1222
f 834/60/1223 833/59/1223 838/66/1223
f 835/62/1224 834/60/1224 839/67/1224
f 836/57/1225 835/62/1225 840/68/1225
f 832/54/1226 841/64/1226 837/65/1226
f 833/55/1227 837/65/1227 838/69/1227
f 834/60/1228 838/66/1228 839/67/1228
f 835/62/1229 839/67/1229 840/68/1229
f 836/57/1230 840/68/1230 841/64/1230
f 837/65/1231 841/64/1231 842/70/1231
f 838/69/1232 837/65/1232 842/71/1232
f 839/67/1233 838/66/1233 842/72/1233
f 840/68/1234 839/67/1234 842/73/1234
f 841/64/1235 840/68/1235 842/74/1235
f 855/53/1256 856/54/1256 857/55/1256
f 856/54/1257 855/56/1257 860/57/1257
f 855/58/1258 857/59/1258 858/60/1258
f 855/61/1259 858/60/1259 859/62/1259
f 855/63/1260 859/62/1260 860/57/1260
f 856/54/1261 860/57/1261 865/64/1261
f 857/55/1262 856/54/1262 861/65/1262
f 858/60/1263 857/59/1263 862/66/1263
f 859/62/1264 858/60/1264 863/67/1264
f 860/57/1265 859/62/1265 864/68/1265
f 856/54/1266 865/64/1266 861/65/1266
f 857/55/1267 861/65/1267 862/69/1267
f 858/60/1268 862/66/1268 863/67/1268
f 859/62/1269 863/67/1269 864/68/1269
f 860/57/1270 864/68/1270 865/64/1270
f 861/65/1271 865/64/1271 866/70/1271
f 862/69/1272 861/65/1272 866/71/1272
f 863/67/1273 862/66/1273 866/72/1273
f 864/68/1274 863/67/1274 866/73/1274
f 865/64/1275 864/68/1275 866/74/1275
f 867/53/1276 868/54/1276 869/55/1276
f 868/54/1277 867/56/1277 872/57/1277
f 867/58/1278 869/59/1278 870/60/1278
f 867/61/1279 870/60/1279 871/62/1279
f 867/63/1280 871/62/1280 872/57/1280
f 868/54/1281 872/57/1281 877/64/1281
f 869/55/1282 868/54/1282 873/65/1282
f 870/60/1283 869/59/1283 874/66/1283
f 871/62/1284 870/60/1284 875/67/1284
f 872/57/1285 871/62/1285 876/68/1285
f 868/54/1286 877/64/1286 873/65/1286
f 869/55/1287 873/65/1287 874/69/1287
f 870/60/1288 874/66/1288 875/67/1288
f 871/62/1289 875/67/1289 876/68/1289
f 872/57/1290 876/68/1290 877/64/1290
f 873/65/1291 877/64/1291 878/70/1291
f 874/69/1292 873/65/1292 878/71/1292
f 875/67/1293 874/66/1293 878/72/1293
f 876/68/1294 875/67/1294 878/73/1294
f 877/64/1295 876/68/1295 878/74/1295
f 891/53/1316 892/54/1316 893/55/1316
f 892/54/1317 891/56/1317 896/57/1317
f 891/58/1318 893/59/1318 894/60/1318
f 891/61/1319 894/60/1319 895/62/1319
f 891/63/1320 895/62/1320 896/57/1320
f 892/54/1321 896/57/1321 901/64/1321
f 893/55/1322 892/54/1322 897/65/1322
f 894/60/1323 893/59/1323 898/66/1323
f 895/62/1324 894/60/1324 899/67/1324
f 896/57/1325 895/62/1325 900/68/1325
f 892/54/1326 901/64/1326 897/65/1326
f 893/55/1327 897/65/1327 898/69/1327
f 894/60/1328 898/66/1328 899/67/1328
f 895/62/1329 899/67/1329 900/68/1329
f 896/57/1330 900/68/1330 901/64/1330
f 897/65/1331 901/64/1331 902/70/1331
f 898/69/1332 897/65/1332 902/71/1332
f 899/67/1333 898/66/1333 902/72/1333
f 900/68/1334 899/67/1334 902/73/1334
f 901/64/1335 900/68/1335 902/74/1335
f 903/53/1336 904/54/1336 905/55/1336
f 904/54/1337 903/56/1337 908/57/1337
f 903/58/1338 905/59/1338 906/60/1338
f 903/61/1339 906/60/1339 907/62/1339
f 903/63/1340 907/62/1340 908/57/1340
f 904/54/1341 908/57/1341 913/64/1341
f 905/55/1342 904/54/1342 909/65/1342
f 906/60/1343 905/59/1343 910/66/1343
f 907/62/1344 906/60/1344 911/67/1344
f 908/57/1345 907/62/1345 912/68/1345
f 904/54/1346 913/64/1346 909/65/1346
f 905/55/1347 909/65/1347 910/69/1347
f 906/60/1348 910/66/1348 911/67/1348
f 907/62/1349 911/67/1349 912/68/1349
f 908/57/1350 912/68/1350 913/64/1350
f 909/65/1351 913/64/1351 914/70/1351
f 910/69/1352 909/65/1352 914/71/1352
f 911/67/1353 910/66/1353 914/72/1353
f 912/68/1354 911/67/1354 914/73/1354
f 913/64/1355 912/68/1355 914/74/1355
