# Blender 4.0.2
# www.blender.org
mtllib 3_mature_empty.mtl
o redberry_3_mature_empty
v 0.000000 -0.180000 0.000000
v 0.000000 -0.180000 0.020000
v -0.105801 -0.145623 0.000000
v -0.105801 -0.145623 0.020000
v -0.171190 -0.055623 0.000000
v -0.171190 -0.055623 0.020000
v -0.171190 0.055623 0.000000
v -0.171190 0.055623 0.020000
v -0.105801 0.145623 0.000000
v -0.105801 0.145623 0.020000
v 0.000000 0.180000 0.000000
v 0.000000 0.180000 0.020000
v 0.105801 0.145623 0.000000
v 0.105801 0.145623 0.020000
v 0.171190 0.055623 0.000000
v 0.171190 0.055623 0.020000
v 0.171190 -0.055623 0.000000
v 0.171190 -0.055623 0.020000
v 0.105801 -0.145623 0.000000
v 0.105801 -0.145623 0.020000
v 0.000615 -0.011658 0.037224
v -0.179385 -0.111658 0.417224
v -0.010169 -0.003017 0.034389
v -0.190169 -0.103017 0.414389
v -0.006900 0.009793 0.039309
v -0.186900 -0.090207 0.419309
v 0.005905 0.009070 0.045184
v -0.174095 -0.090930 0.425184
v 0.010549 -0.004188 0.043895
v -0.169451 -0.104188 0.423895
v -0.000813 -0.011378 0.036275
v 0.169187 -0.141378 0.396275
v -0.010653 -0.004289 0.043482
v 0.159347 -0.134289 0.403481
v -0.005771 0.008727 0.045877
v 0.164229 -0.121273 0.405877
v 0.007086 0.009683 0.040150
v 0.177086 -0.120317 0.400150
v 0.010150 -0.002743 0.034216
v 0.180150 -0.132743 0.394216
v -0.000947 -0.011116 0.044420
v -0.150947 0.128884 0.364420
v -0.010740 -0.004336 0.036862
v -0.160740 0.135664 0.356862
v -0.005691 0.008437 0.033641
v -0.155691 0.148437 0.353641
v 0.007223 0.009550 0.039208
v -0.142777 0.149550 0.359208
v 0.010155 -0.002535 0.045869
v -0.139845 0.137465 0.365869
v 0.000764 -0.011598 0.042984
v 0.190764 0.088402 0.382984
v -0.009796 -0.002857 0.046315
v 0.180204 0.097143 0.386315
v -0.006818 0.009832 0.040918
v 0.183182 0.109832 0.380918
v 0.005582 0.008934 0.034253
v 0.195582 0.108934 0.374253
v 0.010268 -0.004311 0.035530
v 0.200268 0.095689 0.375530
v 0.000289 -0.010844 0.034870
v -0.049711 -0.210845 0.454870
v -0.011255 -0.003076 0.037195
v -0.061255 -0.203076 0.457195
v -0.007245 0.008943 0.043396
v -0.057245 -0.191057 0.463396
v 0.006777 0.008604 0.044904
v -0.043223 -0.191396 0.464904
v 0.011433 -0.003626 0.039635
v -0.038567 -0.203626 0.459634
v -0.000403 -0.010963 0.044863
v -0.070403 0.169037 0.444863
v -0.011388 -0.003771 0.039704
v -0.081388 0.176229 0.439704
v -0.006635 0.008632 0.034954
v -0.076635 0.188632 0.434954
v 0.007287 0.009106 0.037177
v -0.062713 0.189106 0.437177
v 0.011139 -0.003004 0.043301
v -0.058861 0.176996 0.443301
v -0.000223 -0.011978 0.040696
v -0.200223 0.008022 0.320696
v -0.009361 -0.003913 0.033593
v -0.209361 0.016087 0.313593
v -0.005563 0.009559 0.035344
v -0.205563 0.029559 0.315344
v 0.005923 0.009821 0.043530
v -0.194077 0.029821 0.323529
v 0.009224 -0.003489 0.046838
v -0.190776 0.016511 0.326837
v -0.000206 -0.011980 0.039346
v 0.209794 -0.031980 0.339346
v -0.009418 -0.003898 0.046333
v 0.200582 -0.023898 0.346333
v -0.005615 0.009571 0.044568
v 0.204385 -0.010429 0.344568
v 0.005948 0.009813 0.036491
v 0.215948 -0.010187 0.336491
v 0.009291 -0.003506 0.033263
v 0.219291 -0.023506 0.333263
v 0.003510 -0.010085 0.034526
v -0.216490 -0.130085 0.114526
v -0.004207 0.000222 0.028764
v -0.224207 -0.119778 0.108764
v -0.006111 0.010222 0.038530
v -0.226111 -0.109778 0.118530
v 0.000431 0.006096 0.050328
v -0.219569 -0.113904 0.130327
v 0.006377 -0.006455 0.047853
v -0.213623 -0.126455 0.127853
v -0.004390 -0.008864 0.033206
v 0.205610 -0.158864 0.093206
v -0.006924 -0.006915 0.046946
v 0.203076 -0.156915 0.106946
v 0.000111 0.004591 0.051087
v 0.210111 -0.145409 0.111087
v 0.006992 0.009752 0.039906
v 0.216992 -0.140248 0.099906
v 0.004210 0.001436 0.028855
v 0.214210 -0.148564 0.088855
v -0.005035 -0.006669 0.048612
v -0.175035 0.173331 0.088612
v -0.008446 -0.006849 0.034926
v -0.178446 0.173151 0.074925
v -0.000185 0.002436 0.028251
v -0.170185 0.182436 0.068251
v 0.008332 0.008355 0.037813
v -0.161668 0.188355 0.077813
v 0.005334 0.002728 0.050397
v -0.164666 0.182728 0.090397
v 0.004310 -0.008552 0.047231
v 0.204310 0.151448 0.117231
v -0.004956 0.001457 0.050831
v 0.195044 0.161457 0.120831
v -0.007374 0.009452 0.039463
v 0.192626 0.169452 0.109463
v 0.000399 0.004385 0.028837
v 0.200399 0.164385 0.098837
v 0.007620 -0.006742 0.033638
v 0.207620 0.153258 0.103638
v 0.002792 -0.005857 0.029906
v -0.097208 -0.225857 0.129906
v -0.009343 0.000845 0.032517
v -0.109343 -0.219155 0.132517
v -0.008566 0.006380 0.045470
v -0.108566 -0.213620 0.145470
v 0.004049 0.003098 0.050863
v -0.095951 -0.216902 0.150863
v 0.011068 -0.004465 0.041244
v -0.088932 -0.224465 0.141244
v -0.002471 -0.005205 0.050526
v -0.082471 0.214795 0.140526
v -0.011322 -0.003958 0.039612
v -0.091322 0.216042 0.129612
v -0.004526 0.002758 0.029234
v -0.084526 0.222758 0.119234
v 0.008524 0.005663 0.033734
v -0.071476 0.225663 0.123734
v 0.009795 0.000742 0.046893
v -0.070205 0.220742 0.136893
v 0.000000 -0.022000 0.000000
v 0.000000 -0.022000 0.060000
v -0.020923 -0.006798 0.000000
v -0.020923 -0.006798 0.060000
v -0.012931 0.017798 0.000000
v -0.012931 0.017798 0.060000
v 0.012931 0.017798 0.000000
v 0.012931 0.017798 0.060000
v 0.020923 -0.006798 0.000000
v 0.020923 -0.006798 0.060000
v -0.163974 -0.072357 0.406658
v -0.167589 -0.099213 0.343925
v -0.197025 -0.067059 0.424498
v -0.182390 -0.050579 0.483163
v -0.143910 -0.072549 0.438846
v -0.134763 -0.102606 0.352793
v -0.188240 -0.094033 0.381660
v -0.197387 -0.063975 0.467713
v -0.164561 -0.067368 0.476581
v -0.135126 -0.099523 0.396009
v -0.149760 -0.116003 0.337343
v -0.168177 -0.094224 0.413849
v -0.199298 -0.079709 0.415443
v -0.215840 -0.143629 0.397830
v -0.227800 -0.057801 0.427542
v -0.201155 -0.005258 0.448913
v -0.172729 -0.058615 0.432408
v -0.181805 -0.144132 0.400837
v -0.227922 -0.108683 0.420414
v -0.218846 -0.023166 0.451985
v -0.184810 -0.023669 0.454993
v -0.172851 -0.109497 0.425281
v -0.199495 -0.162040 0.403910
v -0.201353 -0.087589 0.437380
v -0.202163 -0.102960 0.453036
v -0.190536 -0.157773 0.413920
v -0.213782 -0.071698 0.434970
v -0.229592 -0.030865 0.479804
v -0.216116 -0.091705 0.486462
v -0.191979 -0.170137 0.445744
v -0.210780 -0.119554 0.416513
v -0.234917 -0.041121 0.457231
v -0.236360 -0.053485 0.489055
v -0.213115 -0.139560 0.468005
v -0.197305 -0.180394 0.423171
v -0.224734 -0.108298 0.449939
v -0.186070 -0.090979 0.474510
v -0.225959 -0.117507 0.425779
v -0.150060 -0.084146 0.464749
v -0.124988 -0.052570 0.512725
v -0.185394 -0.066416 0.503405
v -0.247796 -0.106549 0.449669
v -0.189530 -0.095493 0.433875
v -0.127128 -0.055360 0.487611
v -0.148965 -0.044402 0.511502
v -0.224864 -0.077763 0.472532
v -0.249936 -0.109339 0.424555
v -0.188854 -0.070930 0.462770
v -0.222152 -0.077034 0.387553
v -0.234100 -0.098649 0.323837
v -0.251540 -0.078512 0.411488
v -0.228249 -0.065038 0.468086
v -0.196413 -0.076847 0.415413
v -0.200030 -0.097620 0.326263
v -0.247580 -0.100012 0.364991
v -0.243964 -0.079239 0.454141
v -0.209894 -0.078210 0.456567
v -0.192453 -0.098347 0.368916
v -0.215745 -0.111821 0.312318
v -0.221841 -0.099825 0.392851
v -0.202933 -0.039732 0.448642
v -0.178514 -0.086510 0.405224
v -0.180483 -0.009930 0.455461
v -0.215033 0.030266 0.488898
v -0.234418 -0.021475 0.459325
v -0.211848 -0.093645 0.407612
v -0.175523 -0.045423 0.418645
v -0.198093 0.026748 0.470359
v -0.231426 0.019612 0.472746
v -0.229457 -0.056968 0.422509
v -0.194907 -0.097163 0.389072
v -0.207007 -0.027166 0.429328
v -0.211148 -0.056019 0.476048
v -0.224572 -0.055776 0.409045
v -0.174829 -0.051133 0.485832
v -0.174618 -0.044381 0.548136
v -0.224232 -0.044851 0.509853
v -0.255105 -0.051894 0.423890
v -0.196339 -0.043988 0.439723
v -0.165466 -0.036945 0.525685
v -0.195999 -0.033062 0.540531
v -0.245742 -0.037706 0.463743
v -0.245953 -0.044458 0.401439
v -0.209423 -0.032819 0.473528
v -0.178700 -0.143834 0.380178
v -0.232851 -0.181927 0.363261
v -0.180444 -0.107156 0.370673
v -0.130876 -0.080044 0.397791
v -0.152650 -0.138060 0.407137
v -0.215674 -0.201027 0.385796
v -0.218495 -0.141679 0.370417
v -0.155471 -0.078712 0.391758
v -0.138294 -0.097812 0.414293
v -0.190701 -0.172583 0.406881
v -0.240269 -0.199696 0.379764
v -0.192445 -0.135905 0.397376
v -0.152312 -0.057952 0.412266
v -0.098941 -0.086540 0.380582
v -0.184643 -0.077778 0.411735
v -0.223924 -0.047545 0.450081
v -0.162496 -0.037622 0.442625
v -0.085253 -0.061722 0.399673
v -0.137568 -0.093802 0.398814
v -0.214811 -0.069702 0.441767
v -0.201124 -0.044884 0.460858
v -0.115421 -0.053646 0.429705
v -0.076140 -0.083879 0.391359
v -0.147753 -0.073473 0.429174
v -0.135109 -0.054854 0.406286
v -0.151103 -0.112362 0.373019
v -0.111348 -0.031282 0.388440
v -0.110121 0.021098 0.422824
v -0.149118 -0.027612 0.428653
v -0.174446 -0.110094 0.397872
v -0.136000 -0.071952 0.368997
v -0.110672 0.010530 0.399779
v -0.134015 0.012798 0.424631
v -0.173770 -0.068282 0.409210
v -0.174997 -0.120662 0.374826
v -0.150009 -0.044710 0.391365
v -0.233587 -0.092299 0.442831
v -0.231948 -0.088504 0.374621
v -0.251687 -0.064162 0.460703
v -0.254871 -0.081331 0.520891
v -0.237099 -0.116284 0.472004
v -0.222932 -0.120717 0.381606
v -0.252220 -0.075191 0.410525
v -0.266387 -0.070758 0.500923
v -0.257371 -0.102971 0.507908
v -0.237632 -0.127313 0.421826
v -0.234448 -0.110144 0.361638
v -0.255733 -0.099176 0.439698
v -0.183861 -0.113021 0.407325
v -0.128185 -0.139590 0.377934
v -0.216627 -0.130709 0.400099
v -0.259070 -0.104285 0.437885
v -0.196857 -0.096834 0.439071
v -0.115966 -0.118654 0.402019
v -0.168984 -0.147275 0.390329
v -0.249874 -0.125455 0.427381
v -0.237656 -0.104519 0.451466
v -0.149213 -0.113400 0.429300
v -0.106770 -0.139825 0.391515
v -0.181979 -0.131089 0.422075
v -0.198507 -0.068264 0.451594
v -0.209370 -0.061654 0.384453
v -0.209896 -0.039315 0.473295
v -0.203440 -0.058720 0.532533
v -0.198926 -0.093052 0.480300
v -0.202591 -0.094865 0.388782
v -0.221019 -0.048025 0.423896
v -0.217354 -0.046212 0.515414
v -0.210574 -0.079423 0.519744
v -0.210049 -0.101763 0.430902
v -0.216504 -0.082357 0.371663
v -0.221438 -0.072813 0.452602
v -0.179791 -0.126953 0.436932
v -0.153166 -0.153027 0.379653
v -0.213708 -0.140444 0.447244
v -0.224881 -0.116970 0.504266
v -0.171242 -0.115045 0.471915
v -0.126921 -0.137329 0.394900
v -0.181800 -0.159158 0.411586
v -0.226121 -0.136873 0.488601
v -0.199876 -0.121175 0.503848
v -0.139334 -0.133758 0.436257
v -0.128161 -0.157233 0.379235
v -0.173251 -0.147249 0.446569
v 0.200198 -0.162461 0.470076
v 0.137286 -0.165823 0.443609
v 0.227906 -0.152630 0.446111
v 0.278955 -0.144182 0.481468
v 0.219883 -0.152154 0.500816
v 0.132328 -0.165529 0.477417
v 0.177162 -0.149621 0.438643
v 0.264717 -0.136246 0.462041
v 0.259758 -0.135951 0.495850
v 0.169138 -0.149144 0.493347
v 0.118090 -0.157593 0.457991
v 0.196847 -0.139313 0.469383
v 0.131337 -0.174498 0.444310
v 0.098371 -0.230363 0.422813
v 0.129263 -0.144127 0.421684
v 0.154864 -0.096912 0.453977
v 0.139793 -0.153970 0.475064
v 0.104878 -0.236446 0.455803
v 0.101524 -0.187302 0.419194
v 0.136438 -0.104826 0.438454
v 0.142946 -0.110910 0.471444
v 0.112053 -0.197146 0.472573
v 0.086452 -0.244360 0.440281
v 0.109980 -0.166774 0.449947
v 0.116912 -0.125590 0.477416
v 0.168639 -0.167899 0.463135
v 0.117790 -0.091750 0.460303
v 0.062723 -0.064673 0.473026
v 0.079540 -0.124089 0.483719
v 0.144999 -0.187885 0.477606
v 0.146418 -0.133131 0.449918
v 0.080959 -0.069335 0.456031
v 0.057319 -0.089321 0.470503
v 0.108168 -0.165470 0.473334
v 0.163235 -0.192547 0.460612
v 0.109046 -0.131631 0.456222
v 0.204131 -0.080640 0.394288
v 0.193028 -0.141315 0.364878
v 0.216032 -0.052877 0.371347
v 0.214818 -0.000508 0.405748
v 0.191063 -0.056582 0.420540
v 0.177596 -0.143605 0.395281
v 0.196854 -0.098683 0.358162
v 0.210321 -0.011660 0.383421
v 0.194889 -0.013950 0.413824
v 0.171884 -0.102388 0.407355
v 0.173099 -0.154757 0.372954
v 0.183786 -0.074625 0.384414
v 0.262454 -0.159184 0.450750
v 0.219298 -0.167034 0.398352
v 0.274577 -0.123839 0.457264
v 0.305976 -0.126198 0.511449
v 0.270102 -0.170851 0.486022
v 0.216532 -0.196089 0.416125
v 0.236148 -0.138898 0.426666
v 0.289718 -0.113661 0.496563
v 0.286952 -0.142716 0.514336
v 0.231673 -0.185910 0.455423
v 0.200274 -0.183552 0.401239
v 0.243796 -0.150565 0.461938
v 0.102269 -0.099038 0.395680
v 0.082444 -0.110899 0.331368
v 0.137958 -0.087021 0.400219
v 0.143148 -0.071139 0.460620
v 0.090842 -0.085202 0.429097
v 0.053325 -0.109775 0.349216
v 0.111071 -0.090331 0.356561
v 0.148588 -0.065758 0.436442
v 0.119469 -0.064634 0.454290
v 0.063955 -0.088512 0.385439
v 0.058765 -0.104394 0.325038
v 0.099644 -0.076495 0.389978
v 0.175378 -0.078534 0.446763
v 0.136737 -0.132049 0.429080
v 0.185350 -0.055106 0.418650
v 0.212610 -0.005870 0.446220
v 0.180843 -0.052385 0.473690
v 0.133951 -0.130368 0.463096
v 0.150086 -0.092458 0.417608
v 0.196978 -0.014476 0.428202
v 0.194192 -0.012795 0.462218
v 0.145579 -0.089738 0.472648
v 0.118320 -0.138974 0.445078
v 0.155551 -0.066309 0.444535
v 0.082053 -0.147035 0.465605
v 0.033270 -0.167694 0.422442
v 0.116610 -0.161628 0.459990
v 0.154903 -0.130312 0.498465
v 0.095227 -0.117023 0.484694
v 0.020055 -0.140126 0.437710
v 0.075971 -0.163738 0.428624
v 0.151143 -0.140635 0.475609
v 0.137928 -0.113067 0.490877
v 0.054588 -0.119133 0.453329
v 0.016295 -0.150449 0.414854
v 0.089145 -0.133726 0.447713
v 0.115788 -0.061577 0.368910
v 0.157332 -0.110319 0.345080
v 0.090119 -0.048077 0.344466
v 0.052309 -0.011040 0.378024
v 0.096157 -0.050395 0.399378
v 0.161065 -0.111752 0.379017
v 0.119530 -0.089907 0.339466
v 0.054622 -0.028550 0.359827
v 0.058355 -0.029982 0.393764
v 0.125568 -0.092225 0.394378
v 0.163378 -0.129262 0.360819
v 0.099899 -0.078725 0.369934
v 0.172308 -0.090802 0.413948
v 0.219645 -0.114905 0.370961
v 0.139773 -0.079277 0.398223
v 0.100900 -0.067485 0.445944
v 0.156749 -0.095827 0.448174
v 0.230137 -0.125134 0.401832
v 0.177492 -0.106485 0.376388
v 0.104104 -0.077178 0.422730
v 0.114596 -0.087407 0.453601
v 0.194469 -0.123035 0.426339
v 0.233342 -0.134827 0.378618
v 0.161933 -0.111510 0.410614
v 0.206789 -0.153063 0.426675
v 0.180200 -0.204201 0.389965
v 0.235599 -0.134252 0.410711
v 0.246641 -0.085035 0.447902
v 0.198066 -0.124568 0.450141
v 0.157004 -0.198216 0.414334
v 0.203620 -0.167778 0.388504
v 0.244682 -0.094130 0.424311
v 0.221486 -0.088145 0.448680
v 0.166087 -0.158094 0.427934
v 0.155045 -0.207311 0.390743
v 0.194897 -0.139283 0.411970
v 0.112025 -0.136974 0.408825
v 0.061742 -0.172590 0.379281
v 0.131641 -0.113771 0.386120
v 0.168713 -0.080165 0.423852
v 0.121724 -0.118215 0.440333
v 0.055613 -0.175337 0.412787
v 0.087354 -0.137793 0.376049
v 0.153465 -0.080672 0.403595
v 0.147336 -0.083419 0.437101
v 0.077437 -0.142237 0.430262
v 0.040365 -0.175843 0.392530
v 0.097053 -0.119035 0.407557
v 0.208597 -0.178141 0.376359
v 0.218692 -0.244423 0.363148
v 0.174738 -0.164120 0.366580
v 0.172657 -0.106178 0.390366
v 0.215327 -0.150672 0.401634
v 0.243778 -0.236111 0.384813
v 0.188991 -0.213424 0.368991
v 0.160540 -0.127985 0.385813
v 0.185626 -0.119673 0.407477
v 0.229580 -0.199976 0.404045
v 0.231661 -0.257918 0.380259
v 0.195721 -0.185955 0.394267
v 0.159118 -0.207749 0.443937
v 0.175019 -0.270570 0.422249
v 0.122818 -0.201996 0.453313
v 0.120692 -0.145116 0.479534
v 0.171580 -0.178538 0.464676
v 0.205155 -0.256073 0.429273
v 0.146420 -0.246763 0.444444
v 0.112845 -0.169229 0.479847
v 0.142981 -0.154731 0.486870
v 0.195182 -0.223305 0.455807
v 0.197308 -0.280185 0.429585
v 0.158882 -0.217552 0.465183
v -0.148010 0.119273 0.424815
v -0.121302 0.094585 0.366963
v -0.177543 0.142751 0.420901
v -0.199472 0.152514 0.478790
v -0.156783 0.110381 0.460629
v -0.108472 0.074579 0.391516
v -0.156258 0.112567 0.385184
v -0.204569 0.148368 0.454297
v -0.191738 0.128363 0.478850
v -0.135497 0.080197 0.424913
v -0.113568 0.070434 0.367023
v -0.165030 0.103674 0.420999
v -0.150254 0.171540 0.328684
v -0.164570 0.130441 0.276000
v -0.158766 0.208213 0.324064
v -0.150004 0.235028 0.380025
v -0.150394 0.173827 0.366545
v -0.159395 0.109189 0.302255
v -0.173167 0.168528 0.294780
v -0.164165 0.233166 0.359070
v -0.158991 0.211914 0.385325
v -0.164795 0.134142 0.337261
v -0.173556 0.107327 0.281300
v -0.173306 0.170815 0.332641
v -0.134897 0.210600 0.419269
v -0.176828 0.172440 0.381121
v -0.149213 0.243210 0.432320
v -0.106627 0.265825 0.472350
v -0.107924 0.209031 0.445890
v -0.151310 0.151317 0.389508
v -0.174474 0.204081 0.410626
v -0.131088 0.261796 0.467008
v -0.105570 0.240672 0.475395
v -0.133185 0.169902 0.424197
v -0.175771 0.147287 0.384166
v -0.147502 0.202512 0.437248
v -0.164539 0.162056 0.339440
v -0.198579 0.135535 0.286454
v -0.149792 0.196610 0.334223
v -0.128723 0.214909 0.390336
v -0.164490 0.165142 0.377245
v -0.207662 0.116087 0.313042
v -0.183800 0.171997 0.304601
v -0.140628 0.221053 0.368804
v -0.149711 0.201604 0.395392
v -0.198498 0.140529 0.347623
v -0.219567 0.122230 0.291510
v -0.183751 0.175083 0.342406
v -0.157289 0.049220 0.375629
v -0.187650 0.031429 0.317051
v -0.124469 0.031860 0.383386
v -0.101154 0.060981 0.433742
v -0.149927 0.078548 0.398528
v -0.203384 0.060284 0.326410
v -0.150279 0.032195 0.338961
v -0.096822 0.050459 0.411079
v -0.112555 0.079314 0.420437
v -0.175737 0.078883 0.354103
v -0.199052 0.049762 0.303747
v -0.142916 0.061523 0.361859
v -0.236774 0.132506 0.429271
v -0.234048 0.116596 0.362870
v -0.208314 0.119554 0.450740
v -0.215606 0.146407 0.506893
v -0.245847 0.160044 0.453725
v -0.257245 0.141620 0.364714
v -0.211195 0.120664 0.399454
v -0.199797 0.139088 0.488465
v -0.222994 0.164112 0.490309
v -0.248729 0.161154 0.402439
v -0.241437 0.134301 0.346286
v -0.220268 0.148202 0.423908
v -0.121524 0.139288 0.354591
v -0.066082 0.118727 0.320340
v -0.142910 0.111883 0.369766
v -0.185337 0.141050 0.405496
v -0.134729 0.165919 0.378152
v -0.061026 0.152123 0.325523
v -0.095631 0.107781 0.350077
v -0.169334 0.121577 0.402706
v -0.164278 0.154973 0.407889
v -0.087450 0.161817 0.358463
v -0.045023 0.132650 0.322733
v -0.108836 0.134412 0.373638
v -0.145490 0.076855 0.369863
v -0.156232 0.066636 0.303156
v -0.172593 0.064342 0.393263
v -0.149487 0.070632 0.451177
v -0.118847 0.076814 0.396860
v -0.123016 0.074345 0.305379
v -0.166869 0.054099 0.343242
v -0.162700 0.056568 0.434723
v -0.129483 0.064276 0.436946
v -0.113122 0.066571 0.346839
v -0.136228 0.060280 0.288925
v -0.140225 0.054058 0.370239
v -0.076593 0.173193 0.336685
v -0.093126 0.175819 0.270432
v -0.102413 0.186810 0.360904
v -0.081662 0.172058 0.418169
v -0.059551 0.151950 0.363086
v -0.066636 0.154274 0.271780
v -0.108414 0.176307 0.310970
v -0.101329 0.173983 0.402275
v -0.074839 0.152438 0.403623
v -0.065552 0.141447 0.313151
v -0.086303 0.156199 0.255887
v -0.091372 0.155064 0.337370
v -0.073185 0.168096 0.328441
v -0.044056 0.151581 0.268872
v -0.106624 0.185874 0.326331
v -0.128317 0.188620 0.385061
v -0.079154 0.156022 0.363899
v -0.027079 0.133131 0.292091
v -0.081185 0.161897 0.288677
v -0.133261 0.184789 0.360486
v -0.116283 0.166339 0.383704
v -0.053715 0.132045 0.326246
v -0.032023 0.129300 0.267515
v -0.087154 0.149823 0.324135
v -0.196547 0.077158 0.323013
v -0.192966 0.037253 0.267656
v -0.231201 0.082710 0.337398
v -0.222607 0.112805 0.391692
v -0.179058 0.085947 0.355503
v -0.160740 0.039254 0.278845
v -0.216813 0.048237 0.302122
v -0.235131 0.094931 0.378780
v -0.202905 0.096931 0.389969
v -0.164670 0.051475 0.320227
v -0.173264 0.021379 0.265933
v -0.199324 0.057026 0.334612
v -0.147495 0.120987 0.412953
v -0.150881 0.083882 0.355669
v -0.179909 0.136991 0.424438
v -0.168069 0.160912 0.481139
v -0.131723 0.122586 0.447412
v -0.121101 0.074979 0.369868
v -0.173548 0.100875 0.388451
v -0.184170 0.148482 0.465995
v -0.154390 0.139579 0.480194
v -0.125363 0.086470 0.411425
v -0.137203 0.062549 0.354724
v -0.157777 0.102474 0.422910
v -0.092690 0.109109 0.388376
v -0.043392 0.072576 0.358298
v -0.090018 0.146790 0.384956
v -0.143488 0.169933 0.408036
v -0.129907 0.110022 0.395643
v -0.068044 0.049853 0.364903
v -0.063721 0.110823 0.359369
v -0.125584 0.170992 0.390109
v -0.150236 0.148269 0.396714
v -0.103610 0.074055 0.370057
v -0.050140 0.050912 0.346976
v -0.100938 0.111736 0.366636
v -0.149065 0.101451 0.387840
v -0.122024 0.053248 0.347654
v -0.186185 0.107934 0.383502
v -0.202350 0.146759 0.429964
v -0.148180 0.116067 0.422830
v -0.098536 0.058274 0.371959
v -0.158597 0.068764 0.364942
v -0.208241 0.126557 0.415812
v -0.184753 0.131583 0.440118
v -0.120592 0.076897 0.404269
v -0.104426 0.038072 0.357808
v -0.157712 0.083380 0.399932
v 0.142273 0.076129 0.461452
v 0.102143 0.022670 0.447258
v 0.179584 0.070511 0.457579
v 0.206199 0.126839 0.464373
v 0.145206 0.113810 0.458252
v 0.080896 0.049431 0.447675
v 0.141268 0.040341 0.441408
v 0.205577 0.104720 0.451985
v 0.184331 0.131480 0.452402
v 0.106890 0.083640 0.442081
v 0.080275 0.027312 0.435287
v 0.144201 0.078022 0.438208
v 0.194954 0.008416 0.445983
v 0.158875 -0.026408 0.399559
v 0.232365 0.002168 0.446193
v 0.256587 0.044455 0.485595
v 0.198064 0.042012 0.463312
v 0.137676 -0.001783 0.410139
v 0.198210 -0.011891 0.410478
v 0.258599 0.031905 0.463652
v 0.237400 0.056529 0.474232
v 0.163909 0.027953 0.427597
v 0.139687 -0.014333 0.388195
v 0.201320 0.021706 0.427807
v 0.145230 0.159166 0.413330
v 0.117715 0.141671 0.353276
v 0.165383 0.132289 0.430942
v 0.192833 0.160595 0.479651
v 0.162129 0.187472 0.432088
v 0.115703 0.175777 0.353985
v 0.148313 0.132289 0.382481
v 0.194739 0.143985 0.460585
v 0.192727 0.178090 0.461293
v 0.145059 0.187473 0.383628
v 0.117609 0.159166 0.334918
v 0.165212 0.160596 0.401239
v 0.171782 0.134431 0.424203
v 0.118974 0.097775 0.401022
v 0.206240 0.119797 0.418107
v 0.247000 0.164288 0.435038
v 0.184922 0.169762 0.428416
v 0.105799 0.128654 0.407394
v 0.161555 0.104978 0.397529
v 0.240679 0.146085 0.418552
v 0.227503 0.176964 0.424923
v 0.140237 0.154942 0.407839
v 0.099478 0.110451 0.390908
v 0.174696 0.140309 0.401742
v 0.147928 0.052493 0.371582
v 0.138132 0.045946 0.304271
v 0.178746 0.071904 0.382174
v 0.173817 0.079381 0.444200
v 0.130157 0.058044 0.404629
v 0.108103 0.037380 0.318148
v 0.157967 0.068788 0.335288
v 0.180021 0.089452 0.421768
v 0.149992 0.080886 0.435646
v 0.109378 0.054928 0.357742
v 0.114307 0.047451 0.295716
v 0.140196 0.074339 0.368334
v 0.206157 0.122351 0.396416
v 0.205592 0.107112 0.329805
v 0.232233 0.104525 0.417417
v 0.230040 0.131454 0.473962
v 0.202043 0.150685 0.421295
v 0.186934 0.135640 0.332202
v 0.229126 0.106798 0.366182
v 0.244235 0.121842 0.455275
v 0.225577 0.150370 0.457672
v 0.198936 0.152958 0.370061
v 0.201129 0.126028 0.313515
v 0.225012 0.135132 0.391061
v 0.225525 0.071140 0.345141
v 0.216891 0.049191 0.281005
v 0.260095 0.084085 0.353862
v 0.255059 0.109243 0.411038
v 0.208742 0.089898 0.373516
v 0.185154 0.052784 0.293151
v 0.241089 0.073731 0.307264
v 0.264677 0.110844 0.387629
v 0.232940 0.114437 0.399775
v 0.189736 0.079544 0.326918
v 0.194772 0.054385 0.269742
v 0.224306 0.092489 0.335639
v 0.192069 0.159355 0.375433
v 0.247549 0.119505 0.373572
v 0.159386 0.142110 0.383984
v 0.117274 0.187917 0.391450
v 0.179413 0.193621 0.385652
v 0.259927 0.151339 0.374603
v 0.207043 0.123437 0.388439
v 0.126529 0.165718 0.399488
v 0.138907 0.197553 0.400519
v 0.227071 0.174947 0.390107
v 0.269182 0.129140 0.382641
v 0.194388 0.157702 0.398659
v 0.145864 0.122347 0.434724
v 0.089986 0.100730 0.401860
v 0.174752 0.133668 0.412906
v 0.216715 0.159123 0.451874
v 0.157882 0.141917 0.464911
v 0.079559 0.105829 0.434001
v 0.126303 0.124146 0.398700
v 0.204625 0.160235 0.429610
v 0.194199 0.165333 0.461751
v 0.109433 0.132395 0.450705
v 0.067469 0.106940 0.411737
v 0.138321 0.143716 0.428887
v 0.214456 0.012233 0.429249
v 0.224257 0.003719 0.362159
v 0.244978 0.007693 0.451305
v 0.227511 0.025834 0.508692
v 0.195995 0.033072 0.455010
v 0.193984 0.019404 0.364448
v 0.243370 0.012059 0.400137
v 0.245381 0.025726 0.490699
v 0.215108 0.041412 0.492988
v 0.194387 0.037438 0.403842
v 0.211854 0.019297 0.346455
v 0.224909 0.032898 0.425898
v 0.196200 0.068294 0.434593
v 0.225789 0.030936 0.385619
v 0.207084 0.104560 0.436822
v 0.168539 0.131512 0.478238
v 0.163424 0.074543 0.452630
v 0.198806 0.012384 0.395389
v 0.216416 0.071066 0.398995
v 0.181033 0.133225 0.456237
v 0.154050 0.114674 0.466007
v 0.172755 0.041049 0.414804
v 0.211300 0.014097 0.373387
v 0.183639 0.077315 0.417032
v 0.152683 0.026510 0.438524
v 0.169791 0.037599 0.373301
v 0.148098 0.057382 0.460078
v 0.124560 0.036982 0.514458
v 0.131706 0.004590 0.461288
v 0.159660 0.004972 0.374048
v 0.152242 0.054924 0.408926
v 0.124288 0.054542 0.496165
v 0.114157 0.021915 0.496912
v 0.135850 0.002132 0.410135
v 0.159388 0.022532 0.355755
v 0.131266 0.033004 0.431690
v 0.130252 0.086691 0.380033
v 0.146239 0.096214 0.314280
v 0.123219 0.118019 0.400227
v 0.101556 0.098218 0.455599
v 0.111189 0.064175 0.403872
v 0.138805 0.062937 0.316533
v 0.127424 0.113626 0.349209
v 0.099808 0.114864 0.436548
v 0.092374 0.081587 0.438801
v 0.115394 0.059782 0.352854
v 0.137057 0.079583 0.297482
v 0.108361 0.091110 0.373048
v 0.167507 0.144058 0.424411
v 0.171876 0.121750 0.359967
v 0.148097 0.122042 0.448436
v 0.157319 0.146521 0.505384
v 0.186798 0.161359 0.452110
v 0.195795 0.146050 0.362238
v 0.164388 0.110427 0.401113
v 0.155391 0.125736 0.490985
v 0.179310 0.150036 0.493255
v 0.203090 0.149744 0.404786
v 0.193868 0.125265 0.347838
v 0.183679 0.127728 0.428812
v -0.052204 -0.279056 0.468510
v -0.070463 -0.274900 0.402791
v -0.046538 -0.246092 0.486397
v -0.038918 -0.260510 0.546907
v -0.058133 -0.298229 0.500696
v -0.077629 -0.307122 0.411628
v -0.068462 -0.253784 0.440571
v -0.048967 -0.244891 0.529639
v -0.056133 -0.277113 0.538476
v -0.080057 -0.305921 0.454870
v -0.087678 -0.291503 0.394360
v -0.074392 -0.272957 0.472757
v -0.086235 -0.216238 0.456663
v -0.070248 -0.217166 0.390231
v -0.057042 -0.216327 0.480879
v -0.081823 -0.206754 0.537639
v -0.110344 -0.201675 0.482068
v -0.103190 -0.208111 0.390965
v -0.055954 -0.208256 0.430150
v -0.063109 -0.201821 0.521253
v -0.096051 -0.192765 0.521987
v -0.109256 -0.193604 0.431338
v -0.084475 -0.203177 0.374579
v -0.080063 -0.193694 0.455555
v -0.016879 -0.174088 0.528053
v -0.007853 -0.165868 0.460817
v 0.010447 -0.160213 0.550402
v -0.011221 -0.165071 0.609005
v -0.042911 -0.173728 0.555637
v -0.040830 -0.174221 0.464053
v 0.003385 -0.151771 0.500216
v 0.001303 -0.151278 0.591800
v -0.031674 -0.159631 0.595035
v -0.049974 -0.165286 0.505451
v -0.028306 -0.160429 0.446848
v -0.022648 -0.151411 0.527800
v -0.073185 -0.194455 0.518131
v -0.102072 -0.253285 0.498784
v -0.090441 -0.162745 0.506497
v -0.061650 -0.115672 0.536206
v -0.055488 -0.177121 0.546855
v -0.080470 -0.262170 0.523727
v -0.108391 -0.210860 0.504903
v -0.083409 -0.125811 0.528031
v -0.061806 -0.134697 0.552973
v -0.073438 -0.225237 0.545261
v -0.102229 -0.272309 0.515551
v -0.090694 -0.193526 0.533627
v -0.032948 -0.155869 0.487028
v -0.028071 -0.200299 0.435339
v -0.046968 -0.121692 0.478421
v -0.055209 -0.092267 0.533135
v -0.041405 -0.152690 0.523867
v -0.024633 -0.219457 0.463426
v -0.047317 -0.164157 0.449499
v -0.064089 -0.097390 0.509940
v -0.060651 -0.116547 0.538027
v -0.041754 -0.195154 0.494945
v -0.033513 -0.224580 0.440231
v -0.055774 -0.160978 0.486338
v -0.040424 -0.274434 0.427734
v -0.005862 -0.292590 0.371649
v -0.037481 -0.238078 0.438139
v -0.078906 -0.230104 0.484484
v -0.072887 -0.279688 0.446635
v -0.027744 -0.318306 0.376900
v -0.022982 -0.259481 0.393738
v -0.068126 -0.220863 0.463473
v -0.090008 -0.246579 0.468723
v -0.058388 -0.301091 0.402233
v -0.016963 -0.309065 0.355888
v -0.055445 -0.264735 0.412638
v -0.039401 -0.125943 0.454317
v -0.072962 -0.147208 0.398719
v -0.057535 -0.100817 0.476193
v -0.022558 -0.094649 0.527827
v -0.016369 -0.137228 0.482262
v -0.047521 -0.169710 0.402470
v -0.076862 -0.129056 0.437867
v -0.045710 -0.096573 0.517659
v -0.020269 -0.119076 0.521409
v -0.035696 -0.165466 0.443935
v -0.070672 -0.171634 0.392302
v -0.053830 -0.140340 0.465811
v -0.008986 -0.272661 0.493100
v -0.038820 -0.319668 0.453478
v -0.020790 -0.236921 0.488409
v 0.005919 -0.203860 0.534462
v 0.004396 -0.266175 0.527994
v -0.023254 -0.337748 0.477943
v -0.042354 -0.279919 0.470352
v -0.014704 -0.208346 0.520403
v 0.000862 -0.226426 0.544868
v -0.017167 -0.309173 0.509937
v -0.043877 -0.342234 0.463884
v -0.028972 -0.273433 0.505246
v -0.008620 -0.214982 0.433731
v -0.022142 -0.213119 0.366773
v -0.034245 -0.198628 0.456416
v -0.017122 -0.213185 0.514916
v 0.005563 -0.236672 0.461427
v 0.002460 -0.236632 0.369870
v -0.039002 -0.210170 0.406576
v -0.035899 -0.210211 0.498133
v -0.011297 -0.233723 0.501230
v 0.000806 -0.248214 0.411588
v -0.016316 -0.233658 0.353087
v -0.024819 -0.231860 0.434272
v -0.092613 -0.171003 0.454860
v -0.136471 -0.220253 0.436955
v -0.078756 -0.149872 0.426573
v -0.047120 -0.103209 0.453941
v -0.085283 -0.144752 0.481238
v -0.140505 -0.217089 0.470740
v -0.118084 -0.182897 0.424971
v -0.062862 -0.110560 0.435469
v -0.066896 -0.107395 0.469254
v -0.124610 -0.177776 0.479636
v -0.156247 -0.224440 0.452268
v -0.110754 -0.156645 0.451349
v 0.012691 -0.234434 0.491031
v -0.023933 -0.252926 0.436383
v 0.035350 -0.204346 0.486561
v 0.057302 -0.190782 0.543670
v 0.011584 -0.230979 0.528787
v -0.038621 -0.269386 0.462480
v -0.001958 -0.220702 0.455248
v 0.048248 -0.182295 0.521555
v 0.033560 -0.198755 0.547652
v -0.025723 -0.247334 0.497475
v -0.047675 -0.260899 0.440365
v -0.003064 -0.217246 0.493004
v 0.037780 -0.212306 0.497575
v 0.022947 -0.277954 0.485745
v 0.009452 -0.187597 0.492511
v 0.030619 -0.132628 0.513905
v 0.057196 -0.189014 0.520362
v 0.052454 -0.278830 0.502958
v 0.006617 -0.238849 0.494764
v 0.011359 -0.149033 0.512168
v 0.040866 -0.149908 0.529380
v 0.054361 -0.240265 0.522614
v 0.033194 -0.295235 0.501220
v 0.026032 -0.215556 0.517550
v -0.020994 -0.178736 0.514108
v -0.029705 -0.196102 0.448594
v 0.014138 -0.168587 0.524177
v 0.009550 -0.146722 0.582729
v -0.037131 -0.160725 0.543330
v -0.061391 -0.191243 0.460431
v -0.004545 -0.174820 0.476723
v 0.019715 -0.144302 0.559623
v -0.011970 -0.139443 0.571460
v -0.055814 -0.166958 0.495876
v -0.051226 -0.188823 0.437324
v -0.020682 -0.156809 0.505945
v -0.053311 -0.231769 0.446719
v -0.054421 -0.224038 0.378832
v -0.023914 -0.216088 0.464846
v -0.036714 -0.221284 0.525973
v -0.075133 -0.232446 0.477736
v -0.086076 -0.234148 0.386799
v -0.038510 -0.208775 0.416129
v -0.027567 -0.207073 0.507067
v -0.059222 -0.217182 0.515033
v -0.089729 -0.225133 0.429020
v -0.076929 -0.219937 0.367892
v -0.060332 -0.209451 0.447146
v -0.011753 0.137020 0.426216
v -0.033467 0.109715 0.367457
v 0.021878 0.154525 0.425088
v 0.028300 0.182910 0.480590
v -0.023077 0.155642 0.457260
v -0.061250 0.110405 0.387340
v -0.006834 0.138729 0.385516
v 0.031339 0.183966 0.455435
v 0.003556 0.184656 0.475319
v -0.051789 0.139845 0.417688
v -0.058210 0.111460 0.362186
v -0.018158 0.157350 0.416560
v -0.051470 0.193713 0.491261
v -0.057665 0.131201 0.464364
v -0.028783 0.217743 0.472644
v -0.036741 0.273542 0.500040
v -0.070541 0.221483 0.508692
v -0.083472 0.133512 0.486643
v -0.046764 0.172394 0.456520
v -0.033833 0.260365 0.478570
v -0.059641 0.262676 0.500848
v -0.088522 0.176134 0.492568
v -0.080564 0.120335 0.465172
v -0.065835 0.200163 0.473951
v -0.112165 0.105867 0.446295
v -0.065027 0.061406 0.424595
v -0.145119 0.091008 0.457779
v -0.177322 0.138353 0.483252
v -0.117130 0.138011 0.465809
v -0.047729 0.090455 0.429558
v -0.101051 0.066413 0.448141
v -0.170452 0.113969 0.484393
v -0.153154 0.143018 0.489355
v -0.073062 0.113416 0.456171
v -0.040859 0.066071 0.430699
v -0.106016 0.098557 0.467656
v 0.012633 0.158410 0.480373
v 0.048213 0.169816 0.423157
v -0.003806 0.188732 0.496154
v -0.040260 0.166531 0.542042
v -0.010771 0.133895 0.497402
v 0.043908 0.135925 0.423929
v 0.017310 0.184987 0.449465
v -0.037369 0.182957 0.522938
v -0.041674 0.149066 0.523710
v 0.010344 0.130150 0.450713
v 0.046799 0.152351 0.404825
v -0.006094 0.160472 0.466494
v -0.107219 0.221234 0.479166
v -0.113248 0.219570 0.411118
v -0.118204 0.253329 0.496136
v -0.116835 0.241524 0.557668
v -0.111033 0.200468 0.510677
v -0.108817 0.186900 0.420105
v -0.126590 0.238830 0.447564
v -0.128806 0.252398 0.538136
v -0.124374 0.219728 0.547122
v -0.119419 0.185969 0.462104
v -0.120788 0.197775 0.400572
v -0.130403 0.218064 0.479074
v -0.121092 0.229697 0.444781
v -0.111735 0.170223 0.412455
v -0.154834 0.246293 0.439807
v -0.156231 0.294595 0.479711
v -0.113994 0.248375 0.477022
v -0.086495 0.171510 0.435455
v -0.141091 0.198364 0.427407
v -0.168590 0.275229 0.468973
v -0.143350 0.276516 0.491973
v -0.100251 0.200446 0.464622
v -0.098854 0.152144 0.424717
v -0.133993 0.217042 0.459647
v -0.068079 0.231394 0.461389
v -0.120694 0.191115 0.444688
v -0.069143 0.266780 0.447774
v -0.021869 0.297224 0.475446
v -0.044205 0.240373 0.489462
v -0.105282 0.174795 0.470452
v -0.107003 0.232052 0.448423
v -0.045926 0.297630 0.467433
v -0.030513 0.281310 0.493197
v -0.082064 0.205644 0.490111
v -0.129338 0.175200 0.462438
v -0.083128 0.241031 0.476496
v -0.062353 0.143926 0.449497
v -0.042339 0.083412 0.424857
v -0.099778 0.148980 0.453034
v -0.106935 0.203048 0.483902
v -0.053919 0.170895 0.474801
v -0.013997 0.096956 0.438309
v -0.074553 0.105134 0.444033
v -0.114474 0.179072 0.480524
v -0.086132 0.192616 0.493976
v -0.028693 0.127049 0.465799
v -0.021536 0.072980 0.434932
v -0.066118 0.132102 0.469336
v -0.057116 0.193777 0.446076
v -0.092643 0.171967 0.391930
v -0.029184 0.218418 0.438914
v -0.009107 0.238308 0.494849
v -0.060160 0.204148 0.482434
v -0.111788 0.163148 0.418827
v -0.066592 0.203019 0.407238
v -0.014964 0.244019 0.470845
v -0.034108 0.235200 0.497742
v -0.097568 0.188749 0.450758
v -0.117644 0.168859 0.394823
v -0.069636 0.213390 0.443596
v 0.014358 0.142586 0.465753
v 0.015533 0.147679 0.397619
v -0.001657 0.171476 0.484397
v -0.005340 0.153309 0.544262
v 0.009573 0.118284 0.494480
v 0.022473 0.114805 0.403850
v -0.003440 0.161550 0.434018
v -0.016340 0.165029 0.524647
v -0.009400 0.132155 0.530879
v 0.007790 0.108358 0.444100
v 0.011473 0.126525 0.384236
v -0.008225 0.137248 0.462744
v -0.045838 0.172970 0.440602
v -0.045815 0.180739 0.372710
v -0.072370 0.192282 0.459623
v -0.069324 0.171859 0.518792
v -0.040886 0.147694 0.468446
v -0.026357 0.153183 0.378163
v -0.069287 0.184430 0.408941
v -0.083816 0.178941 0.499224
v -0.064358 0.151385 0.504677
v -0.037803 0.139842 0.417764
v -0.040849 0.160265 0.358595
v -0.064335 0.159154 0.436785
v -0.000759 0.135405 0.463582
v -0.044206 0.100483 0.424053
v 0.026607 0.154486 0.445535
v 0.054959 0.189273 0.489279
v 0.001667 0.156767 0.494830
v -0.059619 0.101893 0.454518
v -0.015339 0.132768 0.425319
v 0.045948 0.187643 0.465631
v 0.030534 0.189052 0.496096
v -0.040278 0.135049 0.474614
v -0.068630 0.100263 0.430870
v -0.012912 0.154131 0.456567
v -0.048047 0.160926 0.442000
v -0.083057 0.136753 0.388524
v -0.012036 0.170789 0.435320
v 0.007930 0.199163 0.487508
v -0.050753 0.182663 0.472965
v -0.106985 0.144091 0.411790
v -0.048717 0.160050 0.400983
v 0.007516 0.198622 0.462158
v -0.016412 0.205960 0.485424
v -0.087433 0.171924 0.438629
v -0.107399 0.143550 0.386440
v -0.051422 0.181787 0.431949
v -0.042060 0.180938 0.458953
v -0.047916 0.122027 0.424822
v -0.073219 0.193028 0.476888
v -0.055165 0.242108 0.511423
v -0.018704 0.201438 0.480699
v -0.014224 0.127225 0.427177
v -0.064639 0.146788 0.456198
v -0.069119 0.221001 0.509719
v -0.035427 0.226199 0.512075
v -0.010124 0.155198 0.460009
v -0.028178 0.106118 0.425474
v -0.041282 0.167288 0.477944
v -0.253224 0.004783 0.293527
v -0.284955 -0.051855 0.272196
v -0.252193 0.033634 0.268925
v -0.229128 0.082463 0.300723
v -0.247635 0.027150 0.323646
v -0.282137 -0.055862 0.306015
v -0.280470 -0.009178 0.266208
v -0.245968 0.073834 0.283839
v -0.243150 0.069827 0.317658
v -0.275911 -0.015662 0.320929
v -0.298977 -0.064491 0.289131
v -0.274881 0.013189 0.296327
v -0.208221 -0.010233 0.362088
v -0.203602 -0.027213 0.296058
v -0.243263 -0.008612 0.376514
v -0.236031 -0.000966 0.438294
v -0.191901 -0.014842 0.396016
v -0.171859 -0.031064 0.308111
v -0.228559 -0.028440 0.331454
v -0.248601 -0.012218 0.419360
v -0.216858 -0.016069 0.431413
v -0.177197 -0.034671 0.350956
v -0.184428 -0.042316 0.289177
v -0.212239 -0.033049 0.365382
v -0.189945 -0.012291 0.282132
v -0.185725 0.005475 0.216282
v -0.179798 0.014230 0.307279
v -0.195295 -0.008654 0.363525
v -0.210799 -0.031553 0.307287
v -0.204884 -0.022821 0.216287
v -0.188467 0.020091 0.256977
v -0.194381 0.011359 0.347977
v -0.213541 -0.016936 0.347982
v -0.219467 -0.025692 0.256985
v -0.203971 -0.002808 0.200739
v -0.209321 0.000829 0.282132
v -0.158141 0.068951 0.352356
v -0.144459 0.069310 0.285405
v -0.128245 0.071702 0.375537
v -0.151829 0.079086 0.433127
v -0.182619 0.081257 0.378587
v -0.178064 0.075215 0.287290
v -0.129691 0.079667 0.324799
v -0.134247 0.085709 0.416096
v -0.167851 0.091615 0.417981
v -0.184065 0.089222 0.327849
v -0.160481 0.081838 0.270259
v -0.154170 0.091973 0.351030
v -0.227602 0.005366 0.297641
v -0.247107 -0.014562 0.235254
v -0.193669 0.022153 0.299975
v -0.189275 0.043857 0.358601
v -0.239998 0.020555 0.330112
v -0.275739 -0.015549 0.253880
v -0.220833 0.011612 0.257657
v -0.185092 0.047717 0.333889
v -0.213725 0.046730 0.352514
v -0.267162 0.010015 0.287794
v -0.271556 -0.011690 0.229168
v -0.233229 0.026801 0.290127
v -0.176447 0.078408 0.299949
v -0.184607 0.075825 0.232152
v -0.141922 0.088153 0.312266
v -0.147368 0.095869 0.374219
v -0.193420 0.088309 0.332392
v -0.216434 0.075922 0.244591
v -0.160571 0.091690 0.264521
v -0.137556 0.104078 0.352323
v -0.169383 0.104174 0.364762
v -0.212069 0.091846 0.284648
v -0.206622 0.084130 0.222695
v -0.177543 0.101591 0.296965
v -0.239023 0.104520 0.281601
v -0.221937 0.043902 0.255084
v -0.273538 0.106823 0.297161
v -0.275834 0.162623 0.325596
v -0.225652 0.134185 0.301092
v -0.192342 0.060812 0.257513
v -0.248189 0.064540 0.282690
v -0.281499 0.137914 0.326269
v -0.251904 0.154824 0.328698
v -0.200303 0.091902 0.286621
v -0.198007 0.036103 0.258186
v -0.234819 0.094206 0.302180
v -0.247489 0.042745 0.353342
v -0.251449 0.005531 0.296166
v -0.278301 0.042724 0.375462
v -0.261531 0.072051 0.428246
v -0.224314 0.052982 0.381570
v -0.218083 0.011870 0.299941
v -0.267938 0.011837 0.335734
v -0.274169 0.052948 0.417363
v -0.240803 0.059288 0.421137
v -0.213950 0.022094 0.341841
v -0.230721 -0.007233 0.289057
v -0.244762 0.022073 0.363961
v -0.258153 -0.013179 0.377097
v -0.197063 -0.017131 0.346731
v -0.288035 -0.009229 0.354072
v -0.338666 -0.015245 0.390510
v -0.278984 -0.026865 0.405688
v -0.191469 -0.028030 0.378631
v -0.239821 -0.021639 0.341376
v -0.327336 -0.020474 0.368434
v -0.321742 -0.031374 0.400334
v -0.230769 -0.039275 0.392992
v -0.180139 -0.033259 0.356554
v -0.260652 -0.035326 0.369968
v -0.198005 0.061136 0.323880
v -0.226735 0.034938 0.267685
v -0.196600 0.098989 0.325837
v -0.176822 0.112440 0.383762
v -0.194734 0.056701 0.361408
v -0.225581 0.008803 0.289669
v -0.223308 0.070052 0.292835
v -0.192461 0.117950 0.364574
v -0.191308 0.091814 0.386558
v -0.221442 0.027763 0.328407
v -0.241220 0.014312 0.270481
v -0.220038 0.065616 0.330363
v -0.236305 0.079103 0.297899
v -0.203543 0.078370 0.237934
v -0.241433 0.113191 0.313724
v -0.279202 0.103783 0.362840
v -0.264654 0.063146 0.317404
v -0.217894 0.047441 0.240208
v -0.226192 0.102596 0.265815
v -0.272952 0.118302 0.343010
v -0.287303 0.087373 0.345285
v -0.249413 0.052552 0.269495
v -0.211644 0.061960 0.220379
v -0.254541 0.086639 0.285320
v -0.181958 0.067009 0.371318
v -0.126094 0.048347 0.336667
v -0.188858 0.104264 0.373084
v -0.245649 0.109972 0.398962
v -0.217981 0.057581 0.378538
v -0.144093 0.019495 0.340039
v -0.155259 0.079776 0.342896
v -0.229148 0.117862 0.381396
v -0.247146 0.089011 0.384768
v -0.184382 0.033093 0.348351
v -0.127592 0.027385 0.322473
v -0.191283 0.070349 0.350117
v -0.140926 0.039182 0.334999
v -0.090568 0.021142 0.292475
v -0.164490 0.066153 0.322506
v -0.211021 0.069009 0.364389
v -0.165854 0.025763 0.360242
v -0.091411 -0.003820 0.315797
v -0.129539 0.039819 0.295584
v -0.203982 0.069402 0.340030
v -0.204825 0.044440 0.363351
v -0.130903 -0.000570 0.333320
v -0.084372 -0.003427 0.291437
v -0.154467 0.026400 0.320828
v -0.206943 0.050828 0.370697
v -0.207698 0.003477 0.321432
v -0.239551 0.069263 0.376657
v -0.230710 0.103428 0.428446
v -0.193392 0.058755 0.405225
v -0.179171 -0.003017 0.339088
v -0.231932 0.026813 0.348733
v -0.246154 0.088585 0.414871
v -0.217627 0.082091 0.432527
v -0.185774 0.016305 0.377301
v -0.194615 -0.017860 0.325513
v -0.218382 0.034741 0.383262
v 0.227110 -0.028165 0.384304
v 0.265600 -0.078731 0.359179
v 0.189602 -0.033756 0.383545
v 0.164550 0.013597 0.416066
v 0.225068 -0.002115 0.411797
v 0.287519 -0.059176 0.376639
v 0.226828 -0.068221 0.375412
v 0.164377 -0.011159 0.410571
v 0.186296 0.008396 0.428031
v 0.262294 -0.036580 0.403664
v 0.287345 -0.083932 0.371144
v 0.224786 -0.042170 0.402906
v 0.255213 -0.079995 0.369568
v 0.317443 -0.106434 0.359664
v 0.226429 -0.098368 0.353059
v 0.174176 -0.071655 0.375046
v 0.232898 -0.063211 0.395240
v 0.321441 -0.084706 0.385733
v 0.274866 -0.114435 0.359020
v 0.186323 -0.092940 0.368527
v 0.190321 -0.071212 0.394597
v 0.281335 -0.079277 0.401202
v 0.333588 -0.105991 0.379214
v 0.252551 -0.097651 0.384692
v 0.160083 -0.059233 0.357706
v 0.174368 -0.070255 0.291796
v 0.159580 -0.022984 0.368861
v 0.137432 -0.023393 0.427484
v 0.138531 -0.070918 0.386648
v 0.161358 -0.099880 0.302789
v 0.160545 -0.041227 0.320839
v 0.137717 -0.012265 0.404698
v 0.124708 -0.041890 0.415691
v 0.139495 -0.089161 0.338626
v 0.161644 -0.088752 0.280003
v 0.138992 -0.052912 0.349781
v 0.296079 -0.022125 0.306057
v 0.267428 -0.033045 0.244987
v 0.288432 0.011251 0.322376
v 0.311830 0.007721 0.380406
v 0.305287 -0.038757 0.338879
v 0.277845 -0.063951 0.255187
v 0.265473 -0.009948 0.281592
v 0.292915 0.015247 0.365285
v 0.303331 -0.015659 0.375485
v 0.282328 -0.059955 0.298096
v 0.258929 -0.056425 0.240066
v 0.274681 -0.026579 0.314414
v 0.267382 0.002435 0.357347
v 0.252636 -0.002414 0.290799
v 0.273246 0.037466 0.370655
v 0.277290 0.031695 0.432927
v 0.259178 -0.011753 0.391554
v 0.243941 -0.032833 0.303715
v 0.253430 0.023850 0.325249
v 0.268667 0.044930 0.413088
v 0.259973 0.014511 0.426004
v 0.239362 -0.025369 0.346148
v 0.235318 -0.019598 0.283876
v 0.245226 0.009663 0.359456
v 0.225975 0.014427 0.317278
v 0.160885 0.008397 0.297362
v 0.239181 0.049815 0.320742
v 0.295712 0.044498 0.347262
v 0.252353 -0.000207 0.340273
v 0.169026 -0.022518 0.309432
v 0.190395 0.034741 0.315036
v 0.273722 0.057052 0.345876
v 0.281863 0.026137 0.357947
v 0.203567 -0.015281 0.334567
v 0.147036 -0.009964 0.308046
v 0.216773 0.020107 0.338030
v 0.283030 0.005934 0.313775
v 0.298200 -0.038636 0.264246
v 0.246233 0.009706 0.322166
v 0.243948 0.045545 0.373526
v 0.294504 0.019351 0.347346
v 0.328033 -0.032675 0.279808
v 0.268493 -0.026571 0.293387
v 0.234964 0.025455 0.360925
v 0.264797 0.031415 0.376487
v 0.316765 -0.016927 0.318567
v 0.319049 -0.052765 0.267207
v 0.279967 -0.013154 0.326958
v 0.158790 -0.012249 0.320522
v 0.099198 -0.039794 0.301555
v 0.158926 0.025319 0.325746
v 0.214721 0.038940 0.350821
v 0.189475 -0.017757 0.342127
v 0.118079 -0.066416 0.311679
v 0.118299 -0.005628 0.320133
v 0.189695 0.043031 0.350581
v 0.208576 0.016409 0.360704
v 0.148848 -0.048704 0.336514
v 0.093053 -0.062324 0.311439
v 0.148984 -0.011136 0.341738
v 0.208482 -0.029975 0.358447
v 0.191657 -0.026643 0.292300
v 0.182929 -0.016272 0.382901
v 0.203796 -0.031703 0.439944
v 0.225420 -0.051610 0.384595
v 0.217918 -0.048483 0.293347
v 0.176572 -0.026312 0.332915
v 0.184074 -0.029439 0.424163
v 0.210335 -0.051279 0.425210
v 0.219064 -0.061650 0.334609
v 0.198197 -0.046220 0.277566
v 0.193510 -0.047948 0.359062
v 0.230660 0.010296 0.395464
v 0.223091 0.012079 0.327573
v 0.216244 0.039661 0.414663
v 0.220684 0.024358 0.475272
v 0.230275 -0.012682 0.425639
v 0.231763 -0.020271 0.334357
v 0.208436 0.027242 0.365422
v 0.206949 0.034831 0.456705
v 0.215621 0.002481 0.463488
v 0.222468 -0.025101 0.376399
v 0.218028 -0.009798 0.315789
v 0.208052 0.004263 0.395597
v 0.262575 -0.018375 0.319212
v 0.244037 -0.026809 0.253983
v 0.234346 -0.016003 0.344435
v 0.261620 -0.017137 0.400847
v 0.288167 -0.028644 0.345257
v 0.277300 -0.034622 0.254491
v 0.231625 -0.030784 0.295303
v 0.242492 -0.024807 0.386069
v 0.275755 -0.032619 0.386577
v 0.285446 -0.043425 0.296125
v 0.258172 -0.042291 0.239713
v 0.257216 -0.041053 0.321348
v 0.193472 0.013438 0.312761
v 0.136674 -0.016239 0.289036
v 0.220185 0.021365 0.287026
v 0.263338 0.055473 0.317057
v 0.206495 0.038947 0.337628
v 0.128213 -0.005373 0.320310
v 0.171436 0.007454 0.278670
v 0.249718 0.051774 0.295988
v 0.241257 0.062641 0.327262
v 0.157746 0.025036 0.329272
v 0.114593 -0.009072 0.299241
v 0.184458 0.032963 0.303538
v 0.248781 0.006869 0.405390
v 0.239272 -0.021451 0.343931
v 0.218016 0.009795 0.427382
v 0.238752 0.028598 0.483453
v 0.272822 0.008973 0.434652
v 0.273143 -0.021959 0.348424
v 0.223365 -0.017225 0.384010
v 0.223044 0.013707 0.470238
v 0.256915 0.013199 0.474731
v 0.278170 -0.018046 0.391280
v 0.257435 -0.036850 0.335209
v 0.247406 -0.015121 0.413272
v 0.204802 0.025587 0.356092
v 0.237508 0.000234 0.301712
v 0.167529 0.031312 0.352006
v 0.146107 0.046109 0.409010
v 0.202846 0.024175 0.393945
v 0.259334 -0.004176 0.327632
v 0.199026 0.005088 0.321020
v 0.142538 0.033440 0.387334
v 0.164364 0.029029 0.413254
v 0.234343 -0.002049 0.362960
v 0.255766 -0.016846 0.305956
v 0.197071 0.003677 0.358874
v -0.255914 -0.107140 0.149881
v -0.246715 -0.108992 0.082194
v -0.290770 -0.098058 0.161767
v -0.290766 -0.107521 0.223717
v -0.246709 -0.124304 0.182430
v -0.219484 -0.125213 0.094964
v -0.275882 -0.110517 0.114196
v -0.303107 -0.109607 0.201662
v -0.275876 -0.125828 0.214432
v -0.231821 -0.136762 0.134859
v -0.231825 -0.127299 0.072909
v -0.266677 -0.127680 0.146745
v -0.225118 -0.158295 0.142724
v -0.290375 -0.155349 0.122661
v -0.206034 -0.125517 0.142382
v -0.151119 -0.137363 0.170157
v -0.201522 -0.174516 0.167600
v -0.287587 -0.185631 0.138247
v -0.256707 -0.132596 0.137694
v -0.170642 -0.121480 0.167048
v -0.167854 -0.151763 0.182633
v -0.252195 -0.181595 0.162912
v -0.307110 -0.169749 0.135137
v -0.233111 -0.148817 0.162570
v -0.265683 -0.113234 0.138651
v -0.242869 -0.168913 0.106262
v -0.301278 -0.102744 0.130803
v -0.314962 -0.056902 0.171284
v -0.265007 -0.094740 0.171761
v -0.220452 -0.163966 0.131575
v -0.278048 -0.146992 0.118878
v -0.322603 -0.077766 0.159063
v -0.300187 -0.072820 0.184376
v -0.241777 -0.138989 0.159835
v -0.228094 -0.184831 0.119355
v -0.277373 -0.128499 0.151987
v -0.198254 -0.079323 0.159331
v -0.179823 -0.084438 0.093728
v -0.182647 -0.050825 0.178901
v -0.212136 -0.049826 0.234189
v -0.227537 -0.082821 0.183184
v -0.207566 -0.104211 0.096375
v -0.182314 -0.058100 0.128041
v -0.202285 -0.036710 0.214850
v -0.230028 -0.056484 0.217497
v -0.227204 -0.090096 0.132324
v -0.197715 -0.091095 0.077035
v -0.211597 -0.061598 0.151894
v -0.170181 -0.036878 0.127623
v -0.152668 -0.046253 0.062239
v -0.206648 -0.028741 0.134155
v -0.213761 -0.030659 0.196389
v -0.164176 -0.049357 0.162935
v -0.126420 -0.058994 0.080027
v -0.185425 -0.045829 0.090595
v -0.223181 -0.036192 0.173504
v -0.196933 -0.048933 0.191291
v -0.142953 -0.066444 0.119376
v -0.135840 -0.064526 0.057141
v -0.179420 -0.058308 0.125907
v -0.223500 -0.089773 0.095697
v -0.234789 -0.108357 0.030914
v -0.249920 -0.067680 0.111590
v -0.234710 -0.063700 0.172255
v -0.210178 -0.101918 0.129070
v -0.210227 -0.129517 0.041717
v -0.252975 -0.093769 0.067433
v -0.252927 -0.066170 0.154786
v -0.228365 -0.087330 0.165589
v -0.213233 -0.128007 0.084913
v -0.228443 -0.131987 0.024248
v -0.239653 -0.105914 0.100806
v -0.203623 -0.154691 0.156372
v -0.198845 -0.143049 0.089206
v -0.192670 -0.126343 0.179068
v -0.208875 -0.143598 0.237094
v -0.225066 -0.170969 0.183092
v -0.218866 -0.170629 0.091694
v -0.201143 -0.124760 0.128417
v -0.207343 -0.125100 0.219815
v -0.227364 -0.152680 0.222303
v -0.233539 -0.169385 0.132442
v -0.217334 -0.152130 0.074415
v -0.222586 -0.141037 0.155137
v -0.185445 -0.128224 0.082216
v -0.227906 -0.156707 0.036879
v -0.169747 -0.095245 0.071984
v -0.140114 -0.073839 0.122886
v -0.179960 -0.122072 0.119240
v -0.234217 -0.173287 0.066085
v -0.208817 -0.119926 0.049529
v -0.154560 -0.068711 0.102684
v -0.160871 -0.085291 0.131890
v -0.219030 -0.146753 0.096786
v -0.248663 -0.168159 0.045883
v -0.203332 -0.113774 0.086553
v -0.290600 -0.156038 0.172167
v -0.303589 -0.158309 0.105116
v -0.320849 -0.155814 0.195050
v -0.298404 -0.162315 0.253200
v -0.267271 -0.168827 0.199202
v -0.270476 -0.166352 0.107682
v -0.319420 -0.165990 0.144709
v -0.316215 -0.168466 0.236229
v -0.283102 -0.176509 0.238795
v -0.265842 -0.179004 0.148861
v -0.288288 -0.172503 0.090711
v -0.296091 -0.178780 0.171744
v -0.191956 -0.087011 0.090659
v -0.167786 -0.116798 0.034107
v -0.194096 -0.049147 0.089994
v -0.224944 -0.032803 0.142039
v -0.217698 -0.090354 0.118316
v -0.182372 -0.142265 0.051611
v -0.185835 -0.081000 0.050535
v -0.221161 -0.029088 0.117240
v -0.235747 -0.054555 0.134744
v -0.209437 -0.122206 0.078857
v -0.178589 -0.138551 0.026812
v -0.211577 -0.084342 0.078192
v -0.248464 -0.114722 0.147830
v -0.281178 -0.125537 0.088817
v -0.210990 -0.109372 0.145426
v -0.192434 -0.092060 0.202727
v -0.251156 -0.097526 0.181530
v -0.306002 -0.118216 0.111131
v -0.245367 -0.109559 0.107242
v -0.190521 -0.088868 0.177642
v -0.215345 -0.081547 0.199955
v -0.285533 -0.097713 0.143347
v -0.304089 -0.115025 0.086046
v -0.248059 -0.092362 0.140943
v -0.187846 -0.156776 0.162881
v -0.148539 -0.191137 0.118791
v -0.187206 -0.118970 0.159888
v -0.232209 -0.097981 0.198119
v -0.221354 -0.157179 0.180650
v -0.169643 -0.214752 0.131623
v -0.168609 -0.153579 0.126780
v -0.220320 -0.096007 0.175807
v -0.241424 -0.119621 0.188638
v -0.202757 -0.191789 0.147542
v -0.157754 -0.212777 0.109310
v -0.202117 -0.153983 0.144548
v -0.190521 -0.211053 0.170878
v -0.214543 -0.240762 0.114221
v -0.171570 -0.178566 0.165963
v -0.161652 -0.155642 0.223440
v -0.198495 -0.203671 0.207218
v -0.231183 -0.256278 0.139717
v -0.200521 -0.203711 0.131767
v -0.167833 -0.151105 0.199267
v -0.184473 -0.166621 0.224764
v -0.227445 -0.228817 0.173021
v -0.237364 -0.251741 0.115545
v -0.208495 -0.196329 0.168107
v -0.170402 -0.193676 0.124469
v -0.183065 -0.182181 0.058309
v -0.188460 -0.171177 0.149095
v -0.176949 -0.195150 0.205842
v -0.164442 -0.220969 0.150126
v -0.168222 -0.212953 0.058946
v -0.197439 -0.176550 0.098793
v -0.193659 -0.184565 0.189972
v -0.178815 -0.215338 0.190609
v -0.173421 -0.226342 0.099823
v -0.184931 -0.202369 0.043076
v -0.191478 -0.203843 0.124449
v 0.265234 -0.128771 0.078796
v 0.258064 -0.145534 0.012939
v 0.237509 -0.107664 0.093782
v 0.249121 -0.105297 0.155321
v 0.276852 -0.141703 0.112508
v 0.282378 -0.166571 0.024512
v 0.237519 -0.132420 0.048760
v 0.231993 -0.107552 0.136757
v 0.256308 -0.128590 0.148329
v 0.276862 -0.166459 0.067486
v 0.265250 -0.168827 0.005947
v 0.249138 -0.145353 0.082472
v 0.214216 -0.120162 0.129219
v 0.252461 -0.147375 0.079556
v 0.218936 -0.083057 0.135516
v 0.174025 -0.066698 0.176048
v 0.179795 -0.120907 0.145137
v 0.228271 -0.170768 0.085502
v 0.235908 -0.110730 0.095692
v 0.187432 -0.060869 0.155326
v 0.163242 -0.084261 0.161272
v 0.196767 -0.148580 0.105312
v 0.241678 -0.164939 0.064781
v 0.201487 -0.111475 0.111609
v 0.153860 -0.207547 0.118692
v 0.147055 -0.271555 0.095749
v 0.125131 -0.183954 0.111165
v 0.137138 -0.131515 0.143312
v 0.166485 -0.186710 0.147763
v 0.172613 -0.273258 0.118368
v 0.126128 -0.235082 0.106189
v 0.119999 -0.148533 0.135584
v 0.145557 -0.150237 0.158203
v 0.167482 -0.237837 0.142787
v 0.155474 -0.290276 0.110640
v 0.138752 -0.214244 0.135259
v 0.229282 -0.147089 0.177581
v 0.195315 -0.175991 0.125806
v 0.264283 -0.160219 0.184004
v 0.289331 -0.121992 0.226884
v 0.235844 -0.114139 0.195186
v 0.177739 -0.147512 0.132717
v 0.234372 -0.168756 0.143111
v 0.292477 -0.135383 0.205580
v 0.274901 -0.106904 0.212490
v 0.205933 -0.122676 0.154292
v 0.180885 -0.160903 0.111412
v 0.240934 -0.135805 0.160715
v 0.188834 -0.092177 0.139123
v 0.231599 -0.123517 0.096011
v 0.156100 -0.080026 0.124307
v 0.121314 -0.061032 0.172852
v 0.175317 -0.092785 0.174557
v 0.243476 -0.131402 0.127067
v 0.190509 -0.111742 0.103095
v 0.122350 -0.073125 0.150585
v 0.134227 -0.081010 0.181642
v 0.209726 -0.124500 0.153346
v 0.244512 -0.143494 0.104801
v 0.176992 -0.112350 0.138530
v 0.184039 -0.140977 0.120127
v 0.171751 -0.135815 0.053104
v 0.167434 -0.114992 0.142211
v 0.177803 -0.133468 0.201191
v 0.188528 -0.165709 0.148533
v 0.184788 -0.167159 0.057011
v 0.157920 -0.125114 0.092746
v 0.161660 -0.123664 0.184267
v 0.174697 -0.155009 0.188174
v 0.179014 -0.175831 0.099067
v 0.168645 -0.157355 0.040088
v 0.162409 -0.149846 0.121151
v 0.158525 -0.088790 0.097737
v 0.202465 -0.088254 0.045405
v 0.129528 -0.064445 0.095461
v 0.091346 -0.078763 0.143048
v 0.140687 -0.111422 0.122401
v 0.209362 -0.117287 0.062055
v 0.162443 -0.077895 0.058373
v 0.093768 -0.072030 0.118719
v 0.100665 -0.101063 0.135369
v 0.173602 -0.124872 0.085314
v 0.211784 -0.110554 0.037727
v 0.144605 -0.100527 0.083037
v 0.281866 -0.136783 0.086931
v 0.313672 -0.152214 0.028451
v 0.251880 -0.158246 0.095812
v 0.235714 -0.141839 0.154095
v 0.287516 -0.125667 0.122752
v 0.335697 -0.132079 0.045101
v 0.287178 -0.166806 0.059472
v 0.238997 -0.160395 0.137124
v 0.261022 -0.140259 0.153774
v 0.322814 -0.134227 0.086412
v 0.338980 -0.150634 0.028130
v 0.292828 -0.155690 0.095294
v 0.250016 -0.146439 0.115703
v 0.240981 -0.181398 0.057687
v 0.227111 -0.116676 0.121020
v 0.237501 -0.097316 0.179711
v 0.257793 -0.150074 0.152649
v 0.259943 -0.202038 0.077235
v 0.222882 -0.153881 0.085838
v 0.220732 -0.101917 0.161253
v 0.239694 -0.122557 0.180801
v 0.253563 -0.187278 0.117468
v 0.243173 -0.206639 0.058777
v 0.230659 -0.157516 0.122784
v 0.253285 -0.172408 0.084990
v 0.236205 -0.194100 0.022481
v 0.287413 -0.156192 0.088306
v 0.289606 -0.132571 0.146312
v 0.239753 -0.155882 0.116334
v 0.206749 -0.193908 0.039803
v 0.261970 -0.167669 0.045170
v 0.294974 -0.129643 0.121701
v 0.265518 -0.129451 0.139023
v 0.214310 -0.167359 0.073197
v 0.212117 -0.190979 0.015192
v 0.248438 -0.151143 0.076514
v 0.212718 -0.136816 0.143970
v 0.216638 -0.140891 0.075870
v 0.234716 -0.110672 0.160441
v 0.217502 -0.109268 0.220683
v 0.188786 -0.138620 0.173341
v 0.188252 -0.158164 0.083843
v 0.223845 -0.115862 0.110494
v 0.224379 -0.096318 0.199992
v 0.195993 -0.113591 0.207965
v 0.177915 -0.143810 0.123394
v 0.195129 -0.145214 0.063152
v 0.199913 -0.117666 0.139865
v 0.261673 -0.083566 0.167719
v 0.255421 -0.148362 0.146931
v 0.254608 -0.056907 0.141679
v 0.254621 -0.002365 0.172544
v 0.255443 -0.060114 0.196871
v 0.255937 -0.150344 0.181042
v 0.244506 -0.107207 0.138909
v 0.244012 -0.016977 0.154738
v 0.244527 -0.018959 0.188849
v 0.245341 -0.110414 0.194101
v 0.245328 -0.164956 0.163236
v 0.238276 -0.083755 0.168061
v 0.289845 -0.106547 0.154683
v 0.275919 -0.138125 0.095704
v 0.283316 -0.069194 0.155587
v 0.290871 -0.051912 0.215351
v 0.288142 -0.110164 0.192401
v 0.278901 -0.163446 0.118456
v 0.268337 -0.103007 0.119920
v 0.277578 -0.049725 0.193866
v 0.280560 -0.075046 0.216618
v 0.273162 -0.143977 0.156735
v 0.265608 -0.161259 0.096971
v 0.266633 -0.106624 0.157639
v 0.211989 -0.095929 0.124364
v 0.257247 -0.118537 0.078427
v 0.186010 -0.121010 0.135973
v 0.155564 -0.093482 0.183330
v 0.207986 -0.073996 0.155050
v 0.270828 -0.089481 0.090218
v 0.228793 -0.130063 0.109001
v 0.165951 -0.114578 0.173834
v 0.179532 -0.085522 0.185625
v 0.250769 -0.083049 0.128079
v 0.281215 -0.110578 0.080722
v 0.224790 -0.108130 0.139687
v -0.122382 0.122241 0.113885
v -0.115247 0.132541 0.046709
v -0.134292 0.151989 0.134181
v -0.145620 0.130022 0.191770
v -0.133577 0.096998 0.139888
v -0.114805 0.098555 0.050236
v -0.134075 0.146688 0.083076
v -0.152847 0.145131 0.172728
v -0.152405 0.111145 0.176255
v -0.133360 0.091697 0.088783
v -0.122031 0.113664 0.031194
v -0.145269 0.121445 0.109079
v -0.146648 0.142224 0.120754
v -0.142781 0.134614 0.052954
v -0.116859 0.129816 0.140689
v -0.126460 0.148975 0.199580
v -0.158317 0.165613 0.148240
v -0.168403 0.156737 0.057622
v -0.120204 0.136661 0.089878
v -0.110117 0.145537 0.180496
v -0.135740 0.167660 0.185163
v -0.161662 0.172458 0.097429
v -0.152061 0.153299 0.038538
v -0.131873 0.160050 0.117364
v -0.230470 0.142676 0.145834
v -0.217801 0.120167 0.082569
v -0.200192 0.152564 0.166430
v -0.222800 0.179375 0.218367
v -0.254381 0.163547 0.166603
v -0.251292 0.126955 0.082676
v -0.202301 0.142954 0.116001
v -0.205391 0.179546 0.199928
v -0.238881 0.186334 0.200035
v -0.256490 0.153937 0.116175
v -0.233883 0.127126 0.064238
v -0.226212 0.163825 0.136770
v -0.220739 0.154217 0.135032
v -0.207754 0.140329 0.069395
v -0.257258 0.153879 0.145276
v -0.257593 0.159083 0.207728
v -0.208294 0.148748 0.170442
v -0.177492 0.137158 0.084948
v -0.236582 0.136612 0.101525
v -0.267383 0.148202 0.187019
v -0.237122 0.145031 0.202573
v -0.187617 0.131481 0.126691
v -0.187283 0.126277 0.064240
v -0.224136 0.131143 0.136936
v -0.231934 0.160487 0.067904
v -0.238420 0.098438 0.040021
v -0.251327 0.188449 0.051148
v -0.245574 0.238239 0.088767
v -0.229112 0.178998 0.100890
v -0.224690 0.092598 0.070763
v -0.256068 0.137841 0.043651
v -0.260490 0.224242 0.073778
v -0.246760 0.218401 0.104520
v -0.233854 0.128391 0.093393
v -0.239606 0.078600 0.055774
v -0.253246 0.156352 0.076637
v -0.102315 0.221767 0.056413
v -0.113578 0.200870 -0.007666
v -0.130767 0.216527 0.080944
v -0.107560 0.230726 0.137399
v -0.076030 0.223844 0.083679
v -0.079749 0.205392 -0.005975
v -0.125785 0.196914 0.033717
v -0.122065 0.215366 0.123372
v -0.088236 0.219888 0.125063
v -0.071048 0.204231 0.036453
v -0.094254 0.190032 -0.020003
v -0.099499 0.198991 0.060984
v -0.166099 0.088566 0.054430
v -0.210023 0.055373 0.013951
v -0.149824 0.119470 0.039641
v -0.118787 0.146722 0.086773
v -0.159805 0.099466 0.090211
v -0.216191 0.043010 0.045205
v -0.189858 0.093016 0.021275
v -0.133472 0.149472 0.066281
v -0.139640 0.137109 0.097535
v -0.199838 0.073012 0.071845
v -0.230876 0.045760 0.024713
v -0.183564 0.103916 0.057056
v -0.236709 0.172193 0.145138
v -0.244027 0.113108 0.111595
v -0.222071 0.200991 0.125262
v -0.227588 0.251600 0.161809
v -0.252954 0.194993 0.170730
v -0.263114 0.109401 0.139696
v -0.239429 0.155999 0.107536
v -0.229269 0.241591 0.138570
v -0.248356 0.237884 0.166671
v -0.270312 0.150001 0.153004
v -0.264795 0.099392 0.116457
v -0.255674 0.178799 0.133128
v -0.131082 0.140110 0.107737
v -0.087215 0.105277 0.068596
v -0.166184 0.144179 0.093952
v -0.199988 0.169401 0.140304
v -0.141911 0.146086 0.143594
v -0.072214 0.106456 0.099277
v -0.129010 0.113040 0.076972
v -0.198707 0.152670 0.121290
v -0.183705 0.153849 0.151970
v -0.104737 0.114947 0.126615
v -0.070933 0.089725 0.080263
v -0.139839 0.119016 0.112829
v -0.178572 0.143830 0.087797
v -0.186743 0.105195 0.032027
v -0.208794 0.163959 0.098756
v -0.193777 0.188496 0.154432
v -0.162444 0.144896 0.122111
v -0.158097 0.093414 0.046461
v -0.206998 0.125984 0.064195
v -0.211345 0.177467 0.139845
v -0.182700 0.165685 0.154279
v -0.160648 0.106921 0.087550
v -0.175665 0.082384 0.031874
v -0.190870 0.127050 0.098509
v -0.200080 0.181700 0.152643
v -0.186923 0.131067 0.108678
v -0.199793 0.216802 0.138276
v -0.221114 0.254155 0.183856
v -0.221420 0.191503 0.182428
v -0.200289 0.115431 0.135965
v -0.199826 0.172230 0.112720
v -0.220958 0.248302 0.159182
v -0.234324 0.232667 0.186470
v -0.221453 0.146931 0.156872
v -0.200132 0.109578 0.111292
v -0.221167 0.182034 0.142505
v -0.135831 0.256092 0.048123
v -0.103555 0.245541 -0.011178
v -0.170995 0.270112 0.045747
v -0.194314 0.267856 0.103872
v -0.141285 0.241891 0.082869
v -0.085194 0.228099 0.011765
v -0.142090 0.250785 0.007921
v -0.198182 0.264576 0.079025
v -0.179821 0.247134 0.101967
v -0.112381 0.222563 0.045043
v -0.089061 0.224819 -0.013082
v -0.147545 0.236584 0.042667
v -0.144799 0.114005 0.103948
v -0.147945 0.085663 0.041848
v -0.173508 0.136955 0.113318
v -0.165571 0.150442 0.174002
v -0.135103 0.107485 0.140034
v -0.124211 0.067450 0.058359
v -0.170663 0.104584 0.073520
v -0.181556 0.144619 0.155195
v -0.157821 0.126406 0.171707
v -0.132259 0.075114 0.100237
v -0.140195 0.061627 0.039553
v -0.160967 0.098064 0.109606
v -0.129265 0.246212 0.118146
v -0.102214 0.250090 0.055513
v -0.151423 0.275168 0.128602
v -0.177527 0.258029 0.182936
v -0.144451 0.222359 0.143426
v -0.097906 0.217452 0.064675
v -0.133758 0.264303 0.081594
v -0.180304 0.269210 0.160344
v -0.175995 0.236572 0.169507
v -0.126787 0.211494 0.096418
v -0.100682 0.228633 0.042084
v -0.148945 0.240450 0.106874
v 0.225865 0.181481 0.119672
v 0.215404 0.180561 0.052149
v 0.260763 0.191039 0.131047
v 0.257412 0.197187 0.193324
v 0.209981 0.190509 0.152912
v 0.184020 0.180234 0.065662
v 0.240488 0.195700 0.084069
v 0.266449 0.205975 0.171319
v 0.235065 0.205647 0.184833
v 0.189706 0.195169 0.105934
v 0.193057 0.189021 0.043657
v 0.224604 0.204727 0.117309
v 0.212656 0.095980 0.082233
v 0.253714 0.073976 0.032236
v 0.189670 0.070027 0.097619
v 0.163174 0.097805 0.147154
v 0.210844 0.118922 0.112384
v 0.266801 0.104196 0.041361
v 0.229607 0.062202 0.066257
v 0.173651 0.076929 0.137280
v 0.186737 0.107148 0.146405
v 0.250782 0.111098 0.081022
v 0.277278 0.083319 0.031487
v 0.227796 0.085144 0.096408
v 0.291254 0.183462 0.159152
v 0.274206 0.174088 0.093645
v 0.268745 0.206537 0.179141
v 0.287605 0.201527 0.238694
v 0.304723 0.165982 0.190002
v 0.296442 0.149024 0.100358
v 0.260020 0.186360 0.132702
v 0.268302 0.203318 0.222346
v 0.290538 0.178254 0.229059
v 0.295999 0.145805 0.143563
v 0.277138 0.150815 0.084010
v 0.273490 0.168880 0.163552
v 0.186534 0.228687 0.106621
v 0.175248 0.243557 0.040886
v 0.179186 0.256348 0.131512
v 0.184382 0.230201 0.188228
v 0.183655 0.201250 0.132652
v 0.178011 0.209504 0.041590
v 0.166121 0.254261 0.081865
v 0.171766 0.246007 0.172927
v 0.174528 0.211954 0.173632
v 0.170591 0.199162 0.083005
v 0.165395 0.225310 0.026289
v 0.163243 0.226824 0.107896
v 0.131517 0.170643 0.150264
v 0.137724 0.186632 0.084116
v 0.139430 0.198323 0.174961
v 0.122594 0.176433 0.231217
v 0.110484 0.151214 0.175139
v 0.119834 0.157517 0.084227
v 0.132637 0.202303 0.124188
v 0.123286 0.196000 0.215101
v 0.105397 0.166886 0.215211
v 0.103691 0.155194 0.124367
v 0.120527 0.177084 0.068110
v 0.111604 0.182874 0.149064
v 0.260508 0.108977 0.072544
v 0.276391 0.074013 0.016021
v 0.238356 0.139385 0.067713
v 0.222985 0.158722 0.125308
v 0.251521 0.105300 0.109211
v 0.284528 0.052947 0.041668
v 0.248684 0.102149 0.033852
v 0.215678 0.154501 0.101394
v 0.223815 0.133436 0.127041
v 0.261850 0.068064 0.075349
v 0.277221 0.048726 0.017754
v 0.239698 0.098471 0.070518
v 0.228577 0.210886 0.171795
v 0.192059 0.156908 0.151240
v 0.265816 0.209545 0.164711
v 0.288098 0.266269 0.179318
v 0.228110 0.248688 0.174873
v 0.168755 0.181100 0.157520
v 0.229010 0.178932 0.146059
v 0.288364 0.246520 0.163412
v 0.265061 0.270711 0.169692
v 0.191303 0.218074 0.156221
v 0.169022 0.161351 0.141614
v 0.228542 0.216734 0.149137
v 0.115950 0.143399 0.142367
v 0.061763 0.117415 0.109836
v 0.148572 0.124494 0.138233
v 0.192716 0.160585 0.164236
v 0.133188 0.175811 0.151909
v 0.052255 0.149131 0.118289
v 0.105040 0.118541 0.111600
v 0.185972 0.145221 0.145221
v 0.176464 0.176937 0.153673
v 0.089655 0.169858 0.125277
v 0.045511 0.133767 0.099274
v 0.122277 0.150953 0.121143
v 0.163729 0.245990 0.099996
v 0.222101 0.224826 0.071460
v 0.131872 0.237161 0.081398
v 0.084772 0.253158 0.119517
v 0.145894 0.250708 0.133138
v 0.230767 0.233198 0.103437
v 0.179221 0.218913 0.073344
v 0.094348 0.236423 0.103045
v 0.103014 0.244795 0.135022
v 0.193243 0.232459 0.125084
v 0.240343 0.216463 0.086964
v 0.161386 0.223630 0.106485
v 0.221929 0.105779 0.091417
v 0.226594 0.042611 0.065770
v 0.249413 0.129939 0.081436
v 0.231440 0.186083 0.102702
v 0.197514 0.133452 0.100178
v 0.194519 0.044782 0.077353
v 0.238988 0.083876 0.061204
v 0.241983 0.172546 0.084029
v 0.209908 0.174717 0.095612
v 0.187089 0.087389 0.079947
v 0.205062 0.031245 0.058681
v 0.214573 0.111549 0.069966
v 0.242178 0.214462 0.172899
v 0.226436 0.218091 0.106501
v 0.265208 0.241546 0.186118
v 0.266290 0.234260 0.248352
v 0.228186 0.206302 0.207196
v 0.203555 0.196309 0.119528
v 0.240820 0.240132 0.140918
v 0.265450 0.250125 0.228586
v 0.242569 0.228343 0.241614
v 0.203797 0.204888 0.161997
v 0.202716 0.212174 0.099762
v 0.226828 0.231972 0.175215
v 0.227625 0.135458 0.123575
v 0.235926 0.147437 0.056812
v 0.252545 0.152173 0.146777
v 0.231322 0.142072 0.204872
v 0.201588 0.131094 0.150809
v 0.204434 0.134409 0.059304
v 0.244754 0.161454 0.096847
v 0.241908 0.158139 0.188352
v 0.210416 0.145111 0.190844
v 0.193798 0.140375 0.100880
v 0.215020 0.150476 0.042785
v 0.218717 0.157090 0.124082
v 0.240245 0.124375 0.184947
v 0.285381 0.078706 0.161567
v 0.243391 0.159561 0.171135
v 0.193092 0.190674 0.191857
v 0.203997 0.129046 0.195095
v 0.261034 0.059846 0.176375
v 0.266125 0.116779 0.154027
v 0.209087 0.185978 0.172747
v 0.184740 0.167119 0.187555
v 0.226730 0.086264 0.177987
v 0.277029 0.055151 0.157265
v 0.229877 0.121449 0.164175
v 0.290180 0.174498 0.105936
v 0.231369 0.163167 0.073035
v 0.313512 0.199919 0.090184
v 0.359470 0.209098 0.131790
v 0.305728 0.178018 0.140354
v 0.226558 0.149632 0.104041
v 0.264311 0.190764 0.078555
v 0.343480 0.219151 0.114867
v 0.338670 0.205615 0.145873
v 0.256527 0.168864 0.128724
v 0.210569 0.159685 0.087118
v 0.279858 0.194285 0.112972
v -0.133290 -0.188503 0.175884
v -0.157396 -0.191647 0.112019
v -0.095727 -0.192061 0.179762
v -0.083413 -0.179301 0.239870
v -0.137473 -0.171003 0.209275
v -0.183196 -0.178633 0.130259
v -0.122416 -0.184388 0.136535
v -0.076693 -0.176758 0.215550
v -0.102493 -0.163743 0.233790
v -0.164162 -0.163330 0.166047
v -0.176476 -0.176089 0.105939
v -0.126599 -0.166887 0.169925
v -0.100593 -0.175626 0.116195
v -0.055532 -0.220497 0.091179
v -0.121869 -0.157319 0.090683
v -0.164836 -0.125789 0.123655
v -0.125052 -0.169481 0.144527
v -0.057500 -0.228013 0.124455
v -0.091926 -0.198391 0.083176
v -0.159479 -0.139859 0.103248
v -0.161446 -0.147375 0.136525
v -0.095109 -0.210553 0.137020
v -0.052142 -0.242083 0.104049
v -0.116386 -0.192245 0.111508
v -0.107563 -0.243871 0.189826
v -0.053462 -0.276394 0.163654
v -0.141385 -0.253681 0.175734
v -0.183925 -0.225035 0.211751
v -0.122291 -0.230045 0.221929
v -0.041662 -0.261787 0.192204
v -0.096387 -0.277659 0.169404
v -0.177017 -0.245917 0.199129
v -0.165216 -0.231310 0.227679
v -0.077294 -0.254023 0.215599
v -0.034754 -0.282669 0.179582
v -0.111115 -0.263833 0.201507
v -0.174139 -0.223245 0.105999
v -0.235270 -0.239191 0.079954
v -0.167226 -0.186286 0.110991
v -0.113270 -0.183068 0.142706
v -0.147969 -0.233985 0.131269
v -0.223369 -0.268671 0.092486
v -0.212182 -0.208869 0.100563
v -0.136783 -0.174183 0.139346
v -0.124882 -0.203662 0.151878
v -0.192926 -0.256567 0.120840
v -0.246882 -0.259786 0.089125
v -0.186013 -0.219608 0.125832
v -0.084114 -0.208154 0.110241
v -0.105243 -0.260473 0.071693
v -0.052360 -0.190788 0.098891
v -0.046664 -0.140028 0.135200
v -0.096027 -0.178343 0.130442
v -0.132230 -0.252782 0.091192
v -0.080851 -0.224682 0.072828
v -0.044648 -0.150243 0.112077
v -0.071636 -0.142552 0.131577
v -0.124518 -0.212237 0.104379
v -0.130214 -0.262997 0.068069
v -0.092765 -0.194871 0.093028
v -0.099282 -0.242786 0.181962
v -0.105019 -0.251821 0.114470
v -0.100795 -0.206920 0.194209
v -0.103313 -0.210249 0.256739
v -0.109094 -0.257208 0.215643
v -0.110148 -0.282900 0.127717
v -0.112596 -0.224867 0.147535
v -0.111542 -0.199174 0.235461
v -0.116670 -0.230253 0.248708
v -0.120894 -0.275154 0.168969
v -0.118376 -0.271826 0.106439
v -0.122407 -0.239288 0.181216
v -0.108345 -0.176547 0.112008
v -0.097841 -0.168788 0.044933
v -0.079680 -0.166427 0.134693
v -0.102241 -0.169183 0.193095
v -0.134345 -0.173248 0.139427
v -0.131625 -0.173003 0.047859
v -0.085244 -0.156628 0.084565
v -0.087964 -0.156872 0.176133
v -0.121748 -0.161087 0.179059
v -0.139909 -0.163448 0.089299
v -0.117348 -0.160692 0.030897
v -0.111244 -0.153328 0.111984
v -0.113013 -0.152159 0.157273
v -0.102539 -0.141315 0.090622
v -0.087495 -0.136992 0.180884
v -0.110551 -0.145153 0.238584
v -0.139844 -0.154520 0.183979
v -0.134892 -0.152148 0.092535
v -0.093603 -0.127607 0.130740
v -0.098555 -0.129978 0.222184
v -0.130908 -0.140811 0.224098
v -0.145951 -0.145135 0.133835
v -0.122896 -0.136974 0.076136
v -0.120434 -0.129968 0.157446
v -0.049285 -0.237639 0.175420
v -0.043678 -0.229143 0.107848
v -0.021057 -0.223494 0.196440
v -0.039754 -0.228757 0.256023
v -0.073930 -0.237659 0.204253
v -0.076355 -0.237898 0.112676
v -0.030682 -0.215012 0.146689
v -0.028257 -0.214773 0.238265
v -0.060933 -0.223527 0.243094
v -0.083554 -0.229176 0.154501
v -0.064858 -0.223913 0.094918
v -0.055326 -0.215032 0.175521
v -0.146859 -0.242777 0.103084
v -0.158374 -0.273385 0.043082
v -0.173676 -0.218747 0.115004
v -0.157900 -0.203156 0.173617
v -0.132848 -0.248160 0.137918
v -0.133140 -0.291564 0.057244
v -0.176531 -0.252681 0.076532
v -0.176239 -0.209278 0.157206
v -0.151006 -0.227456 0.171368
v -0.135703 -0.282095 0.099446
v -0.151479 -0.297685 0.040833
v -0.162520 -0.258064 0.111366
v -0.054356 -0.310404 0.157377
v -0.081112 -0.309697 0.094501
v -0.023172 -0.289429 0.162505
v -0.012042 -0.290053 0.224174
v -0.063104 -0.310707 0.194283
v -0.105791 -0.322847 0.114141
v -0.055333 -0.288909 0.122440
v -0.012646 -0.276769 0.202582
v -0.037326 -0.289919 0.222221
v -0.095265 -0.310187 0.154218
v -0.106395 -0.309563 0.092548
v -0.064081 -0.289212 0.159346
v -0.077549 -0.154949 0.175316
v -0.082629 -0.169895 0.108830
v -0.042587 -0.147931 0.188243
v -0.049847 -0.127251 0.246954
v -0.094377 -0.136435 0.203825
v -0.114637 -0.162790 0.118460
v -0.058067 -0.151434 0.139377
v -0.037806 -0.125079 0.224742
v -0.069814 -0.117974 0.234372
v -0.109857 -0.139938 0.154959
v -0.102597 -0.160618 0.096247
v -0.074895 -0.132920 0.167885
v -0.061264 -0.241546 0.135930
v -0.104573 -0.245585 0.083226
v -0.029902 -0.220982 0.130250
v -0.001930 -0.216580 0.186158
v -0.059315 -0.238462 0.173684
v -0.122751 -0.256387 0.110070
v -0.072005 -0.223114 0.100881
v -0.008569 -0.205189 0.164495
v -0.026748 -0.215991 0.191339
v -0.101418 -0.240593 0.144314
v -0.129390 -0.244996 0.088407
v -0.070056 -0.220030 0.138635
v -0.029159 -0.252678 0.139920
v -0.038646 -0.236156 0.074295
v -0.025140 -0.223683 0.164041
v -0.025749 -0.248897 0.221411
v -0.039632 -0.276953 0.167119
v -0.047603 -0.269078 0.076198
v -0.041099 -0.222162 0.115227
v -0.033128 -0.230037 0.206148
v -0.042085 -0.262959 0.208051
v -0.055591 -0.275432 0.118305
v -0.054982 -0.250218 0.060936
v -0.051572 -0.246436 0.142426
v -0.083267 0.237098 0.102946
v -0.075927 0.235352 0.035029
v -0.074814 0.269995 0.119828
v -0.092846 0.263762 0.179522
v -0.105104 0.225266 0.131614
v -0.094648 0.207708 0.042313
v -0.080970 0.260937 0.069630
v -0.091426 0.278495 0.158931
v -0.110147 0.250851 0.166215
v -0.111260 0.216208 0.081416
v -0.093228 0.222441 0.021722
v -0.102807 0.249105 0.098298
v -0.028263 0.257802 0.117044
v -0.016452 0.200351 0.081978
v -0.064367 0.264423 0.126601
v -0.063125 0.313890 0.165058
v -0.014442 0.280388 0.144201
v 0.014403 0.210218 0.092856
v -0.044015 0.220933 0.108321
v -0.072860 0.291103 0.159666
v -0.042005 0.300970 0.170544
v 0.005910 0.236898 0.125921
v 0.004668 0.187431 0.087464
v -0.030194 0.243519 0.135478
v -0.083343 0.291827 0.176154
v -0.083148 0.255807 0.118083
v -0.049365 0.299583 0.191122
v -0.060095 0.339469 0.238253
v -0.100510 0.320344 0.194341
v -0.114756 0.268639 0.120072
v -0.059779 0.281188 0.144293
v -0.045532 0.332894 0.218561
v -0.077141 0.345725 0.220550
v -0.110923 0.301950 0.147511
v -0.100194 0.262063 0.100380
v -0.076946 0.309706 0.162480
v -0.047003 0.243813 0.153455
v 0.001436 0.198780 0.136266
v -0.082655 0.234080 0.144920
v -0.119160 0.277173 0.172081
v -0.057629 0.268507 0.180213
v 0.016903 0.220057 0.158078
v -0.040785 0.204309 0.144269
v -0.115317 0.252759 0.166404
v -0.099850 0.274035 0.188216
v -0.015758 0.238736 0.179562
v 0.020747 0.195642 0.152401
v -0.051411 0.229003 0.171027
v -0.020754 0.171637 0.155468
v -0.018672 0.181868 0.087935
v -0.045641 0.192739 0.174807
v -0.045732 0.169945 0.233184
v -0.018819 0.144986 0.182388
v -0.002096 0.152356 0.092620
v -0.042364 0.186500 0.123914
v -0.059088 0.179130 0.213682
v -0.042511 0.149618 0.218367
v -0.015543 0.138747 0.131495
v -0.015452 0.161542 0.073118
v -0.040430 0.159849 0.150834
v -0.115711 0.283966 0.159401
v -0.114076 0.262573 0.094521
v -0.128890 0.259129 0.184859
v -0.118255 0.284856 0.241005
v -0.096867 0.304200 0.185366
v -0.094285 0.290428 0.094834
v -0.115610 0.250242 0.136028
v -0.118192 0.264014 0.226560
v -0.098401 0.291869 0.226873
v -0.083587 0.295313 0.136535
v -0.094222 0.269586 0.080388
v -0.096766 0.270477 0.161993
v -0.072884 0.177977 0.161609
v -0.124533 0.191975 0.119111
v -0.041889 0.199525 0.157908
v -0.004788 0.184622 0.206166
v -0.064503 0.167862 0.197192
v -0.138509 0.172406 0.143389
v -0.088357 0.207272 0.137402
v -0.014351 0.202727 0.191205
v -0.028328 0.183158 0.215483
v -0.110971 0.175608 0.176685
v -0.148073 0.190511 0.128428
v -0.079976 0.197156 0.172985
v -0.111494 0.259343 0.128334
v -0.147679 0.274137 0.072285
v -0.095444 0.288756 0.146110
v -0.072492 0.265913 0.199764
v -0.110542 0.237176 0.159097
v -0.157009 0.242259 0.080312
v -0.131039 0.289850 0.109075
v -0.084572 0.284766 0.187861
v -0.093902 0.252888 0.195887
v -0.146137 0.238269 0.122062
v -0.169089 0.261113 0.068408
v -0.130087 0.267682 0.139838
v -0.073239 0.263997 0.131495
v -0.052775 0.217890 0.085396
v -0.108694 0.276905 0.127617
v -0.120126 0.311246 0.178778
v -0.071272 0.273454 0.168174
v -0.029648 0.215757 0.110462
v -0.087015 0.236644 0.104189
v -0.128639 0.294341 0.161901
v -0.105512 0.292208 0.186967
v -0.049594 0.233193 0.144746
v -0.038161 0.198851 0.093585
v -0.085048 0.246101 0.140868
v -0.089251 0.282214 0.088156
v -0.082539 0.215398 0.075500
v -0.124326 0.294279 0.096087
v -0.118231 0.353945 0.114262
v -0.072677 0.311936 0.104907
v -0.050619 0.226310 0.080951
v -0.107371 0.245833 0.093784
v -0.129429 0.331459 0.117740
v -0.097508 0.342371 0.123191
v -0.055722 0.263490 0.102604
v -0.061817 0.203824 0.084429
v -0.090796 0.275555 0.110535
v -0.052984 0.247289 0.162408
v -0.084519 0.221852 0.107380
v -0.034745 0.280182 0.157503
v -0.017100 0.298699 0.214715
v -0.055970 0.251811 0.199949
v -0.097637 0.204317 0.133613
v -0.068126 0.257541 0.125677
v -0.026459 0.305034 0.192013
v -0.039576 0.287500 0.218246
v -0.089351 0.229169 0.168124
v -0.106996 0.210653 0.110912
v -0.071112 0.262063 0.163218
v -0.071515 0.254012 0.133727
v -0.088282 0.230891 0.071647
v -0.092774 0.282334 0.147315
v -0.075032 0.290009 0.206928
v -0.059575 0.243309 0.168101
v -0.067764 0.206773 0.084493
v -0.102162 0.252599 0.106480
v -0.093973 0.289135 0.190088
v -0.073455 0.265016 0.202934
v -0.068963 0.213573 0.127266
v -0.086705 0.205898 0.067653
v -0.090222 0.241895 0.140854
v -0.059457 0.233568 0.137071
v -0.098530 0.180838 0.118030
v -0.042673 0.252895 0.109080
v -0.016895 0.303239 0.136068
v -0.056821 0.262295 0.161698
v -0.107274 0.186648 0.150550
v -0.080117 0.217920 0.105260
v -0.029664 0.293568 0.116408
v -0.038408 0.299377 0.148927
v -0.094265 0.227321 0.157878
v -0.120043 0.176976 0.130890
v -0.077481 0.246648 0.129887
v -0.080029 0.198349 0.112093
v -0.044235 0.141416 0.099964
v -0.111921 0.202634 0.092012
v -0.140967 0.252521 0.116406
v -0.091230 0.222133 0.139433
v -0.031447 0.153468 0.129272
v -0.083051 0.160402 0.096781
v -0.142833 0.229067 0.106943
v -0.130046 0.241119 0.136250
v -0.062359 0.179901 0.144202
v -0.033314 0.130014 0.119809
v -0.094251 0.184186 0.124122
v 0.033674 0.020651 0.228150
v 0.029919 0.014192 0.149657
v -0.002020 0.036472 0.247925
v 0.009464 0.028433 0.318863
v 0.048501 0.001185 0.264435
v 0.061142 -0.007616 0.159860
v 0.003388 0.017982 0.191859
v -0.009253 0.026783 0.296433
v 0.021970 0.004974 0.306637
v 0.053909 -0.017305 0.208369
v 0.042424 -0.009266 0.137430
v 0.018215 -0.001485 0.228144
v -0.037571 -0.072606 0.260027
v -0.031833 -0.097427 0.185408
v -0.049357 -0.102724 0.289514
v -0.041574 -0.071239 0.354143
v -0.019241 -0.046483 0.289978
v -0.013221 -0.062668 0.185695
v -0.032291 -0.111399 0.233406
v -0.038311 -0.095214 0.337689
v -0.019699 -0.060455 0.337976
v -0.002176 -0.055159 0.233870
v -0.009958 -0.086644 0.169241
v -0.013961 -0.085276 0.263357
v 0.045414 -0.078855 0.264984
v -0.026887 -0.071317 0.234443
v 0.078087 -0.061306 0.241748
v 0.136782 -0.065629 0.283759
v 0.068081 -0.078311 0.302418
v -0.033071 -0.081826 0.271939
v 0.019797 -0.053433 0.234342
v 0.120949 -0.049918 0.264821
v 0.114766 -0.060427 0.302317
v 0.009792 -0.070438 0.295012
v -0.048904 -0.066115 0.253001
v 0.042465 -0.052889 0.271776
v -0.055254 0.016192 0.306191
v -0.045185 0.005253 0.228757
v -0.023758 0.000398 0.332152
v -0.038773 0.024782 0.398550
v -0.069481 0.044707 0.336190
v -0.073444 0.032637 0.231253
v -0.022482 0.007082 0.273260
v -0.018519 0.019152 0.378197
v -0.046778 0.046535 0.380693
v -0.068205 0.051390 0.277298
v -0.053190 0.027006 0.210900
v -0.036709 0.035596 0.303259
v 0.043250 0.072488 0.244380
v 0.010257 0.034466 0.183694
v 0.062903 0.110443 0.234968
v 0.080132 0.140116 0.298619
v 0.038133 0.082475 0.286683
v -0.005051 0.017181 0.215656
v 0.026749 0.078594 0.200427
v 0.069934 0.143889 0.271454
v 0.054625 0.126604 0.303415
v 0.001979 0.050626 0.252142
v -0.015250 0.020954 0.188491
v 0.021633 0.088581 0.242729
v -0.073673 0.013697 0.307163
v -0.078253 -0.057689 0.273996
v -0.081149 0.047760 0.280719
v -0.084018 0.105875 0.323652
v -0.082894 0.036340 0.343463
v -0.079331 -0.064747 0.312774
v -0.091428 -0.009631 0.269988
v -0.094991 0.091456 0.300677
v -0.096070 0.084398 0.339454
v -0.093173 -0.021051 0.332731
v -0.090305 -0.079166 0.289798
v -0.100650 0.013012 0.306288
v 0.064410 -0.000675 0.312354
v 0.068818 -0.013717 0.234717
v 0.102558 0.003299 0.333435
v 0.085959 0.024545 0.400531
v 0.041961 0.020658 0.343278
v 0.031368 -0.002989 0.240801
v 0.093091 0.003442 0.274912
v 0.103685 0.027089 0.377390
v 0.066234 0.037817 0.383474
v 0.032495 0.020801 0.284756
v 0.049093 -0.000445 0.217659
v 0.070642 0.024775 0.305837
v 0.025996 -0.088081 0.349168
v 0.011441 -0.108060 0.274295
v 0.068125 -0.083263 0.359999
v 0.068336 -0.055729 0.426861
v 0.011782 -0.063509 0.382478
v -0.023381 -0.095851 0.288188
v 0.044787 -0.088055 0.305713
v 0.079950 -0.055712 0.400004
v 0.045128 -0.043503 0.413897
v -0.011557 -0.068300 0.328193
v -0.011768 -0.095835 0.261330
v 0.030573 -0.063482 0.339024
v -0.013450 0.097950 0.297669
v 0.033031 0.096185 0.234002
v -0.047829 0.124962 0.295702
v -0.087578 0.110696 0.354398
v -0.031284 0.073101 0.328973
v 0.043256 0.064134 0.254565
v -0.012372 0.107840 0.251383
v -0.086911 0.116808 0.325791
v -0.076686 0.084757 0.346353
v 0.004173 0.055980 0.284654
v 0.043923 0.070246 0.225958
v -0.030206 0.082992 0.282686
v -0.051722 -0.060470 0.371774
v -0.071208 -0.087178 0.300191
v -0.010779 -0.068628 0.384911
v -0.001919 -0.031435 0.446287
v -0.056871 -0.026999 0.399497
v -0.099694 -0.061450 0.309206
v -0.033447 -0.074649 0.330465
v 0.009375 -0.040198 0.420756
v -0.019111 -0.014470 0.429770
v -0.079539 -0.033020 0.345050
v -0.088400 -0.070213 0.283675
v -0.038597 -0.041178 0.358188
v 0.084773 0.035633 0.363369
v 0.068013 -0.039563 0.346588
v 0.057663 0.065632 0.346619
v 0.076959 0.128599 0.376478
v 0.099234 0.062318 0.394900
v 0.093705 -0.041611 0.376427
v 0.049840 0.006929 0.349325
v 0.055369 0.110858 0.367799
v 0.081061 0.108810 0.397638
v 0.091411 0.003615 0.397607
v 0.072116 -0.059353 0.367747
v 0.064301 0.033614 0.380857
v 0.019260 0.009467 0.393848
v 0.091622 -0.008848 0.368443
v 0.000400 0.044154 0.374965
v -0.067885 0.044927 0.398743
v -0.018864 -0.007598 0.406915
v 0.079716 -0.040833 0.388188
v 0.049198 0.015292 0.357637
v -0.049381 0.048527 0.376363
v -0.061287 0.016542 0.396109
v 0.029934 -0.036460 0.389586
v 0.098219 -0.037234 0.365808
v 0.011074 -0.001773 0.370704
v -0.021224 0.002174 0.099266
v 0.000360 -0.026613 0.029106
v -0.061540 0.019043 0.101612
v -0.073225 0.032698 0.171653
v -0.018545 -0.004520 0.142434
v 0.026932 -0.041176 0.054335
v -0.038301 -0.013881 0.058132
v -0.083779 0.022775 0.146230
v -0.057207 0.008212 0.171459
v 0.004693 -0.037444 0.098954
v 0.016378 -0.051099 0.028912
v -0.035623 -0.020576 0.101299
v -0.099942 -0.059886 0.137817
v -0.101838 -0.116267 0.082729
v -0.088831 -0.019852 0.124060
v -0.100138 0.024222 0.180259
v -0.120134 -0.044955 0.173660
v -0.121184 -0.131780 0.113383
v -0.103206 -0.067003 0.091125
v -0.102156 0.019823 0.151402
v -0.121502 0.004309 0.182056
v -0.134509 -0.092105 0.140725
v -0.123202 -0.136180 0.084526
v -0.123399 -0.052071 0.126968
v 0.105329 -0.037478 0.125146
v 0.154565 -0.072894 0.074763
v 0.106225 0.006277 0.125441
v 0.050995 0.026912 0.167304
v 0.065202 -0.039508 0.142498
v 0.129211 -0.101191 0.085305
v 0.130661 -0.030392 0.085782
v 0.066651 0.031291 0.142976
v 0.041297 0.002994 0.153518
v 0.089637 -0.076177 0.102840
v 0.144868 -0.096812 0.060976
v 0.090533 -0.032422 0.103134
v -0.057274 0.108807 0.097887
v -0.065027 0.060935 0.035716
v -0.073712 0.149114 0.093355
v -0.069681 0.179595 0.158803
v -0.058503 0.110253 0.141612
v -0.055627 0.036918 0.065540
v -0.082225 0.102138 0.058208
v -0.085101 0.175472 0.134279
v -0.075701 0.151455 0.164103
v -0.067015 0.063277 0.106465
v -0.071047 0.032795 0.041017
v -0.083454 0.103584 0.101932
v 0.119057 0.085935 0.128026
v 0.124170 0.027773 0.075035
v 0.091696 0.118643 0.118176
v 0.088052 0.159910 0.177443
v 0.118274 0.094542 0.170930
v 0.140596 0.012878 0.107638
v 0.096326 0.065802 0.091702
v 0.074004 0.147466 0.154994
v 0.090430 0.132571 0.187597
v 0.122904 0.041700 0.144455
v 0.126548 0.000434 0.085188
v 0.095544 0.074409 0.134606
v -0.132976 -0.005465 0.076389
v -0.173176 -0.021838 0.010564
v -0.148414 0.027475 0.100721
v -0.110079 0.026438 0.162025
v -0.111151 -0.023516 0.109754
v -0.150147 -0.053351 0.016147
v -0.175126 -0.000053 0.055519
v -0.136129 0.029783 0.149126
v -0.113100 -0.001731 0.154709
v -0.137863 -0.051044 0.064552
v -0.176197 -0.050007 0.003248
v -0.153301 -0.018104 0.088884
v 0.108758 -0.017194 0.147030
v 0.138569 -0.069836 0.096463
v 0.125447 0.023208 0.144875
v 0.084175 0.063985 0.188034
v 0.071792 -0.003859 0.166294
v 0.105409 -0.086564 0.109700
v 0.132411 -0.021191 0.106214
v 0.098793 0.061514 0.162808
v 0.065633 0.044786 0.176045
v 0.078756 -0.048258 0.127632
v 0.120027 -0.089036 0.084473
v 0.095444 -0.007857 0.125477
v 0.040500 -0.109113 0.155143
v 0.060498 -0.155552 0.094641
v 0.040403 -0.066073 0.147205
v 0.011416 -0.035212 0.205823
v 0.013597 -0.105619 0.189487
v 0.043932 -0.179992 0.120773
v 0.043774 -0.110352 0.107929
v 0.013440 -0.035979 0.176643
v -0.003127 -0.060419 0.202774
v 0.016969 -0.149898 0.150211
v 0.045956 -0.180759 0.091592
v 0.016872 -0.106858 0.142272
v -0.022746 0.120597 0.098165
v -0.010740 0.122101 0.020251
v -0.021508 0.159271 0.118615
v -0.043379 0.146537 0.186353
v -0.046127 0.101496 0.129850
v -0.025955 0.086394 0.027194
v -0.023953 0.148970 0.060285
v -0.044125 0.164073 0.162940
v -0.059340 0.128366 0.169883
v -0.048572 0.091196 0.071519
v -0.026702 0.103930 0.003782
v -0.047335 0.129870 0.091969
v -0.063477 -0.073230 0.168007
v -0.074569 -0.094078 0.092778
v -0.057924 -0.030479 0.175550
v -0.058762 -0.022807 0.247448
v -0.075925 -0.081665 0.209108
v -0.085694 -0.125712 0.113518
v -0.076709 -0.056539 0.125725
v -0.066940 -0.012492 0.221316
v -0.078065 -0.044126 0.242055
v -0.094709 -0.107725 0.159283
v -0.093872 -0.115397 0.087385
v -0.089156 -0.064974 0.166826
v 0.069914 0.061141 0.166344
v 0.049872 0.062197 0.090092
v 0.041051 0.078783 0.194113
v 0.065349 0.063235 0.260420
v 0.089187 0.037040 0.197378
v 0.079622 0.036399 0.092110
v 0.032921 0.064944 0.137043
v 0.042486 0.065585 0.242311
v 0.072235 0.039787 0.244329
v 0.081057 0.023201 0.140308
v 0.056759 0.038749 0.074001
v 0.052194 0.040843 0.168077
v -0.072527 -0.047482 0.074856
v -0.008836 -0.084834 0.047190
v -0.080381 -0.007799 0.058153
v -0.145348 0.011704 0.083208
v -0.113953 -0.053279 0.087730
v -0.029584 -0.112941 0.065470
v -0.042294 -0.048732 0.038444
v -0.126663 0.010931 0.060703
v -0.147411 -0.017177 0.078983
v -0.075866 -0.094211 0.068021
v -0.010899 -0.113714 0.042965
v -0.083720 -0.054528 0.051317
v 0.083564 0.040999 0.069133
v 0.063663 0.049960 -0.006635
v 0.104887 0.074484 0.087558
v 0.108718 0.059079 0.158105
v 0.069861 0.025034 0.107510
v 0.042016 0.019398 0.005696
v 0.076519 0.073577 0.035510
v 0.104365 0.079213 0.137324
v 0.082717 0.048651 0.149654
v 0.041493 0.024127 0.055462
v 0.037662 0.039532 -0.015085
v 0.062817 0.057612 0.073887
vn -0.3090 -0.9511 -0.0000
vn -0.8090 -0.5878 -0.0000
vn -1.0000 -0.0000 -0.0000
vn -0.8090 0.5878 -0.0000
vn -0.3090 0.9511 -0.0000
vn 0.3090 0.9511 -0.0000
vn 0.8090 0.5878 -0.0000
vn 1.0000 -0.0000 -0.0000
vn -0.0000 -0.0000 1.0000
vn 0.8090 -0.5878 -0.0000
vn 0.3090 -0.9511 -0.0000
vn -0.0000 -0.0000 -1.0000
vn -0.4920 -0.7558 -0.4320
vn -0.8791 0.3490 -0.3246
vn -0.0513 0.9715 0.2314
vn -0.4165 -0.2314 0.8792
vn 0.8474 0.2514 0.4676
vn 0.5750 -0.8161 0.0576
vn 0.4165 0.2314 -0.8792
vn -0.5905 -0.8069 -0.0125
vn -0.8459 0.2286 0.4820
vn 0.0678 0.9482 0.3104
vn 0.4059 -0.3104 0.8596
vn 0.8877 0.3574 -0.2901
vn 0.4809 -0.7273 -0.4897
vn -0.4059 0.3104 -0.8596
vn -0.6019 -0.7958 0.0660
vn -0.8463 0.2112 -0.4891
vn 0.0789 0.9264 -0.3683
vn -0.3946 0.3683 0.8418
vn 0.8950 0.3613 0.2615
vn 0.4743 -0.7031 0.5299
vn 0.3946 -0.3683 -0.8418
vn -0.4652 -0.7445 0.4789
vn -0.8557 0.3592 0.3725
vn -0.0637 0.9665 -0.2487
vn 0.4725 0.2487 0.8455
vn 0.8163 0.2381 -0.5262
vn 0.5682 -0.8193 -0.0765
vn -0.4725 -0.2487 -0.8455
vn -0.5648 -0.7170 -0.4086
vn -0.9528 0.3022 0.0305
vn -0.0241 0.9037 0.4275
vn -0.1069 -0.4275 0.8977
vn 0.9379 0.2564 0.2337
vn 0.6037 -0.7453 -0.2830
vn 0.1069 0.4275 -0.8977
vn -0.6073 -0.7589 0.2352
vn -0.9282 0.2504 -0.2751
vn 0.0336 0.9136 -0.4052
vn -0.1576 0.4052 0.9005
vn 0.9490 0.3143 0.0247
vn 0.5529 -0.7194 0.4205
vn 0.1576 -0.4052 -0.9005
vn -0.4936 -0.8184 -0.2941
vn -0.7686 0.2908 -0.5698
vn 0.0186 0.9981 -0.0580
vn -0.5803 0.0580 0.8124
vn 0.7801 0.3261 0.5339
vn 0.4636 -0.7966 0.3880
vn 0.5803 -0.0580 -0.8124
vn -0.4957 -0.8178 0.2925
vn -0.7742 0.2922 0.5614
vn 0.0172 0.9984 0.0545
vn 0.5726 -0.0545 0.8180
vn 0.7848 0.3248 -0.5277
vn 0.4679 -0.7976 -0.3807
vn -0.5726 0.0545 -0.8180
vn -0.0359 -0.5080 -0.8606
vn -0.5314 0.5379 -0.6544
vn -0.2925 0.8404 0.4562
vn -0.8363 -0.4562 0.3041
vn 0.3506 -0.0185 0.9363
vn 0.5092 -0.8519 0.1225
vn 0.8363 0.4562 -0.3041
vn -0.5827 -0.8126 0.0079
vn -0.3509 -0.1197 0.9287
vn 0.3659 0.7387 0.5661
vn 0.7926 -0.5661 0.2265
vn 0.5770 0.5762 -0.5789
vn -0.0093 -0.3825 -0.9239
vn -0.7926 0.5661 -0.2265
vn -0.6943 -0.6962 0.1822
vn -0.4445 -0.2273 -0.8664
vn 0.4196 0.5558 -0.7177
vn -0.6778 0.7177 0.1595
vn 0.7038 0.5708 0.4229
vn 0.0154 -0.2030 0.9791
vn 0.6778 -0.7177 -0.1595
vn -0.0333 -0.3654 0.9303
vn -0.6350 0.5618 0.5302
vn -0.3592 0.7126 -0.6026
vn 0.7532 0.6026 0.2636
vn 0.4130 -0.1214 -0.9026
vn 0.6145 -0.7877 0.0448
vn -0.7532 -0.6026 -0.2636
vn -0.3374 -0.2581 -0.9053
vn -0.9224 0.3721 -0.1037
vn -0.2327 0.4881 0.8412
vn -0.3824 -0.8412 0.3824
vn 0.7786 -0.0704 0.6236
vn 0.7139 -0.5317 -0.4558
vn 0.3824 0.8412 -0.3824
vn -0.7104 -0.4719 0.5222
vn -0.8162 -0.0618 -0.5744
vn 0.2059 0.4337 -0.8772
vn -0.3190 0.8772 0.3589
vn 0.9435 0.3299 0.0323
vn 0.3772 -0.2299 0.8972
vn 0.3190 -0.8772 -0.3589
vn -0.5878 -0.8090 -0.0000
vn -0.9511 0.3090 -0.0000
vn -0.0000 1.0000 -0.0000
vn 0.9511 0.3090 -0.0000
vn 0.5878 -0.8090 -0.0000
vn -0.0631 0.9188 -0.3897
vn 0.1995 0.8966 -0.3953
vn 0.0074 0.9622 -0.2721
vn 0.3130 0.9306 -0.1896
vn 0.4229 0.8686 -0.2584
vn 0.2674 0.5843 -0.7662
vn -0.7262 0.5047 -0.4667
vn -0.6295 0.7746 -0.0606
vn 0.7103 0.6361 0.3014
vn 0.9431 0.3322 -0.0158
vn -0.7103 -0.6361 -0.3014
vn -0.9431 -0.3322 0.0158
vn -0.2674 -0.5843 0.7662
vn 0.7262 -0.5047 0.4667
vn 0.6295 -0.7746 0.0606
vn -0.3130 -0.9306 0.1896
vn -0.4229 -0.8686 0.2584
vn -0.1995 -0.8966 0.3953
vn 0.0631 -0.9188 0.3897
vn -0.0074 -0.9622 0.2721
vn -0.1665 0.3018 -0.9387
vn 0.0889 0.2431 -0.9659
vn -0.0733 0.4074 -0.9103
vn 0.2436 0.4027 -0.8823
vn 0.3373 0.2943 -0.8942
vn 0.0817 -0.2464 -0.9657
vn -0.8212 0.0811 -0.5648
vn -0.6448 0.5450 -0.5360
vn 0.7444 0.5244 -0.4132
vn 0.9096 0.0555 -0.4118
vn -0.7444 -0.5244 0.4132
vn -0.9096 -0.0555 0.4118
vn -0.0817 0.2464 0.9657
vn 0.8212 -0.0811 0.5648
vn 0.6448 -0.5450 0.5360
vn -0.2437 -0.4027 0.8823
vn -0.3373 -0.2943 0.8942
vn -0.0889 -0.2431 0.9659
vn 0.1665 -0.3018 0.9387
vn 0.0733 -0.4074 0.9103
vn 0.9511 0.2856 -0.1175
vn 0.9854 0.1387 0.0986
vn 0.9357 0.3528 0.0087
vn 0.9222 0.2376 0.3050
vn 0.9298 0.1026 0.3536
vn 0.9456 -0.3155 -0.0797
vn 0.5304 0.3338 -0.7792
vn 0.5473 0.7058 -0.4498
vn 0.4884 0.2011 0.8491
vn 0.4571 -0.2950 0.8391
vn -0.4884 -0.2011 -0.8491
vn -0.4571 0.2950 -0.8391
vn -0.9456 0.3155 0.0797
vn -0.5304 -0.3338 0.7792
vn -0.5473 -0.7058 0.4498
vn -0.9222 -0.2376 -0.3050
vn -0.9298 -0.1026 -0.3536
vn -0.9854 -0.1387 -0.0986
vn -0.9511 -0.2856 0.1175
vn -0.9357 -0.3528 -0.0087
vn 0.2544 -0.9215 0.2934
vn 0.0441 -0.8922 0.4495
vn 0.2782 -0.8627 0.4224
vn 0.0749 -0.7606 0.6449
vn -0.0689 -0.7593 0.6471
vn -0.3257 -0.9363 0.1318
vn 0.5363 -0.7346 -0.4157
vn 0.7810 -0.6245 0.0028
vn -0.1103 -0.1772 0.9780
vn -0.5742 -0.1774 0.7993
vn 0.1103 0.1772 -0.9780
vn 0.5742 0.1774 -0.7993
vn 0.3257 0.9363 -0.1318
vn -0.5363 0.7346 0.4157
vn -0.7810 0.6245 -0.0028
vn -0.0749 0.7606 -0.6449
vn 0.0689 0.7593 -0.6471
vn -0.0441 0.8922 -0.4495
vn -0.2544 0.9215 -0.2934
vn -0.2782 0.8627 -0.4224
vn -0.2628 0.9276 -0.2654
vn -0.0058 0.9473 -0.3203
vn -0.1776 0.9713 -0.1581
vn 0.1396 0.9809 -0.1356
vn 0.2416 0.9429 -0.2295
vn 0.0314 0.6824 -0.7303
vn -0.8651 0.4232 -0.2694
vn -0.7297 0.6691 0.1410
vn 0.6609 0.7111 0.2400
vn 0.8675 0.4755 -0.1460
vn -0.6609 -0.7111 -0.2400
vn -0.8675 -0.4755 0.1460
vn -0.0314 -0.6824 0.7303
vn 0.8651 -0.4232 0.2694
vn 0.7297 -0.6691 -0.1410
vn -0.1396 -0.9809 0.1356
vn -0.2416 -0.9429 0.2295
vn 0.0058 -0.9473 0.3203
vn 0.2628 -0.9276 0.2654
vn 0.1776 -0.9713 0.1581
vn 0.4190 -0.4905 0.7641
vn 0.1864 -0.6143 0.7667
vn 0.3160 -0.4314 0.8450
vn 0.0056 -0.4978 0.8673
vn -0.0744 -0.5961 0.7994
vn 0.2197 -0.9019 0.3719
vn 0.9455 -0.1612 0.2828
vn 0.7436 0.0878 0.6628
vn -0.6169 -0.2034 0.7603
vn -0.7496 -0.5241 0.4043
vn 0.6169 0.2034 -0.7603
vn 0.7496 0.5241 -0.4043
vn -0.2197 0.9019 -0.3719
vn -0.9455 0.1612 -0.2828
vn -0.7436 -0.0878 -0.6628
vn -0.0056 0.4978 -0.8673
vn 0.0744 0.5961 -0.7994
vn -0.1864 0.6143 -0.7667
vn -0.4190 0.4905 -0.7641
vn -0.3160 0.4314 -0.8450
vn 0.1417 -0.9894 -0.0320
vn -0.1166 -0.9930 0.0198
vn 0.1043 -0.9888 0.1068
vn -0.1800 -0.9526 0.2450
vn -0.3103 -0.9319 0.1878
vn -0.3085 -0.8583 -0.4100
vn 0.6960 -0.5857 -0.4154
vn 0.7286 -0.6812 0.0714
vn -0.5177 -0.5228 0.6773
vn -0.8567 -0.3883 0.3395
vn 0.5177 0.5228 -0.6773
vn 0.8567 0.3883 -0.3395
vn 0.3085 0.8583 0.4100
vn -0.6960 0.5857 0.4154
vn -0.7286 0.6812 -0.0714
vn 0.1800 0.9526 -0.2450
vn 0.3103 0.9319 -0.1878
vn 0.1166 0.9930 -0.0198
vn -0.1417 0.9894 0.0320
vn -0.1043 0.9888 -0.1068
vn 0.4223 -0.2085 -0.8822
vn 0.5226 -0.4112 -0.7469
vn 0.5477 -0.1854 -0.8159
vn 0.7077 -0.3632 -0.6060
vn 0.6766 -0.4913 -0.5485
vn 0.1331 -0.7037 -0.6979
vn -0.2160 0.2451 -0.9451
vn 0.2366 0.4360 -0.8683
vn 0.9377 -0.3436 0.0515
vn 0.6575 -0.7262 0.2009
vn -0.9377 0.3436 -0.0515
vn -0.6575 0.7262 -0.2009
vn -0.1331 0.7037 0.6979
vn 0.2160 -0.2451 0.9451
vn -0.2366 -0.4360 0.8683
vn -0.7077 0.3632 0.6060
vn -0.6766 0.4913 0.5485
vn -0.5226 0.4112 0.7469
vn -0.4223 0.2085 0.8822
vn -0.5477 0.1854 0.8159
vn -0.2635 0.4524 -0.8520
vn -0.1064 0.6425 -0.7589
vn -0.3255 0.5514 -0.7681
vn -0.1980 0.7824 -0.5904
vn -0.0608 0.8198 -0.5694
vn 0.3384 0.4494 -0.8268
vn -0.3522 -0.3278 -0.8767
vn -0.7089 -0.0271 -0.7048
vn -0.1502 0.9858 0.0744
vn 0.3439 0.9343 0.0942
vn 0.1502 -0.9858 -0.0744
vn -0.3439 -0.9343 -0.0942
vn -0.3384 -0.4494 0.8268
vn 0.3522 0.3278 0.8767
vn 0.7089 0.0271 0.7048
vn 0.1980 -0.7824 0.5904
vn 0.0608 -0.8198 0.5694
vn 0.1064 -0.6425 0.7589
vn 0.2635 -0.4524 0.8520
vn 0.3255 -0.5514 0.7681
vn 0.7781 -0.4624 0.4252
vn 0.5988 -0.5193 0.6098
vn 0.7633 -0.3669 0.5317
vn 0.5460 -0.3458 0.7631
vn 0.4325 -0.4288 0.7931
vn 0.3285 -0.8615 0.3872
vn 0.8661 -0.3584 -0.3485
vn 0.9998 -0.0111 -0.0188
vn 0.0470 0.0815 0.9956
vn -0.3210 -0.2430 0.9154
vn -0.0470 -0.0815 -0.9956
vn 0.3210 0.2430 -0.9154
vn -0.3285 0.8615 -0.3872
vn -0.8661 0.3584 0.3485
vn -0.9998 0.0111 0.0188
vn -0.5460 0.3458 -0.7631
vn -0.4325 0.4288 -0.7931
vn -0.5988 0.5193 -0.6098
vn -0.7781 0.4624 -0.4252
vn -0.7633 0.3669 -0.5317
vn 0.8539 0.5180 0.0493
vn 0.9601 0.2771 0.0385
vn 0.8749 0.4516 0.1751
vn 0.9588 0.1517 0.2401
vn 0.9874 0.0412 0.1527
vn 0.8891 0.1555 -0.4304
vn 0.2482 0.9456 -0.2105
vn 0.3478 0.8966 0.2742
vn 0.7158 -0.4182 0.5592
vn 0.7067 -0.6925 0.1447
vn -0.7158 0.4182 -0.5592
vn -0.7067 0.6925 -0.1447
vn -0.8891 -0.1555 0.4304
vn -0.2482 -0.9456 0.2105
vn -0.3478 -0.8966 -0.2742
vn -0.9588 -0.1517 -0.2401
vn -0.9874 -0.0412 -0.1527
vn -0.9601 -0.2771 -0.0385
vn -0.8539 -0.5180 -0.0493
vn -0.8749 -0.4516 -0.1751
vn -0.1409 0.5868 -0.7974
vn 0.0109 0.7519 -0.6591
vn -0.2088 0.6756 -0.7070
vn -0.0950 0.8706 -0.4828
vn 0.0400 0.8967 -0.4408
vn 0.4529 0.5463 -0.7046
vn -0.2559 -0.1751 -0.9507
vn -0.6189 0.1165 -0.7767
vn -0.1202 0.9711 0.2063
vn 0.3655 0.8895 0.2741
vn 0.1202 -0.9711 -0.2063
vn -0.3655 -0.8895 -0.2741
vn -0.4528 -0.5463 0.7046
vn 0.2559 0.1751 0.9507
vn 0.6189 -0.1166 0.7767
vn 0.0950 -0.8706 0.4828
vn -0.0400 -0.8967 0.4408
vn -0.0109 -0.7519 0.6591
vn 0.1409 -0.5868 0.7974
vn 0.2088 -0.6756 0.7071
vn 0.8970 0.4300 -0.1028
vn 0.9736 0.1805 -0.1398
vn 0.9342 0.3564 0.0149
vn 0.9974 0.0471 0.0552
vn 0.9973 -0.0617 -0.0387
vn 0.8033 0.0872 -0.5892
vn 0.3008 0.9253 -0.2309
vn 0.4843 0.8457 0.2242
vn 0.7611 -0.5099 0.4010
vn 0.6456 -0.7636 -0.0107
vn -0.7611 0.5099 -0.4009
vn -0.6456 0.7636 0.0107
vn -0.8033 -0.0872 0.5892
vn -0.3008 -0.9253 0.2309
vn -0.4843 -0.8457 -0.2242
vn -0.9974 -0.0471 -0.0552
vn -0.9973 0.0617 0.0387
vn -0.9736 -0.1805 0.1398
vn -0.8970 -0.4300 0.1028
vn -0.9342 -0.3564 -0.0149
vn -0.4477 0.7169 -0.5344
vn -0.2219 0.8445 -0.4875
vn -0.4423 0.7955 -0.4142
vn -0.1980 0.9417 -0.2722
vn -0.0591 0.9493 -0.3087
vn 0.0899 0.6125 -0.7853
vn -0.7447 0.0019 -0.6674
vn -0.9091 0.2912 -0.2980
vn 0.1622 0.9319 0.3243
vn 0.5900 0.8002 0.1080
vn -0.1622 -0.9319 -0.3243
vn -0.5900 -0.8002 -0.1080
vn -0.0899 -0.6125 0.7853
vn 0.7447 -0.0019 0.6674
vn 0.9091 -0.2912 0.2980
vn 0.1980 -0.9417 0.2722
vn 0.0591 -0.9493 0.3087
vn 0.2219 -0.8445 0.4875
vn 0.4477 -0.7169 0.5344
vn 0.4423 -0.7955 0.4142
vn 0.1465 -0.9631 -0.2258
vn 0.0468 -0.9988 0.0156
vn 0.2406 -0.9635 -0.1171
vn 0.1944 -0.9608 0.1977
vn 0.0730 -0.9587 0.2747
vn -0.4279 -0.9021 -0.0549
vn 0.0968 -0.5017 -0.8596
vn 0.5269 -0.5786 -0.6225
vn 0.3245 -0.5666 0.7574
vn -0.1554 -0.4867 0.8596
vn -0.3245 0.5666 -0.7574
vn 0.1554 0.4867 -0.8597
vn 0.4279 0.9021 0.0549
vn -0.0968 0.5017 0.8596
vn -0.5269 0.5786 0.6225
vn -0.1944 0.9608 -0.1977
vn -0.0730 0.9587 -0.2747
vn -0.0468 0.9988 -0.0156
vn -0.1465 0.9631 0.2258
vn -0.2406 0.9635 0.1171
vn 0.8238 -0.3014 -0.4801
vn 0.8730 -0.4191 -0.2495
vn 0.8962 -0.2241 -0.3829
vn 0.9568 -0.2807 -0.0757
vn 0.9202 -0.3915 0.0083
vn 0.5552 -0.7915 -0.2555
vn 0.2404 -0.0988 -0.9656
vn 0.5656 0.2342 -0.7907
vn 0.8312 -0.0141 0.5558
vn 0.5713 -0.4081 0.7120
vn -0.8312 0.0141 -0.5558
vn -0.5713 0.4081 -0.7120
vn -0.5552 0.7915 0.2555
vn -0.2404 0.0988 0.9656
vn -0.5656 -0.2342 0.7907
vn -0.9568 0.2807 0.0757
vn -0.9202 0.3915 -0.0083
vn -0.8730 0.4191 0.2495
vn -0.8238 0.3014 0.4801
vn -0.8962 0.2241 0.3829
vn 0.5188 0.3750 0.7682
vn 0.3970 0.1818 0.8996
vn 0.3909 0.4073 0.8254
vn 0.1708 0.2212 0.9602
vn 0.1689 0.0791 0.9825
vn 0.6358 -0.2153 0.7413
vn 0.8284 0.5558 0.0692
vn 0.4750 0.8340 0.2809
vn -0.4899 0.0182 0.8716
vn -0.3737 -0.4606 0.8051
vn 0.4899 -0.0182 -0.8716
vn 0.3737 0.4606 -0.8051
vn -0.6358 0.2153 -0.7413
vn -0.8284 -0.5558 -0.0692
vn -0.4750 -0.8340 -0.2809
vn -0.1708 -0.2212 -0.9602
vn -0.1689 -0.0791 -0.9825
vn -0.3970 -0.1818 -0.8996
vn -0.5188 -0.3750 -0.7682
vn -0.3909 -0.4073 -0.8254
vn 0.9491 -0.2599 0.1779
vn 0.8457 -0.3500 0.4029
vn 0.9432 -0.1669 0.2874
vn 0.7995 -0.1882 0.5704
vn 0.7207 -0.2938 0.6280
vn 0.6093 -0.7516 0.2527
vn 0.7936 -0.1635 -0.5861
vn 0.9308 0.2155 -0.2951
vn 0.3010 0.1220 0.9458
vn 0.0088 -0.2800 0.9600
vn -0.3010 -0.1220 -0.9458
vn -0.0088 0.2800 -0.9600
vn -0.6093 0.7516 -0.2527
vn -0.7935 0.1635 0.5861
vn -0.9308 -0.2155 0.2951
vn -0.7995 0.1882 -0.5704
vn -0.7207 0.2938 -0.6280
vn -0.8457 0.3500 -0.4029
vn -0.9491 0.2599 -0.1779
vn -0.9432 0.1669 -0.2874
vn 0.7740 -0.1522 -0.6147
vn 0.7351 -0.4033 -0.5450
vn 0.8444 -0.1978 -0.4979
vn 0.8186 -0.4684 -0.3324
vn 0.7330 -0.5823 -0.3516
vn 0.3274 -0.5155 -0.7918
vn 0.3965 0.5223 -0.7550
vn 0.7633 0.4900 -0.4210
vn 0.6504 -0.6959 0.3044
vn 0.2558 -0.9552 0.1488
vn -0.6504 0.6959 -0.3044
vn -0.2558 0.9552 -0.1488
vn -0.3274 0.5155 0.7918
vn -0.3965 -0.5223 0.7550
vn -0.7633 -0.4900 0.4210
vn -0.8186 0.4684 0.3324
vn -0.7330 0.5823 0.3516
vn -0.7351 0.4033 0.5450
vn -0.7740 0.1522 0.6147
vn -0.8444 0.1978 0.4979
vn 0.3090 -0.9477 0.0795
vn 0.0617 -0.9848 0.1626
vn 0.2859 -0.9325 0.2206
vn 0.0148 -0.9220 0.3868
vn -0.1221 -0.9311 0.3438
vn -0.1924 -0.9478 -0.2542
vn 0.7432 -0.5223 -0.4181
vn 0.8401 -0.5380 0.0693
vn -0.3484 -0.4921 0.7977
vn -0.7376 -0.4652 0.4895
vn 0.3484 0.4921 -0.7977
vn 0.7376 0.4652 -0.4895
vn 0.1924 0.9478 0.2542
vn -0.7432 0.5223 0.4181
vn -0.8401 0.5380 -0.0693
vn -0.0148 0.9220 -0.3868
vn 0.1221 0.9311 -0.3438
vn -0.0617 0.9848 -0.1626
vn -0.3090 0.9477 -0.0795
vn -0.2859 0.9325 -0.2206
vn 0.8246 -0.5427 -0.1597
vn 0.7920 -0.6032 0.0947
vn 0.8879 -0.4554 -0.0646
vn 0.8620 -0.4398 0.2521
vn 0.7834 -0.5178 0.3438
vn 0.4099 -0.9088 0.0785
vn 0.4286 -0.3818 -0.8189
vn 0.7701 -0.0713 -0.6340
vn 0.6564 -0.0027 0.7544
vn 0.2869 -0.2963 0.9110
vn -0.6564 0.0027 -0.7544
vn -0.2869 0.2963 -0.9110
vn -0.4099 0.9088 -0.0785
vn -0.4286 0.3818 0.8189
vn -0.7701 0.0713 0.6340
vn -0.8620 0.4398 -0.2521
vn -0.7834 0.5178 -0.3438
vn -0.7920 0.6032 -0.0947
vn -0.8246 0.5427 0.1597
vn -0.8879 0.4554 0.0646
vn -0.2209 -0.7588 0.6128
vn -0.3868 -0.5817 0.7155
vn -0.1687 -0.6756 0.7177
vn -0.2917 -0.4189 0.8599
vn -0.4165 -0.3507 0.8388
vn -0.7378 -0.5613 0.3749
vn 0.1013 -0.9928 -0.0645
vn 0.3775 -0.8656 0.3289
vn -0.1619 0.2596 0.9521
vn -0.5707 0.4091 0.7120
vn 0.1619 -0.2596 -0.9521
vn 0.5707 -0.4091 -0.7120
vn 0.7378 0.5613 -0.3749
vn -0.1013 0.9928 0.0645
vn -0.3775 0.8656 -0.3289
vn 0.2917 0.4189 -0.8599
vn 0.4165 0.3507 -0.8388
vn 0.3868 0.5817 -0.7155
vn 0.2209 0.7588 -0.6128
vn 0.1687 0.6756 -0.7177
vn 0.6503 0.6993 -0.2967
vn 0.7467 0.6629 -0.0541
vn 0.5941 0.7810 -0.1926
vn 0.6289 0.7677 0.1234
vn 0.7056 0.6781 0.2057
vn 0.9687 0.2286 -0.0969
vn 0.3074 0.3231 -0.8950
vn 0.1023 0.7233 -0.6829
vn 0.2547 0.6648 0.7023
vn 0.4972 0.2503 0.8308
vn -0.2547 -0.6648 -0.7023
vn -0.4972 -0.2503 -0.8308
vn -0.9687 -0.2286 0.0969
vn -0.3074 -0.3231 0.8950
vn -0.1023 -0.7233 0.6829
vn -0.6289 -0.7677 -0.1234
vn -0.7056 -0.6781 -0.2057
vn -0.7467 -0.6629 0.0541
vn -0.6503 -0.6993 0.2967
vn -0.5941 -0.7810 0.1926
vn 0.3758 0.9210 -0.1026
vn 0.5236 0.8458 0.1023
vn 0.3217 0.9464 0.0282
vn 0.4194 0.8512 0.3156
vn 0.5311 0.7696 0.3544
vn 0.8381 0.5348 -0.1076
vn 0.0330 0.6530 -0.7566
vn -0.2237 0.8880 -0.4017
vn 0.2045 0.4705 0.8584
vn 0.5666 0.1328 0.8132
vn -0.2045 -0.4705 -0.8584
vn -0.5666 -0.1328 -0.8132
vn -0.8381 -0.5348 0.1076
vn -0.0330 -0.6530 0.7566
vn 0.2237 -0.8880 0.4017
vn -0.4194 -0.8512 -0.3156
vn -0.5311 -0.7696 -0.3544
vn -0.5236 -0.8458 -0.1023
vn -0.3758 -0.9210 0.1026
vn -0.3217 -0.9464 -0.0282
vn 0.6476 -0.6369 0.4182
vn 0.4540 -0.6632 0.5950
vn 0.6496 -0.5457 0.5293
vn 0.4336 -0.4900 0.7562
vn 0.3042 -0.5483 0.7790
vn 0.1256 -0.9291 0.3478
vn 0.7827 -0.5171 -0.3464
vn 0.9750 -0.2223 0.0047
vn 0.0282 0.0220 0.9994
vn -0.3969 -0.2128 0.8928
vn -0.0282 -0.0220 -0.9994
vn 0.3969 0.2128 -0.8928
vn -0.1256 0.9291 -0.3478
vn -0.7827 0.5171 0.3464
vn -0.9750 0.2223 -0.0047
vn -0.4336 0.4900 -0.7562
vn -0.3042 0.5483 -0.7790
vn -0.4540 0.6632 -0.5950
vn -0.6476 0.6369 -0.4182
vn -0.6496 0.5457 -0.5293
vn 0.6421 -0.7397 -0.2011
vn 0.5637 -0.8252 0.0355
vn 0.7166 -0.6919 -0.0879
vn 0.6596 -0.7175 0.2241
vn 0.5514 -0.7804 0.2949
vn 0.1134 -0.9917 -0.0605
vn 0.3906 -0.3659 -0.8447
vn 0.7840 -0.2081 -0.5849
vn 0.5338 -0.3202 0.7827
vn 0.0789 -0.5056 0.8591
vn -0.5338 0.3202 -0.7827
vn -0.0789 0.5056 -0.8591
vn -0.1134 0.9917 0.0606
vn -0.3906 0.3659 0.8447
vn -0.7840 0.2081 0.5849
vn -0.6596 0.7175 -0.2241
vn -0.5514 0.7804 -0.2949
vn -0.5637 0.8252 -0.0355
vn -0.6421 0.7397 0.2011
vn -0.7166 0.6919 0.0879
vn 0.3581 0.2347 -0.9037
vn 0.5865 0.2433 -0.7725
vn 0.3937 0.3612 -0.8453
vn 0.6273 0.4385 -0.6436
vn 0.7295 0.3577 -0.5830
vn 0.6787 -0.2316 -0.6970
vn -0.3310 -0.1413 -0.9330
vn -0.3020 0.3527 -0.8857
vn 0.7219 0.6920 -0.0014
vn 0.9447 0.2813 0.1687
vn -0.7219 -0.6920 0.0014
vn -0.9447 -0.2813 -0.1687
vn -0.6787 0.2316 0.6970
vn 0.3310 0.1413 0.9330
vn 0.3020 -0.3527 0.8857
vn -0.6273 -0.4385 0.6436
vn -0.7295 -0.3577 0.5830
vn -0.5865 -0.2433 0.7725
vn -0.3581 -0.2347 0.9037
vn -0.3937 -0.3612 0.8453
vn -0.1995 0.2743 -0.9407
vn 0.0561 0.3385 -0.9393
vn -0.1673 0.4076 -0.8977
vn 0.1133 0.5426 -0.8323
vn 0.2466 0.4889 -0.8368
vn 0.2715 -0.1008 -0.9571
vn -0.7139 -0.2465 -0.6554
vn -0.7703 0.2430 -0.5896
vn 0.4598 0.8348 -0.3029
vn 0.8187 0.4907 -0.2983
vn -0.4598 -0.8348 0.3029
vn -0.8187 -0.4907 0.2983
vn -0.2715 0.1008 0.9571
vn 0.7139 0.2465 0.6554
vn 0.7703 -0.2430 0.5896
vn -0.1133 -0.5426 0.8323
vn -0.2466 -0.4889 0.8368
vn -0.0561 -0.3385 0.9393
vn 0.1995 -0.2743 0.9407
vn 0.1673 -0.4076 0.8977
vn 0.6252 0.7792 -0.0439
vn 0.7800 0.6183 0.0962
vn 0.6111 0.7853 0.0991
vn 0.7306 0.5990 0.3277
vn 0.8152 0.4830 0.3196
vn 0.9242 0.2954 -0.2423
vn 0.0842 0.7852 -0.6134
vn -0.0010 0.9860 -0.1667
vn 0.5227 0.1695 0.8355
vn 0.7367 -0.2321 0.6352
vn -0.5227 -0.1695 -0.8355
vn -0.7367 0.2321 -0.6352
vn -0.9242 -0.2954 0.2423
vn -0.0842 -0.7852 0.6134
vn 0.0010 -0.9860 0.1667
vn -0.7306 -0.5990 -0.3277
vn -0.8152 -0.4830 -0.3196
vn -0.7800 -0.6183 -0.0962
vn -0.6252 -0.7792 0.0439
vn -0.6111 -0.7853 -0.0991
vn 0.9120 0.1643 -0.3760
vn 0.9724 -0.0457 -0.2286
vn 0.9518 0.1906 -0.2404
vn 1.0000 -0.0073 0.0041
vn 0.9886 -0.1503 0.0127
vn 0.7718 -0.4113 -0.4850
vn 0.3377 0.4765 -0.8118
vn 0.5423 0.7214 -0.4306
vn 0.7535 -0.1460 0.6410
vn 0.6008 -0.6042 0.5234
vn -0.7535 0.1460 -0.6410
vn -0.6008 0.6042 -0.5234
vn -0.7718 0.4113 0.4850
vn -0.3377 -0.4765 0.8118
vn -0.5423 -0.7214 0.4306
vn -1.0000 0.0073 -0.0041
vn -0.9886 0.1503 -0.0127
vn -0.9724 0.0457 0.2286
vn -0.9120 -0.1643 0.3760
vn -0.9518 -0.1906 0.2404
vn 0.3206 0.4699 -0.8224
vn 0.4980 0.2750 -0.8224
vn 0.4418 0.4937 -0.7490
vn 0.6795 0.2970 -0.6709
vn 0.6983 0.1572 -0.6983
vn 0.2290 -0.1075 -0.9675
vn -0.4271 0.6335 -0.6452
vn -0.0480 0.8907 -0.4521
vn 0.9935 0.0285 -0.1098
vn 0.8706 -0.4408 -0.2187
vn -0.9935 -0.0285 0.1098
vn -0.8706 0.4408 0.2187
vn -0.2290 0.1075 0.9675
vn 0.4271 -0.6335 0.6452
vn 0.0480 -0.8907 0.4521
vn -0.6795 -0.2971 0.6709
vn -0.6983 -0.1572 0.6983
vn -0.4980 -0.2750 0.8224
vn -0.3206 -0.4699 0.8224
vn -0.4418 -0.4937 0.7490
vn 0.8463 -0.4122 -0.3374
vn 0.7677 -0.6132 -0.1862
vn 0.8898 -0.4100 -0.2004
vn 0.8052 -0.5911 0.0472
vn 0.7119 -0.7001 0.0562
vn 0.3989 -0.7997 -0.4487
vn 0.5779 0.1637 -0.7995
vn 0.8753 0.2540 -0.4115
vn 0.5046 -0.5399 0.6738
vn 0.1160 -0.8253 0.5526
vn -0.5046 0.5399 -0.6738
vn -0.1160 0.8253 -0.5526
vn -0.3989 0.7997 0.4487
vn -0.5779 -0.1637 0.7995
vn -0.8753 -0.2540 0.4115
vn -0.8052 0.5911 -0.0472
vn -0.7119 0.7001 -0.0562
vn -0.7677 0.6132 0.1862
vn -0.8463 0.4122 0.3374
vn -0.8898 0.4100 0.2004
vn -0.4963 -0.7250 0.4775
vn -0.6739 -0.5333 0.5113
vn -0.4811 -0.6438 0.5951
vn -0.6276 -0.3751 0.6822
vn -0.7293 -0.2979 0.6160
vn -0.8674 -0.4935 0.0633
vn 0.0377 -0.9989 -0.0295
vn 0.1542 -0.8846 0.4402
vn -0.4880 0.2932 0.8221
vn -0.7624 0.4685 0.4464
vn 0.4880 -0.2932 -0.8221
vn 0.7624 -0.4685 -0.4464
vn 0.8674 0.4935 -0.0633
vn -0.0377 0.9989 0.0295
vn -0.1542 0.8846 -0.4402
vn 0.6276 0.3751 -0.6822
vn 0.7293 0.2979 -0.6160
vn 0.6739 0.5333 -0.5113
vn 0.4963 0.7250 -0.4775
vn 0.4811 0.6438 -0.5951
vn -0.5164 -0.8373 0.1794
vn -0.7219 -0.6790 0.1331
vn -0.5703 -0.7675 0.2930
vn -0.7862 -0.5344 0.3101
vn -0.8598 -0.4669 0.2067
vn -0.6991 -0.6220 -0.3526
vn 0.2274 -0.9732 -0.0338
vn 0.0994 -0.8926 0.4398
vn -0.8474 0.1288 0.5150
vn -0.9523 0.2993 0.0600
vn 0.8474 -0.1288 -0.5150
vn 0.9523 -0.2993 -0.0600
vn 0.6991 0.6220 0.3526
vn -0.2274 0.9732 0.0338
vn -0.0994 0.8926 -0.4398
vn 0.7862 0.5344 -0.3101
vn 0.8598 0.4669 -0.2067
vn 0.7219 0.6790 -0.1331
vn 0.5164 0.8373 -0.1794
vn 0.5703 0.7675 -0.2930
vn -0.5375 -0.0468 -0.8420
vn -0.4588 0.2037 -0.8649
vn -0.6219 0.0526 -0.7814
vn -0.5748 0.3636 -0.7331
vn -0.4626 0.4476 -0.7652
vn 0.0121 0.1515 -0.9884
vn -0.3080 -0.7520 -0.5828
vn -0.7280 -0.5373 -0.4259
vn -0.5216 0.8258 -0.2143
vn -0.0508 0.9463 -0.3193
vn 0.5216 -0.8258 0.2143
vn 0.0508 -0.9463 0.3193
vn -0.0121 -0.1515 0.9884
vn 0.3080 0.7520 0.5828
vn 0.7280 0.5373 0.4259
vn 0.5748 -0.3636 0.7331
vn 0.4626 -0.4476 0.7652
vn 0.4588 -0.2037 0.8649
vn 0.5375 0.0468 0.8420
vn 0.6219 -0.0526 0.7814
vn -0.4615 0.8850 -0.0613
vn -0.2174 0.9695 -0.1135
vn -0.3813 0.9230 0.0519
vn -0.0720 0.9948 0.0726
vn 0.0302 0.9991 -0.0284
vn -0.1492 0.8076 -0.5705
vn -0.9469 0.2761 -0.1649
vn -0.8425 0.4562 0.2866
vn 0.5133 0.7708 0.3773
vn 0.7423 0.6681 -0.0519
vn -0.5133 -0.7708 -0.3773
vn -0.7423 -0.6681 0.0519
vn 0.1492 -0.8076 0.5705
vn 0.9469 -0.2761 0.1649
vn 0.8425 -0.4562 -0.2866
vn 0.0720 -0.9948 -0.0726
vn -0.0302 -0.9991 0.0284
vn 0.2174 -0.9695 0.1135
vn 0.4615 -0.8850 0.0613
vn 0.3813 -0.9230 -0.0519
vn 0.4151 0.9073 -0.0676
vn 0.6298 0.7664 -0.1268
vn 0.4973 0.8665 0.0430
vn 0.7440 0.6659 0.0556
vn 0.8072 0.5883 -0.0477
vn 0.5307 0.6161 -0.5821
vn -0.3662 0.9185 -0.1492
vn -0.1472 0.9436 0.2964
vn 0.9340 0.0643 0.3515
vn 0.9809 -0.1771 -0.0806
vn -0.9340 -0.0643 -0.3515
vn -0.9809 0.1771 0.0806
vn -0.5307 -0.6161 0.5821
vn 0.3662 -0.9185 0.1492
vn 0.1472 -0.9436 -0.2964
vn -0.7440 -0.6659 -0.0556
vn -0.8072 -0.5883 0.0477
vn -0.6298 -0.7664 0.1268
vn -0.4151 -0.9073 0.0676
vn -0.4973 -0.8665 -0.0430
vn 0.4701 0.8825 -0.0148
vn 0.6557 0.7464 0.1137
vn 0.4592 0.8790 0.1285
vn 0.6173 0.7072 0.3447
vn 0.7214 0.6094 0.3289
vn 0.8470 0.4723 -0.2440
vn -0.0788 0.8159 -0.5728
vn -0.1867 0.9757 -0.1146
vn 0.5063 0.2227 0.8331
vn 0.7845 -0.1223 0.6079
vn -0.5063 -0.2227 -0.8331
vn -0.7845 0.1223 -0.6079
vn -0.8470 -0.4723 0.2440
vn 0.0788 -0.8159 0.5728
vn 0.1867 -0.9757 0.1146
vn -0.6173 -0.7072 -0.3447
vn -0.7214 -0.6094 -0.3289
vn -0.6557 -0.7464 -0.1137
vn -0.4701 -0.8825 0.0148
vn -0.4592 -0.8790 -0.1285
vn -0.1146 0.8023 -0.5858
vn 0.1485 0.8067 -0.5719
vn -0.0575 0.8770 -0.4770
vn 0.2425 0.8956 -0.3728
vn 0.3624 0.8319 -0.4201
vn 0.2720 0.4309 -0.8604
vn -0.7305 0.3151 -0.6059
vn -0.6895 0.6742 -0.2646
vn 0.6259 0.7559 0.1921
vn 0.9083 0.4168 -0.0368
vn -0.6259 -0.7559 -0.1921
vn -0.9083 -0.4168 0.0368
vn -0.2720 -0.4309 0.8604
vn 0.7305 -0.3150 0.6059
vn 0.6895 -0.6742 0.2646
vn -0.2425 -0.8956 0.3728
vn -0.3624 -0.8319 0.4201
vn -0.1485 -0.8067 0.5719
vn 0.1146 -0.8023 0.5858
vn 0.0575 -0.8770 0.4770
vn 0.2109 0.8147 -0.5402
vn 0.4586 0.7332 -0.5021
vn 0.2767 0.8633 -0.4220
vn 0.5540 0.7804 -0.2898
vn 0.6517 0.6829 -0.3300
vn 0.4862 0.3472 -0.8019
vn -0.5223 0.5540 -0.6483
vn -0.4059 0.8693 -0.2820
vn 0.8096 0.5059 0.2975
vn 0.9921 0.1013 0.0737
vn -0.8096 -0.5059 -0.2975
vn -0.9921 -0.1013 -0.0737
vn -0.4862 -0.3472 0.8019
vn 0.5223 -0.5540 0.6483
vn 0.4059 -0.8693 0.2820
vn -0.5540 -0.7804 0.2898
vn -0.6517 -0.6829 0.3300
vn -0.4586 -0.7332 0.5021
vn -0.2109 -0.8147 0.5402
vn -0.2767 -0.8633 0.4220
vn 0.5408 0.0379 0.8403
vn 0.4090 -0.1839 0.8938
vn 0.4150 0.0530 0.9083
vn 0.1855 -0.1586 0.9698
vn 0.1758 -0.2985 0.9381
vn 0.6253 -0.5055 0.5946
vn 0.8577 0.4489 0.2505
vn 0.5206 0.6462 0.5581
vn -0.4856 -0.2813 0.8277
vn -0.3959 -0.7067 0.5864
vn 0.4856 0.2813 -0.8277
vn 0.3959 0.7067 -0.5864
vn -0.6253 0.5055 -0.5946
vn -0.8577 -0.4489 -0.2505
vn -0.5206 -0.6462 -0.5581
vn -0.1855 0.1586 -0.9698
vn -0.1758 0.2985 -0.9381
vn -0.4090 0.1839 -0.8938
vn -0.5408 -0.0379 -0.8403
vn -0.4150 -0.0530 -0.9083
vn 0.2018 0.6915 -0.6936
vn 0.4289 0.7082 -0.5609
vn 0.2054 0.7850 -0.5845
vn 0.4241 0.8318 -0.3582
vn 0.5495 0.7659 -0.3338
vn 0.6557 0.2955 -0.6948
vn -0.3551 0.1842 -0.9165
vn -0.4612 0.5954 -0.6579
vn 0.4976 0.8005 0.3341
vn 0.8394 0.4398 0.3195
vn -0.4976 -0.8005 -0.3341
vn -0.8394 -0.4398 -0.3195
vn -0.6557 -0.2955 0.6948
vn 0.3551 -0.1842 0.9165
vn 0.4611 -0.5954 0.6579
vn -0.4241 -0.8318 0.3582
vn -0.5495 -0.7659 0.3338
vn -0.4289 -0.7082 0.5609
vn -0.2018 -0.6915 0.6936
vn -0.2054 -0.7850 0.5845
vn 0.0547 -0.2944 0.9541
vn -0.1581 -0.1408 0.9773
vn 0.0787 -0.1560 0.9846
vn -0.1191 0.0932 0.9885
vn -0.2598 0.1018 0.9603
vn -0.5033 -0.4114 0.7599
vn 0.4218 -0.7818 0.4593
vn 0.6487 -0.3857 0.6561
vn -0.2185 0.7066 0.6730
vn -0.6587 0.5791 0.4804
vn 0.2185 -0.7066 -0.6730
vn 0.6587 -0.5791 -0.4804
vn 0.5033 0.4114 -0.7599
vn -0.4218 0.7818 -0.4593
vn -0.6487 0.3857 -0.6561
vn 0.1191 -0.0932 -0.9885
vn 0.2598 -0.1018 -0.9603
vn 0.1581 0.1408 -0.9773
vn -0.0547 0.2944 -0.9541
vn -0.0787 0.1560 -0.9846
vn -0.1278 -0.7432 0.6568
vn -0.3427 -0.6041 0.7195
vn -0.1115 -0.6425 0.7581
vn -0.3089 -0.4132 0.8566
vn -0.4416 -0.3786 0.8134
vn -0.6365 -0.6932 0.3381
vn 0.3330 -0.9415 0.0522
vn 0.5136 -0.7237 0.4610
vn -0.3517 0.2814 0.8928
vn -0.7450 0.3108 0.5902
vn 0.3517 -0.2814 -0.8928
vn 0.7450 -0.3108 -0.5902
vn 0.6365 0.6932 -0.3381
vn -0.3330 0.9415 -0.0522
vn -0.5136 0.7237 -0.4610
vn 0.3089 0.4132 -0.8566
vn 0.4416 0.3786 -0.8134
vn 0.3427 0.6041 -0.7195
vn 0.1278 0.7432 -0.6568
vn 0.1115 0.6425 -0.7581
vn -0.8261 -0.3119 0.4693
vn -0.9004 -0.0621 0.4306
vn -0.7906 -0.2179 0.5722
vn -0.8094 0.0996 0.5788
vn -0.8559 0.1930 0.4798
vn -0.9971 -0.0578 -0.0493
vn -0.4149 -0.8981 0.1461
vn -0.3192 -0.7301 0.6042
vn -0.4013 0.6619 0.6331
vn -0.5171 0.8363 0.1822
vn 0.4013 -0.6619 -0.6331
vn 0.5172 -0.8363 -0.1822
vn 0.9971 0.0578 0.0493
vn 0.4149 0.8981 -0.1461
vn 0.3192 0.7301 -0.6042
vn 0.8094 -0.0996 -0.5788
vn 0.8559 -0.1930 -0.4798
vn 0.9004 0.0621 -0.4306
vn 0.8261 0.3119 -0.4693
vn 0.7906 0.2179 -0.5722
vn -0.0497 -0.4817 0.8749
vn -0.2133 -0.2839 0.9348
vn 0.0103 -0.3639 0.9314
vn -0.1124 -0.0763 0.9907
vn -0.2448 -0.0245 0.9693
vn -0.6139 -0.4021 0.6793
vn 0.1825 -0.9419 0.2821
vn 0.5039 -0.6694 0.5459
vn -0.0339 0.5910 0.8060
vn -0.4875 0.6284 0.6061
vn 0.0339 -0.5910 -0.8060
vn 0.4875 -0.6284 -0.6061
vn 0.6139 0.4021 -0.6793
vn -0.1825 0.9419 -0.2821
vn -0.5039 0.6694 -0.5459
vn 0.1124 0.0763 -0.9907
vn 0.2448 0.0245 -0.9693
vn 0.2133 0.2839 -0.9348
vn 0.0497 0.4817 -0.8749
vn -0.0103 0.3639 -0.9314
vn 0.5317 -0.8469 0.0050
vn 0.2952 -0.9541 0.0498
vn 0.4919 -0.8589 0.1426
vn 0.2123 -0.9386 0.2718
vn 0.0872 -0.9737 0.2104
vn 0.0818 -0.9175 -0.3893
vn 0.8890 -0.2605 -0.3767
vn 0.9389 -0.3250 0.1138
vn -0.2868 -0.6746 0.6802
vn -0.6381 -0.6961 0.3291
vn 0.2868 0.6746 -0.6802
vn 0.6381 0.6961 -0.3291
vn -0.0818 0.9175 0.3893
vn -0.8890 0.2605 0.3767
vn -0.9389 0.3250 -0.1138
vn -0.2123 0.9386 -0.2718
vn -0.0872 0.9737 -0.2104
vn -0.2952 0.9541 -0.0498
vn -0.5317 0.8469 -0.0050
vn -0.4919 0.8589 -0.1426
vn -0.6478 -0.7414 0.1751
vn -0.8243 -0.5503 0.1329
vn -0.6882 -0.6650 0.2900
vn -0.8619 -0.3994 0.3123
vn -0.9240 -0.3191 0.2106
vn -0.7965 -0.4913 -0.3523
vn 0.0608 -0.9970 -0.0479
vn -0.0477 -0.9025 0.4280
vn -0.8093 0.2619 0.5258
vn -0.8881 0.4537 0.0740
vn 0.8093 -0.2619 -0.5258
vn 0.8881 -0.4537 -0.0740
vn 0.7965 0.4913 0.3523
vn -0.0608 0.9970 0.0479
vn 0.0477 0.9025 -0.4280
vn 0.8619 0.3994 -0.3123
vn 0.9240 0.3191 -0.2106
vn 0.8243 0.5503 -0.1329
vn 0.6478 0.7414 -0.1751
vn 0.6882 0.6650 -0.2900
vn 0.2745 -0.9205 0.2780
vn 0.0160 -0.9467 0.3218
vn 0.2278 -0.8837 0.4089
vn -0.0678 -0.8502 0.5220
vn -0.1953 -0.8673 0.4579
vn -0.1617 -0.9778 -0.1333
vn 0.7952 -0.5734 -0.1969
vn 0.8063 -0.5119 0.2963
vn -0.4891 -0.3653 0.7921
vn -0.8187 -0.3907 0.4208
vn 0.4891 0.3653 -0.7921
vn 0.8187 0.3907 -0.4208
vn 0.1617 0.9778 0.1333
vn -0.7952 0.5734 0.1969
vn -0.8063 0.5119 -0.2963
vn 0.0678 0.8502 -0.5220
vn 0.1953 0.8673 -0.4579
vn -0.0160 0.9467 -0.3218
vn -0.2745 0.9205 -0.2780
vn -0.2278 0.8837 -0.4089
vn -0.1602 -0.1778 -0.9709
vn -0.0080 0.0355 -0.9993
vn -0.2276 -0.0508 -0.9724
vn -0.1124 0.2456 -0.9628
vn 0.0230 0.2935 -0.9557
vn 0.4354 -0.1405 -0.8892
vn -0.2693 -0.8111 -0.5192
vn -0.6327 -0.4830 -0.6053
vn -0.1275 0.8164 -0.5633
vn 0.3601 0.8077 -0.4667
vn 0.1275 -0.8164 0.5633
vn -0.3601 -0.8078 0.4667
vn -0.4354 0.1405 0.8892
vn 0.2693 0.8111 0.5192
vn 0.6327 0.4830 0.6053
vn 0.1124 -0.2456 0.9628
vn -0.0230 -0.2935 0.9557
vn 0.0080 -0.0355 0.9993
vn 0.1602 0.1778 0.9709
vn 0.2276 0.0508 0.9724
vn 0.3626 -0.9319 -0.0035
vn 0.2332 -0.9459 0.2257
vn 0.4358 -0.8928 0.1139
vn 0.3388 -0.8453 0.4131
vn 0.2082 -0.8565 0.4723
vn -0.2330 -0.9693 0.0782
vn 0.3310 -0.6104 -0.7196
vn 0.7228 -0.5488 -0.4199
vn 0.2973 -0.3407 0.8919
vn -0.1992 -0.3512 0.9149
vn -0.2973 0.3407 -0.8919
vn 0.1992 0.3512 -0.9149
vn 0.2330 0.9693 -0.0782
vn -0.3310 0.6105 0.7196
vn -0.7228 0.5488 0.4199
vn -0.3388 0.8453 -0.4131
vn -0.2082 0.8565 -0.4723
vn -0.2332 0.9459 -0.2257
vn -0.3626 0.9319 0.0035
vn -0.4358 0.8928 -0.1139
vn -0.2116 -0.9730 0.0926
vn -0.4568 -0.8884 0.0460
vn -0.2890 -0.9346 0.2075
vn -0.5708 -0.7885 0.2288
vn -0.6598 -0.7408 0.1264
vn -0.4403 -0.7867 -0.4326
vn 0.5406 -0.8366 -0.0884
vn 0.3795 -0.8427 0.3819
vn -0.8562 -0.2025 0.4753
vn -0.9988 -0.0390 0.0281
vn 0.8562 0.2025 -0.4753
vn 0.9988 0.0390 -0.0281
vn 0.4403 0.7867 0.4326
vn -0.5406 0.8366 0.0884
vn -0.3795 0.8427 -0.3819
vn 0.5708 0.7885 -0.2288
vn 0.6598 0.7408 -0.1264
vn 0.4568 0.8884 -0.0460
vn 0.2116 0.9730 -0.0926
vn 0.2890 0.9346 -0.2075
vn 0.7276 -0.2574 0.6359
vn 0.5633 -0.4566 0.6886
vn 0.6307 -0.2347 0.7397
vn 0.3794 -0.4075 0.8307
vn 0.3281 -0.5321 0.7806
vn 0.6113 -0.7365 0.2898
vn 0.9762 0.2096 0.0552
vn 0.7867 0.3917 0.4772
vn -0.3147 -0.3655 0.8760
vn -0.3960 -0.7338 0.5521
vn 0.3147 0.3655 -0.8760
vn 0.3960 0.7338 -0.5521
vn -0.6113 0.7365 -0.2898
vn -0.9762 -0.2096 -0.0552
vn -0.7867 -0.3917 -0.4772
vn -0.3794 0.4075 -0.8307
vn -0.3281 0.5320 -0.7806
vn -0.5633 0.4566 -0.6886
vn -0.7276 0.2574 -0.6359
vn -0.6307 0.2347 -0.7397
vn 0.9681 -0.0300 0.2488
vn 0.9375 -0.2866 0.1972
vn 0.9266 -0.1129 0.3587
vn 0.8323 -0.4167 0.3657
vn 0.8181 -0.5130 0.2599
vn 0.9116 -0.2897 -0.2917
vn 0.7287 0.6844 0.0261
vn 0.6893 0.5277 0.4963
vn 0.2758 -0.8040 0.5268
vn 0.2135 -0.9748 0.0641
vn -0.2758 0.8040 -0.5268
vn -0.2135 0.9748 -0.0641
vn -0.9116 0.2897 0.2917
vn -0.7287 -0.6844 -0.0261
vn -0.6893 -0.5278 -0.4963
vn -0.8323 0.4167 -0.3657
vn -0.8181 0.5130 -0.2599
vn -0.9375 0.2866 -0.1972
vn -0.9681 0.0300 -0.2488
vn -0.9266 0.1129 -0.3587
vn 0.9679 0.0600 0.2440
vn 0.9583 -0.2003 0.2040
vn 0.9336 -0.0210 0.3577
vn 0.8644 -0.3309 0.3787
vn 0.8578 -0.4326 0.2774
vn 0.9315 -0.2273 -0.2841
vn 0.6705 0.7418 -0.0086
vn 0.6452 0.6037 0.4683
vn 0.3417 -0.7546 0.5602
vn 0.2924 -0.9504 0.1059
vn -0.3417 0.7546 -0.5602
vn -0.2924 0.9504 -0.1059
vn -0.9315 0.2273 0.2841
vn -0.6705 -0.7418 0.0086
vn -0.6452 -0.6037 -0.4683
vn -0.8644 0.3309 -0.3787
vn -0.8578 0.4326 -0.2774
vn -0.9583 0.2003 -0.2040
vn -0.9679 -0.0600 -0.2440
vn -0.9336 0.0210 -0.3577
vn -0.8401 0.4925 -0.2274
vn -0.6702 0.6861 -0.2829
vn -0.8056 0.5804 -0.1190
vn -0.5829 0.8066 -0.0979
vn -0.4860 0.8522 -0.1938
vn -0.4727 0.5310 -0.7032
vn -0.9250 -0.2883 -0.2477
vn -0.9849 -0.0273 0.1712
vn -0.0086 0.9645 0.2639
vn 0.2914 0.9474 -0.1322
vn 0.0086 -0.9645 -0.2639
vn -0.2914 -0.9474 0.1322
vn 0.4727 -0.5310 0.7032
vn 0.9250 0.2883 0.2477
vn 0.9849 0.0273 -0.1712
vn 0.5829 -0.8066 0.0979
vn 0.4860 -0.8522 0.1938
vn 0.6702 -0.6861 0.2829
vn 0.8401 -0.4925 0.2274
vn 0.8056 -0.5804 0.1190
vn 0.9630 -0.0196 -0.2688
vn 0.9203 -0.2797 -0.2734
vn 0.9852 -0.0903 -0.1456
vn 0.9185 -0.3903 -0.0633
vn 0.8569 -0.4967 -0.1380
vn 0.6533 -0.3319 -0.6804
vn 0.6177 0.6721 -0.4083
vn 0.8248 0.5645 0.0306
vn 0.5323 -0.7506 0.3913
vn 0.2533 -0.9665 0.0411
vn -0.5323 0.7506 -0.3913
vn -0.2533 0.9665 -0.0411
vn -0.6533 0.3319 0.6804
vn -0.6177 -0.6721 0.4083
vn -0.8248 -0.5645 -0.0306
vn -0.9185 0.3903 0.0633
vn -0.8569 0.4967 0.1380
vn -0.9203 0.2797 0.2734
vn -0.9630 0.0196 0.2688
vn -0.9852 0.0903 0.1456
vn -0.0122 -0.9999 0.0110
vn -0.2658 -0.9627 -0.0505
vn -0.1036 -0.9872 0.1213
vn -0.4104 -0.9029 0.1281
vn -0.4999 -0.8658 0.0219
vn -0.2374 -0.8215 -0.5184
vn 0.7064 -0.7012 -0.0964
vn 0.5177 -0.7775 0.3571
vn -0.8269 -0.4079 0.3871
vn -0.9688 -0.2407 -0.0591
vn 0.8269 0.4079 -0.3871
vn 0.9688 0.2407 0.0591
vn 0.2374 0.8215 0.5184
vn -0.7064 0.7012 0.0964
vn -0.5177 0.7775 -0.3571
vn 0.4104 0.9029 -0.1281
vn 0.4999 0.8658 -0.0219
vn 0.2658 0.9627 0.0505
vn 0.0122 0.9999 -0.0110
vn 0.1036 0.9872 -0.1213
vn 0.4799 -0.8763 -0.0427
vn 0.2366 -0.9677 -0.0865
vn 0.4031 -0.9122 0.0734
vn 0.0960 -0.9900 0.1036
vn -0.0083 -1.0000 0.0052
vn 0.1547 -0.8228 -0.5469
vn 0.9490 -0.2607 -0.1774
vn 0.8587 -0.4279 0.2820
vn -0.4873 -0.7688 0.4141
vn -0.7280 -0.6855 -0.0129
vn 0.4873 0.7688 -0.4141
vn 0.7280 0.6855 0.0129
vn -0.1547 0.8228 0.5469
vn -0.9490 0.2607 0.1774
vn -0.8587 0.4279 -0.2820
vn -0.0960 0.9900 -0.1036
vn 0.0083 1.0000 -0.0052
vn -0.2366 0.9677 0.0865
vn -0.4799 0.8763 0.0427
vn -0.4031 0.9122 -0.0734
vn 0.5578 -0.0010 -0.8300
vn 0.7250 -0.1338 -0.6756
vn 0.6516 0.0777 -0.7546
vn 0.8527 -0.0050 -0.5223
vn 0.8776 -0.1325 -0.4607
vn 0.5084 -0.5717 -0.6440
vn -0.2069 0.1094 -0.9722
vn 0.0991 0.4871 -0.8677
vn 0.9808 0.1244 0.1503
vn 0.8916 -0.3425 0.2962
vn -0.9808 -0.1244 -0.1503
vn -0.8916 0.3425 -0.2962
vn -0.5084 0.5717 0.6440
vn 0.2069 -0.1094 0.9722
vn -0.0991 -0.4871 0.8677
vn -0.8527 0.0050 0.5223
vn -0.8776 0.1325 0.4607
vn -0.7250 0.1338 0.6756
vn -0.5578 0.0010 0.8300
vn -0.6516 -0.0777 0.7546
vn 0.9236 0.3295 -0.1961
vn 0.9899 0.1392 -0.0262
vn 0.9286 0.3665 -0.0572
vn 0.9607 0.1881 0.2043
vn 0.9745 0.0459 0.2197
vn 0.9186 -0.2650 -0.2932
vn 0.4051 0.5124 -0.7572
vn 0.4766 0.8022 -0.3596
vn 0.6169 0.0203 0.7868
vn 0.5799 -0.4618 0.6711
vn -0.6169 -0.0203 -0.7868
vn -0.5799 0.4618 -0.6711
vn -0.9186 0.2650 0.2932
vn -0.4051 -0.5124 0.7572
vn -0.4766 -0.8022 0.3596
vn -0.9607 -0.1881 -0.2043
vn -0.9745 -0.0459 -0.2197
vn -0.9899 -0.1392 0.0262
vn -0.9236 -0.3295 0.1961
vn -0.9286 -0.3665 0.0572
vn 0.7951 -0.2255 0.5630
vn 0.6801 -0.4625 0.5688
vn 0.7006 -0.2482 0.6690
vn 0.4969 -0.4876 0.7179
vn 0.4712 -0.6062 0.6407
vn 0.7680 -0.6296 0.1171
vn 0.9100 0.4014 0.1037
vn 0.7060 0.4393 0.5555
vn -0.1871 -0.6103 0.7698
vn -0.2028 -0.9064 0.3707
vn 0.1871 0.6103 -0.7698
vn 0.2028 0.9064 -0.3707
vn -0.7680 0.6296 -0.1171
vn -0.9100 -0.4014 -0.1037
vn -0.7060 -0.4393 -0.5555
vn -0.4969 0.4876 -0.7179
vn -0.4712 0.6062 -0.6407
vn -0.6801 0.4625 -0.5688
vn -0.7951 0.2255 -0.5630
vn -0.7006 0.2482 -0.6690
vn 0.4004 0.7488 -0.5281
vn 0.5886 0.5700 -0.5733
vn 0.5084 0.7442 -0.4333
vn 0.7453 0.5346 -0.3984
vn 0.7771 0.4157 -0.4726
vn 0.3686 0.2684 -0.8900
vn -0.3739 0.8267 -0.4205
vn -0.0434 0.9950 -0.0895
vn 0.9950 0.0766 0.0636
vn 0.9199 -0.3177 -0.2298
vn -0.9950 -0.0766 -0.0636
vn -0.9199 0.3177 0.2298
vn -0.3686 -0.2684 0.8900
vn 0.3739 -0.8267 0.4205
vn 0.0434 -0.9950 0.0895
vn -0.7453 -0.5346 0.3984
vn -0.7771 -0.4157 0.4726
vn -0.5886 -0.5700 0.5733
vn -0.4004 -0.7488 0.5281
vn -0.5084 -0.7442 0.4333
vn 0.7034 0.1409 -0.6967
vn 0.8255 -0.0500 -0.5622
vn 0.7877 0.1830 -0.5882
vn 0.9327 0.0146 -0.3604
vn 0.9338 -0.1268 -0.3346
vn 0.5684 -0.4461 -0.6913
vn -0.0071 0.3902 -0.9207
vn 0.3059 0.6804 -0.6659
vn 0.9413 -0.0575 0.3327
vn 0.7844 -0.5292 0.3234
vn -0.9413 0.0575 -0.3327
vn -0.7844 0.5292 -0.3234
vn -0.5684 0.4461 0.6913
vn 0.0071 -0.3902 0.9207
vn -0.3059 -0.6804 0.6659
vn -0.9327 -0.0146 0.3604
vn -0.9338 0.1268 0.3346
vn -0.8255 0.0500 0.5622
vn -0.7034 -0.1409 0.6967
vn -0.7877 -0.1830 0.5882
vn 0.4888 0.8692 -0.0745
vn 0.6938 0.7101 -0.1203
vn 0.5629 0.8255 0.0407
vn 0.7920 0.6066 0.0695
vn 0.8530 0.5211 -0.0287
vn 0.6019 0.5540 -0.5752
vn -0.2851 0.9394 -0.1903
vn -0.0833 0.9610 0.2635
vn 0.9208 0.0013 0.3899
vn 0.9660 -0.2563 -0.0328
vn -0.9208 -0.0013 -0.3899
vn -0.9660 0.2563 0.0328
vn -0.6019 -0.5540 0.5752
vn 0.2851 -0.9394 0.1903
vn 0.0833 -0.9610 -0.2635
vn -0.7920 -0.6066 -0.0695
vn -0.8530 -0.5211 0.0287
vn -0.6938 -0.7101 0.1203
vn -0.4888 -0.8692 0.0745
vn -0.5629 -0.8255 -0.0407
vn 0.7613 -0.6398 -0.1050
vn 0.7109 -0.6873 0.1492
vn 0.8303 -0.5573 -0.0096
vn 0.7927 -0.5278 0.3050
vn 0.7016 -0.5930 0.3951
vn 0.2966 -0.9469 0.1241
vn 0.4157 -0.4569 -0.7864
vn 0.7830 -0.1820 -0.5948
vn 0.6183 -0.0528 0.7841
vn 0.2106 -0.2960 0.9317
vn -0.6183 0.0528 -0.7841
vn -0.2106 0.2960 -0.9317
vn -0.2966 0.9469 -0.1241
vn -0.4157 0.4569 0.7864
vn -0.7830 0.1820 0.5948
vn -0.7927 0.5278 -0.3050
vn -0.7016 0.5930 -0.3951
vn -0.7109 0.6873 -0.1492
vn -0.7613 0.6398 0.1050
vn -0.8303 0.5573 0.0096
vn 0.7422 -0.6025 -0.2935
vn 0.6113 -0.7777 -0.1465
vn 0.7781 -0.6089 -0.1545
vn 0.6413 -0.7622 0.0885
vn 0.5247 -0.8462 0.0928
vn 0.2226 -0.8762 -0.4274
vn 0.6391 0.0143 -0.7690
vn 0.9298 0.0374 -0.3663
vn 0.3303 -0.6344 0.6989
vn -0.1078 -0.8227 0.5581
vn -0.3303 0.6344 -0.6989
vn 0.1078 0.8227 -0.5582
vn -0.2226 0.8762 0.4274
vn -0.6391 -0.0143 0.7690
vn -0.9298 -0.0374 0.3663
vn -0.6413 0.7622 -0.0885
vn -0.5247 0.8462 -0.0928
vn -0.6113 0.7777 0.1465
vn -0.7422 0.6025 0.2935
vn -0.7781 0.6089 0.1545
vn 0.2685 0.1117 -0.9568
vn 0.5044 0.0415 -0.8625
vn 0.3530 0.2182 -0.9098
vn 0.6277 0.2100 -0.7496
vn 0.7053 0.0988 -0.7020
vn 0.4433 -0.4376 -0.7823
vn -0.5021 -0.0102 -0.8648
vn -0.3027 0.4447 -0.8430
vn 0.9017 0.4089 -0.1405
vn 0.9984 -0.0548 0.0106
vn -0.9017 -0.4089 0.1405
vn -0.9984 0.0548 -0.0106
vn -0.4433 0.4376 0.7823
vn 0.5021 0.0102 0.8648
vn 0.3027 -0.4447 0.8430
vn -0.6277 -0.2100 0.7496
vn -0.7053 -0.0988 0.7020
vn -0.5044 -0.0415 0.8625
vn -0.2685 -0.1117 0.9568
vn -0.3530 -0.2182 0.9098
vn 0.2106 -0.9515 0.2242
vn -0.0499 -0.9638 0.2621
vn 0.1636 -0.9199 0.3563
vn -0.1314 -0.8747 0.4666
vn -0.2584 -0.8796 0.3994
vn -0.2201 -0.9554 -0.1969
vn 0.7615 -0.6099 -0.2197
vn 0.7665 -0.5796 0.2765
vn -0.5268 -0.3813 0.7597
vn -0.8499 -0.3628 0.3823
vn 0.5268 0.3813 -0.7597
vn 0.8499 0.3628 -0.3823
vn 0.2201 0.9554 0.1969
vn -0.7615 0.6099 0.2197
vn -0.7665 0.5796 -0.2765
vn 0.1314 0.8747 -0.4666
vn 0.2584 0.8796 -0.3994
vn 0.0499 0.9638 -0.2621
vn -0.2106 0.9515 -0.2242
vn -0.1636 0.9199 -0.3563
vn 0.5177 -0.8491 -0.1052
vn 0.2763 -0.9544 -0.1132
vn 0.4604 -0.8874 0.0210
vn 0.1657 -0.9816 0.0952
vn 0.0491 -0.9987 0.0128
vn 0.1217 -0.8208 -0.5581
vn 0.9273 -0.2105 -0.3094
vn 0.9129 -0.3758 0.1592
vn -0.3791 -0.7884 0.4844
vn -0.6824 -0.7246 0.0957
vn 0.3791 0.7884 -0.4844
vn 0.6824 0.7246 -0.0957
vn -0.1217 0.8208 0.5581
vn -0.9273 0.2105 0.3094
vn -0.9129 0.3758 -0.1592
vn -0.1657 0.9816 -0.0952
vn -0.0491 0.9987 -0.0128
vn -0.2763 0.9544 0.1132
vn -0.5177 0.8491 0.1052
vn -0.4604 0.8874 -0.0210
vn 0.4553 -0.8598 0.2313
vn 0.2222 -0.9130 0.3422
vn 0.4389 -0.8195 0.3683
vn 0.1802 -0.8131 0.5535
vn 0.0440 -0.8496 0.5256
vn -0.0599 -0.9970 -0.0491
vn 0.7873 -0.4885 -0.3762
vn 0.9154 -0.3913 0.0942
vn -0.2186 -0.3631 0.9057
vn -0.6256 -0.4534 0.6349
vn 0.2186 0.3631 -0.9057
vn 0.6256 0.4534 -0.6349
vn 0.0599 0.9970 0.0491
vn -0.7873 0.4885 0.3762
vn -0.9154 0.3913 -0.0942
vn -0.1802 0.8131 -0.5535
vn -0.0440 0.8496 -0.5256
vn -0.2222 0.9130 -0.3422
vn -0.4553 0.8598 -0.2313
vn -0.4389 0.8195 -0.3683
vn 0.7779 -0.3118 0.5455
vn 0.5885 -0.3680 0.7199
vn 0.7423 -0.2070 0.6373
vn 0.5020 -0.1855 0.8448
vn 0.3959 -0.2776 0.8753
vn 0.3809 -0.7641 0.5206
vn 0.9306 -0.2890 -0.2248
vn 0.9918 0.1080 0.0680
vn -0.0616 0.2024 0.9774
vn -0.3818 -0.1715 0.9082
vn 0.0616 -0.2024 -0.9774
vn 0.3818 0.1715 -0.9082
vn -0.3809 0.7641 -0.5206
vn -0.9306 0.2890 0.2248
vn -0.9918 -0.1080 -0.0680
vn -0.5020 0.1855 -0.8448
vn -0.3959 0.2776 -0.8753
vn -0.5885 0.3680 -0.7199
vn -0.7779 0.3118 -0.5455
vn -0.7423 0.2070 -0.6373
vn -0.3580 0.0747 -0.9307
vn -0.1812 0.2695 -0.9458
vn -0.4034 0.2054 -0.8917
vn -0.2423 0.4759 -0.8455
vn -0.1019 0.5047 -0.8573
vn 0.2407 0.0224 -0.9703
vn -0.4844 -0.6300 -0.6071
vn -0.8000 -0.2509 -0.5451
vn -0.0939 0.9348 -0.3425
vn 0.3953 0.8473 -0.3547
vn 0.0939 -0.9348 0.3425
vn -0.3953 -0.8473 0.3547
vn -0.2407 -0.0224 0.9703
vn 0.4844 0.6300 0.6071
vn 0.8000 0.2509 0.5451
vn 0.2423 -0.4759 0.8455
vn 0.1019 -0.5047 0.8573
vn 0.1812 -0.2695 0.9458
vn 0.3580 -0.0747 0.9307
vn 0.4034 -0.2054 0.8917
vn 0.8230 0.1629 0.5442
vn 0.8537 -0.0968 0.5116
vn 0.7618 0.0783 0.6431
vn 0.7217 -0.2373 0.6503
vn 0.7592 -0.3388 0.5557
vn 0.9913 -0.1249 0.0426
vn 0.5564 0.8097 0.1867
vn 0.3906 0.6680 0.6335
vn 0.2149 -0.7153 0.6649
vn 0.3375 -0.9138 0.2259
vn -0.2149 0.7153 -0.6649
vn -0.3375 0.9138 -0.2259
vn -0.9913 0.1249 -0.0426
vn -0.5564 -0.8097 -0.1867
vn -0.3906 -0.6680 -0.6335
vn -0.7217 0.2373 -0.6503
vn -0.7592 0.3388 -0.5557
vn -0.8537 0.0968 -0.5116
vn -0.8230 -0.1629 -0.5442
vn -0.7618 -0.0783 -0.6431
vn 0.9265 0.3652 -0.0910
vn 0.9899 0.1094 -0.0904
vn 0.9514 0.3058 0.0375
vn 0.9926 0.0016 0.1212
vn 0.9921 -0.1184 0.0420
vn 0.8439 -0.0328 -0.5355
vn 0.3715 0.8701 -0.3239
vn 0.5196 0.8412 0.1498
vn 0.7005 -0.4923 0.5166
vn 0.5968 -0.7912 0.1331
vn -0.7005 0.4923 -0.5166
vn -0.5968 0.7912 -0.1331
vn -0.8439 0.0328 0.5355
vn -0.3715 -0.8701 0.3239
vn -0.5196 -0.8412 -0.1498
vn -0.9926 -0.0016 -0.1212
vn -0.9921 0.1184 -0.0420
vn -0.9899 -0.1094 0.0904
vn -0.9265 -0.3652 0.0910
vn -0.9514 -0.3058 -0.0375
vn 0.3577 0.4888 -0.7957
vn 0.5866 0.4561 -0.6693
vn 0.3948 0.5919 -0.7027
vn 0.6298 0.6039 -0.4885
vn 0.7314 0.5078 -0.4552
vn 0.6740 -0.0207 -0.7385
vn -0.3354 0.1447 -0.9309
vn -0.3011 0.6022 -0.7394
vn 0.7291 0.6547 0.1994
vn 0.9481 0.2101 0.2387
vn -0.7291 -0.6547 -0.1994
vn -0.9481 -0.2101 -0.2387
vn -0.6740 0.0207 0.7385
vn 0.3354 -0.1447 0.9309
vn 0.3011 -0.6022 0.7394
vn -0.6298 -0.6039 0.4885
vn -0.7314 -0.5078 0.4552
vn -0.5866 -0.4561 0.6693
vn -0.3577 -0.4888 0.7957
vn -0.3948 -0.5919 0.7027
vn 0.4897 -0.3002 -0.8186
vn 0.5795 -0.4857 -0.6544
vn 0.6096 -0.2686 -0.7458
vn 0.7531 -0.4206 -0.5059
vn 0.7178 -0.5418 -0.4372
vn 0.1879 -0.7750 -0.6034
vn -0.1426 0.1371 -0.9802
vn 0.3024 0.3399 -0.8905
vn 0.9315 -0.3262 0.1611
vn 0.6412 -0.6928 0.3300
vn -0.9315 0.3262 -0.1611
vn -0.6412 0.6928 -0.3300
vn -0.1879 0.7750 0.6034
vn 0.1426 -0.1371 0.9802
vn -0.3024 -0.3399 0.8905
vn -0.7531 0.4206 0.5059
vn -0.7178 0.5418 0.4372
vn -0.5795 0.4857 0.6544
vn -0.4897 0.3002 0.8186
vn -0.6096 0.2686 0.7458
vn -0.0385 0.3659 -0.9299
vn 0.2124 0.4280 -0.8785
vn -0.0154 0.4942 -0.8692
vn 0.2485 0.6203 -0.7440
vn 0.3811 0.5664 -0.7307
vn 0.4322 -0.0089 -0.9017
vn -0.5887 -0.1768 -0.7888
vn -0.6605 0.3044 -0.6863
vn 0.4963 0.8572 -0.1373
vn 0.8526 0.5120 -0.1047
vn -0.4963 -0.8572 0.1373
vn -0.8526 -0.5120 0.1047
vn -0.4322 0.0089 0.9017
vn 0.5887 0.1768 0.7888
vn 0.6605 -0.3044 0.6863
vn -0.2485 -0.6203 0.7440
vn -0.3811 -0.5664 0.7307
vn -0.2124 -0.4280 0.8785
vn 0.0385 -0.3659 0.9299
vn 0.0154 -0.4942 0.8692
vn 0.6405 -0.7594 -0.1144
vn 0.4707 -0.8811 0.0461
vn 0.6651 -0.7462 0.0266
vn 0.4869 -0.8284 0.2771
vn 0.3571 -0.8899 0.2838
vn 0.0907 -0.9636 -0.2514
vn 0.6823 -0.2304 -0.6938
vn 0.9442 -0.1828 -0.2739
vn 0.1628 -0.5428 0.8239
vn -0.2912 -0.6789 0.6740
vn -0.1628 0.5428 -0.8239
vn 0.2912 0.6789 -0.6740
vn -0.0907 0.9636 0.2514
vn -0.6823 0.2304 0.6938
vn -0.9442 0.1828 0.2739
vn -0.4869 0.8284 -0.2771
vn -0.3571 0.8899 -0.2838
vn -0.4707 0.8811 -0.0461
vn -0.6405 0.7594 0.1144
vn -0.6651 0.7462 -0.0266
vn 0.8868 0.4595 0.0496
vn 0.9766 0.2124 0.0327
vn 0.9046 0.3893 0.1738
vn 0.9692 0.0832 0.2318
vn 0.9895 -0.0271 0.1419
vn 0.8929 0.1055 -0.4377
vn 0.3079 0.9313 -0.1944
vn 0.4091 0.8659 0.2879
vn 0.6924 -0.4759 0.5423
vn 0.6609 -0.7404 0.1225
vn -0.6924 0.4759 -0.5423
vn -0.6609 0.7404 -0.1225
vn -0.8929 -0.1055 0.4377
vn -0.3079 -0.9313 0.1944
vn -0.4091 -0.8659 -0.2879
vn -0.9692 -0.0832 -0.2318
vn -0.9895 0.0271 -0.1419
vn -0.9766 -0.2124 -0.0327
vn -0.8868 -0.4595 -0.0496
vn -0.9046 -0.3893 -0.1738
vn 0.6270 0.7740 0.0888
vn 0.8087 0.5843 0.0671
vn 0.6697 0.7120 0.2113
vn 0.8509 0.4554 0.2620
vn 0.9150 0.3660 0.1695
vn 0.7818 0.4712 -0.4084
vn -0.0889 0.9835 -0.1578
vn 0.0230 0.9454 0.3251
vn 0.8172 -0.1794 0.5477
vn 0.9006 -0.4179 0.1195
vn -0.8172 0.1794 -0.5477
vn -0.9006 0.4179 -0.1195
vn -0.7818 -0.4712 0.4084
vn 0.0889 -0.9835 0.1578
vn -0.0230 -0.9454 -0.3251
vn -0.8509 -0.4554 -0.2620
vn -0.9150 -0.3660 -0.1695
vn -0.8087 -0.5843 -0.0671
vn -0.6270 -0.7740 -0.0888
vn -0.6697 -0.7120 -0.2113
vn 0.5950 -0.8019 0.0544
vn 0.4459 -0.8549 0.2652
vn 0.6396 -0.7474 0.1798
vn 0.4961 -0.7342 0.4634
vn 0.3668 -0.7810 0.5054
vn 0.0255 -0.9979 0.0591
vn 0.5704 -0.4840 -0.6636
vn 0.8903 -0.3274 -0.3167
vn 0.2611 -0.2698 0.9268
vn -0.2134 -0.4123 0.8857
vn -0.2611 0.2698 -0.9268
vn 0.2134 0.4123 -0.8857
vn -0.0255 0.9979 -0.0591
vn -0.5704 0.4840 0.6636
vn -0.8903 0.3274 0.3167
vn -0.4961 0.7342 -0.4634
vn -0.3668 0.7810 -0.5054
vn -0.4459 0.8549 -0.2652
vn -0.5950 0.8019 -0.0544
vn -0.6396 0.7474 -0.1798
vn 0.2961 -0.9281 0.2257
vn 0.0752 -0.9262 0.3695
vn 0.3080 -0.8803 0.3608
vn 0.0852 -0.8120 0.5774
vn -0.0582 -0.8195 0.5702
vn -0.2708 -0.9623 0.0250
vn 0.6078 -0.6589 -0.4432
vn 0.8188 -0.5741 -0.0011
vn -0.1579 -0.2746 0.9485
vn -0.6090 -0.2857 0.7399
vn 0.1579 0.2746 -0.9485
vn 0.6090 0.2857 -0.7399
vn 0.2708 0.9623 -0.0250
vn -0.6078 0.6589 0.4432
vn -0.8188 0.5741 0.0011
vn -0.0852 0.8120 -0.5774
vn 0.0582 0.8195 -0.5702
vn -0.0752 0.9262 -0.3695
vn -0.2961 0.9281 -0.2257
vn -0.3080 0.8803 -0.3608
vn -0.2767 0.5022 -0.8193
vn -0.0171 0.5025 -0.8644
vn -0.2024 0.6123 -0.7643
vn 0.1113 0.6607 -0.7424
vn 0.2220 0.5791 -0.7844
vn 0.0638 0.0383 -0.9972
vn -0.8563 0.0701 -0.5117
vn -0.7646 0.5346 -0.3600
vn 0.6106 0.7467 -0.2639
vn 0.8571 0.3344 -0.3920
vn -0.6106 -0.7467 0.2639
vn -0.8571 -0.3344 0.3920
vn -0.0638 -0.0383 0.9972
vn 0.8563 -0.0701 0.5117
vn 0.7646 -0.5346 0.3600
vn -0.1113 -0.6607 0.7424
vn -0.2220 -0.5791 0.7844
vn 0.0171 -0.5025 0.8644
vn 0.2767 -0.5022 0.8193
vn 0.2024 -0.6123 0.7643
vn 0.8633 -0.3449 -0.3684
vn 0.8850 -0.4480 -0.1268
vn 0.9267 -0.2625 -0.2690
vn 0.9529 -0.2998 0.0459
vn 0.9050 -0.4043 0.1323
vn 0.5614 -0.8151 -0.1433
vn 0.3397 -0.1656 -0.9259
vn 0.6517 0.1730 -0.7385
vn 0.7667 0.0095 0.6419
vn 0.4829 -0.3693 0.7939
vn -0.7667 -0.0095 -0.6419
vn -0.4829 0.3693 -0.7939
vn -0.5614 0.8151 0.1433
vn -0.3397 0.1656 0.9259
vn -0.6517 -0.1730 0.7384
vn -0.9529 0.2998 -0.0459
vn -0.9050 0.4043 -0.1323
vn -0.8850 0.4480 0.1268
vn -0.8633 0.3449 0.3684
vn -0.9267 0.2625 0.2690
vn -0.0593 0.9658 -0.2525
vn 0.2030 0.9517 -0.2305
vn -0.0044 0.9925 -0.1223
vn 0.2911 0.9566 -0.0101
vn 0.4107 0.9088 -0.0741
vn 0.3257 0.7020 -0.6334
vn -0.6908 0.5512 -0.4680
vn -0.6522 0.7579 -0.0175
vn 0.6435 0.6007 0.4745
vn 0.9234 0.3554 0.1450
vn -0.6435 -0.6007 -0.4745
vn -0.9234 -0.3554 -0.1450
vn -0.3257 -0.7020 0.6334
vn 0.6908 -0.5512 0.4680
vn 0.6522 -0.7579 0.0175
vn -0.2911 -0.9566 0.0101
vn -0.4107 -0.9088 0.0741
vn -0.2030 -0.9517 0.2305
vn 0.0593 -0.9658 0.2525
vn 0.0044 -0.9925 0.1223
vn 0.9426 -0.3328 -0.0294
vn 0.8241 -0.5580 -0.0977
vn 0.9041 -0.4201 0.0782
vn 0.7257 -0.6835 0.0782
vn 0.6589 -0.7516 -0.0293
vn 0.6869 -0.4652 -0.5584
vn 0.8885 0.4477 -0.1009
vn 0.9122 0.2246 0.3427
vn 0.1302 -0.9303 0.3429
vn -0.0858 -0.9912 -0.1007
vn -0.1302 0.9303 -0.3429
vn 0.0858 0.9912 0.1007
vn -0.6869 0.4652 0.5584
vn -0.8885 -0.4477 0.1009
vn -0.9122 -0.2246 -0.3427
vn -0.7257 0.6835 -0.0782
vn -0.6589 0.7516 0.0293
vn -0.8241 0.5580 0.0977
vn -0.9426 0.3328 0.0294
vn -0.9041 0.4201 -0.0782
vn 0.0827 -0.9965 0.0116
vn -0.1752 -0.9837 -0.0411
vn -0.0056 -0.9921 0.1249
vn -0.3185 -0.9372 0.1425
vn -0.4147 -0.9091 0.0395
vn -0.1766 -0.8420 -0.5097
vn 0.7657 -0.6317 -0.1210
vn 0.6010 -0.7239 0.3389
vn -0.7707 -0.4828 0.4159
vn -0.9432 -0.3314 -0.0251
vn 0.7707 0.4828 -0.4159
vn 0.9432 0.3314 0.0251
vn 0.1766 0.8420 0.5097
vn -0.7657 0.6317 0.1210
vn -0.6010 0.7239 -0.3389
vn 0.3185 0.9372 -0.1425
vn 0.4147 0.9091 -0.0395
vn 0.1752 0.9837 0.0411
vn -0.0827 0.9965 -0.0116
vn 0.0056 0.9921 -0.1249
vn 0.4301 -0.8903 0.1499
vn 0.1914 -0.9507 0.2439
vn 0.4083 -0.8656 0.2899
vn 0.1417 -0.8748 0.4633
vn 0.0062 -0.9049 0.4256
vn -0.0742 -0.9833 -0.1661
vn 0.7952 -0.4592 -0.3961
vn 0.9037 -0.4192 0.0875
vn -0.2650 -0.4595 0.8477
vn -0.6609 -0.5094 0.5511
vn 0.2650 0.4595 -0.8477
vn 0.6609 0.5094 -0.5511
vn 0.0742 0.9833 0.1661
vn -0.7952 0.4592 0.3961
vn -0.9037 0.4192 -0.0875
vn -0.1417 0.8748 -0.4633
vn -0.0062 0.9049 -0.4256
vn -0.1914 0.9507 -0.2439
vn -0.4301 0.8903 -0.1499
vn -0.4083 0.8656 -0.2899
vn 0.2703 -0.9628 0.0042
vn 0.0113 -0.9993 0.0367
vn 0.2225 -0.9649 0.1397
vn -0.0739 -0.9640 0.2555
vn -0.2009 -0.9613 0.1883
vn -0.1627 -0.8977 -0.4095
vn 0.7956 -0.4963 -0.3475
vn 0.8028 -0.5790 0.1427
vn -0.4963 -0.5750 0.6504
vn -0.8230 -0.4914 0.2850
vn 0.4963 0.5750 -0.6504
vn 0.8230 0.4914 -0.2850
vn 0.1627 0.8977 0.4095
vn -0.7956 0.4963 0.3475
vn -0.8028 0.5790 -0.1427
vn 0.0739 0.9640 -0.2555
vn 0.2009 0.9613 -0.1883
vn -0.0113 0.9993 -0.0367
vn -0.2703 0.9628 -0.0042
vn -0.2225 0.9649 -0.1397
vn -0.3791 0.2791 -0.8823
vn -0.1332 0.3655 -0.9212
vn -0.3511 0.4136 -0.8400
vn -0.0755 0.5711 -0.8174
vn 0.0590 0.5294 -0.8463
vn 0.1115 -0.0526 -0.9924
vn -0.7925 -0.2919 -0.5355
vn -0.8770 0.1890 -0.4418
vn 0.3310 0.8793 -0.3426
vn 0.7125 0.5681 -0.4119
vn -0.3310 -0.8793 0.3426
vn -0.7125 -0.5681 0.4119
vn -0.1115 0.0526 0.9924
vn 0.7925 0.2919 0.5355
vn 0.8770 -0.1890 0.4418
vn 0.0755 -0.5711 0.8174
vn -0.0590 -0.5294 0.8463
vn 0.1332 -0.3655 0.9212
vn 0.3791 -0.2791 0.8823
vn 0.3511 -0.4136 0.8400
vn -0.3543 0.7948 -0.4928
vn -0.0982 0.8372 -0.5381
vn -0.2842 0.8736 -0.3951
vn 0.0265 0.9326 -0.3599
vn 0.1396 0.8886 -0.4369
vn 0.0049 0.4926 -0.8703
vn -0.8865 0.2236 -0.4051
vn -0.8166 0.5741 -0.0596
vn 0.5453 0.8329 0.0945
vn 0.8102 0.5460 -0.2131
vn -0.5453 -0.8329 -0.0945
vn -0.8102 -0.5460 0.2131
vn -0.0049 -0.4926 0.8703
vn 0.8865 -0.2236 0.4051
vn 0.8166 -0.5741 0.0596
vn -0.0265 -0.9326 0.3599
vn -0.1396 -0.8886 0.4369
vn 0.0982 -0.8372 0.5381
vn 0.3543 -0.7948 0.4928
vn 0.2842 -0.8736 0.3951
vn 0.0907 0.9945 0.0529
vn 0.2021 0.9371 0.2847
vn 0.0024 0.9861 0.1661
vn 0.0545 0.8846 0.4631
vn 0.1735 0.8331 0.5252
vn 0.6363 0.7573 0.1472
vn 0.0084 0.7308 -0.6825
vn -0.3831 0.8352 -0.3945
vn -0.1548 0.3903 0.9076
vn 0.2929 0.1765 0.9397
vn 0.1548 -0.3903 -0.9076
vn -0.2929 -0.1765 -0.9397
vn -0.6363 -0.7573 -0.1472
vn -0.0084 -0.7308 0.6825
vn 0.3831 -0.8352 0.3945
vn -0.0545 -0.8846 -0.4631
vn -0.1735 -0.8331 -0.5252
vn -0.2021 -0.9371 -0.2847
vn -0.0907 -0.9945 -0.0529
vn -0.0024 -0.9861 -0.1661
vn 0.8922 -0.0098 -0.4516
vn 0.9043 -0.2507 -0.3455
vn 0.9475 -0.0187 -0.3192
vn 0.9582 -0.2620 -0.1145
vn 0.9093 -0.3967 -0.1261
vn 0.5940 -0.5023 -0.6284
vn 0.3932 0.5097 -0.7652
vn 0.6840 0.6237 -0.3784
vn 0.7310 -0.4430 0.5190
vn 0.4519 -0.8194 0.3528
vn -0.7310 0.4430 -0.5190
vn -0.4519 0.8194 -0.3528
vn -0.5940 0.5023 0.6284
vn -0.3932 -0.5097 0.7652
vn -0.6840 -0.6237 0.3784
vn -0.9582 0.2620 0.1145
vn -0.9093 0.3967 0.1261
vn -0.9043 0.2507 0.3455
vn -0.8922 0.0098 0.4516
vn -0.9475 0.0187 0.3192
vn 0.8735 -0.0907 0.4783
vn 0.8210 -0.3476 0.4528
vn 0.7974 -0.1512 0.5842
vn 0.6638 -0.4392 0.6054
vn 0.6610 -0.5485 0.5120
vn 0.9062 -0.4222 -0.0235
vn 0.7895 0.6023 0.1179
vn 0.6239 0.5237 0.5801
vn 0.0382 -0.7387 0.6729
vn 0.0597 -0.9705 0.2336
vn -0.0382 0.7387 -0.6729
vn -0.0597 0.9705 -0.2336
vn -0.9062 0.4222 0.0235
vn -0.7895 -0.6023 -0.1179
vn -0.6239 -0.5237 -0.5801
vn -0.6638 0.4392 -0.6054
vn -0.6610 0.5485 -0.5120
vn -0.8210 0.3477 -0.4528
vn -0.8735 0.0907 -0.4783
vn -0.7974 0.1512 -0.5842
vn 0.5406 0.0604 0.8391
vn 0.4700 -0.1925 0.8614
vn 0.4173 0.0342 0.9081
vn 0.2497 -0.2344 0.9395
vn 0.2742 -0.3667 0.8890
vn 0.7499 -0.4068 0.5217
vn 0.7265 0.6123 0.3119
vn 0.3607 0.6760 0.6425
vn -0.3739 -0.5016 0.7801
vn -0.1888 -0.8548 0.4833
vn 0.3739 0.5016 -0.7801
vn 0.1888 0.8548 -0.4833
vn -0.7499 0.4068 -0.5217
vn -0.7265 -0.6123 -0.3119
vn -0.3607 -0.6760 -0.6425
vn -0.2497 0.2344 -0.9395
vn -0.2742 0.3667 -0.8890
vn -0.4700 0.1925 -0.8614
vn -0.5406 -0.0604 -0.8391
vn -0.4173 -0.0342 -0.9081
vn 0.5897 0.7010 0.4010
vn 0.6556 0.5036 0.5627
vn 0.5097 0.6859 0.5194
vn 0.5018 0.4535 0.7366
vn 0.5773 0.3315 0.7463
vn 0.9353 0.2243 0.2739
vn 0.3841 0.8581 -0.3407
vn 0.1020 0.9937 0.0455
vn 0.0675 -0.0251 0.9974
vn 0.3412 -0.4113 0.8452
vn -0.0675 0.0251 -0.9974
vn -0.3412 0.4113 -0.8452
vn -0.9353 -0.2243 -0.2739
vn -0.3841 -0.8581 0.3407
vn -0.1020 -0.9937 -0.0455
vn -0.5018 -0.4535 -0.7366
vn -0.5773 -0.3315 -0.7463
vn -0.6556 -0.5036 -0.5627
vn -0.5897 -0.7010 -0.4010
vn -0.5097 -0.6859 -0.5194
vn 0.2690 0.6923 -0.6696
vn 0.5113 0.6157 -0.5996
vn 0.3285 0.7617 -0.5585
vn 0.5941 0.7012 -0.3941
vn 0.6913 0.5962 -0.4082
vn 0.5469 0.1789 -0.8179
vn -0.4629 0.4277 -0.7764
vn -0.3613 0.8055 -0.4697
vn 0.8031 0.5404 0.2509
vn 0.9878 0.0974 0.1214
vn -0.8031 -0.5404 -0.2509
vn -0.9878 -0.0974 -0.1214
vn -0.5469 -0.1789 0.8179
vn 0.4629 -0.4277 0.7764
vn 0.3613 -0.8055 0.4697
vn -0.5941 -0.7012 0.3941
vn -0.6913 -0.5962 0.4082
vn -0.5113 -0.6157 0.5996
vn -0.2690 -0.6923 0.6696
vn -0.3285 -0.7617 0.5585
vn -0.0439 0.4176 -0.9076
vn 0.1732 0.5408 -0.8231
vn -0.0638 0.5418 -0.8381
vn 0.1403 0.7239 -0.6755
vn 0.2806 0.7071 -0.6491
vn 0.5072 0.1834 -0.8421
vn -0.4325 -0.2637 -0.8622
vn -0.6456 0.1698 -0.7446
vn 0.2491 0.9680 -0.0319
vn 0.6822 0.7308 0.0257
vn -0.2491 -0.9680 0.0319
vn -0.6822 -0.7308 -0.0257
vn -0.5072 -0.1834 0.8421
vn 0.4325 0.2637 0.8622
vn 0.6456 -0.1698 0.7446
vn -0.1403 -0.7239 0.6755
vn -0.2806 -0.7071 0.6491
vn -0.1732 -0.5408 0.8231
vn 0.0439 -0.4176 0.9076
vn 0.0638 -0.5418 0.8381
vn 0.1094 0.5641 -0.8185
vn 0.2097 0.7350 -0.6448
vn 0.0162 0.6541 -0.7562
vn 0.0534 0.8564 -0.5135
vn 0.1686 0.8857 -0.4325
vn 0.6453 0.5352 -0.5451
vn 0.0530 -0.2032 -0.9777
vn -0.3482 0.0871 -0.9334
vn -0.1850 0.9740 0.1307
vn 0.2563 0.9018 0.3480
vn 0.1850 -0.9740 -0.1307
vn -0.2563 -0.9018 -0.3480
vn -0.6453 -0.5352 0.5451
vn -0.0530 0.2032 0.9777
vn 0.3482 -0.0871 0.9334
vn -0.0534 -0.8564 0.5135
vn -0.1686 -0.8857 0.4325
vn -0.2097 -0.7350 0.6448
vn -0.1094 -0.5641 0.8185
vn -0.0162 -0.6541 0.7562
vn 0.9740 -0.0542 0.2202
vn 0.9172 -0.3098 0.2506
vn 0.9314 -0.0952 0.3512
vn 0.8103 -0.3710 0.4536
vn 0.7814 -0.4928 0.3829
vn 0.8631 -0.4580 -0.2129
vn 0.7884 0.5801 -0.2045
vn 0.7619 0.5782 0.2919
vn 0.2309 -0.6310 0.7406
vn 0.1269 -0.9264 0.3545
vn -0.2309 0.6310 -0.7406
vn -0.1269 0.9264 -0.3545
vn -0.8631 0.4580 0.2129
vn -0.7884 -0.5801 0.2045
vn -0.7619 -0.5782 -0.2919
vn -0.8103 0.3710 -0.4536
vn -0.7814 0.4928 -0.3829
vn -0.9172 0.3098 -0.2506
vn -0.9740 0.0542 -0.2202
vn -0.9314 0.0952 -0.3512
vn 0.7994 0.4016 -0.4468
vn 0.8840 0.1521 -0.4419
vn 0.8723 0.3611 -0.3298
vn 0.9693 0.0733 -0.2348
vn 0.9536 -0.0559 -0.2959
vn 0.6099 -0.0553 -0.7905
vn 0.1515 0.8396 -0.5217
vn 0.4542 0.8814 -0.1295
vn 0.8794 -0.3800 0.2868
vn 0.6812 -0.7321 -0.0030
vn -0.8794 0.3800 -0.2868
vn -0.6812 0.7321 0.0030
vn -0.6099 0.0553 0.7905
vn -0.1515 -0.8396 0.5217
vn -0.4542 -0.8814 0.1295
vn -0.9693 -0.0733 0.2348
vn -0.9536 0.0559 0.2958
vn -0.8840 -0.1521 0.4419
vn -0.7994 -0.4016 0.4468
vn -0.8723 -0.3611 0.3298
vn 0.9742 -0.0834 -0.2098
vn 0.9230 -0.3401 -0.1797
vn 0.9877 -0.1362 -0.0768
vn 0.9067 -0.4194 0.0435
vn 0.8455 -0.5337 -0.0186
vn 0.6754 -0.4433 -0.5893
vn 0.6601 0.5900 -0.4650
vn 0.8409 0.5412 -0.0045
vn 0.4860 -0.7004 0.5227
vn 0.2180 -0.9569 0.1918
vn -0.4860 0.7004 -0.5227
vn -0.2180 0.9569 -0.1918
vn -0.6754 0.4433 0.5893
vn -0.6601 -0.5900 0.4650
vn -0.8409 -0.5412 0.0045
vn -0.9067 0.4194 -0.0435
vn -0.8455 0.5337 0.0186
vn -0.9230 0.3401 0.1797
vn -0.9742 0.0834 0.2098
vn -0.9877 0.1362 0.0768
vn 0.2939 -0.0162 -0.9557
vn 0.3045 -0.2758 -0.9117
vn 0.4185 -0.0676 -0.9057
vn 0.4943 -0.3554 -0.7933
vn 0.4144 -0.4738 -0.7770
vn -0.1697 -0.3969 -0.9020
vn -0.1060 0.6331 -0.7668
vn 0.3858 0.5982 -0.7024
vn 0.7180 -0.6636 -0.2097
vn 0.3080 -0.9390 -0.1529
vn -0.7180 0.6636 0.2097
vn -0.3080 0.9390 0.1529
vn 0.1697 0.3969 0.9020
vn 0.1060 -0.6331 0.7668
vn -0.3858 -0.5982 0.7024
vn -0.4943 0.3554 0.7933
vn -0.4144 0.4738 0.7770
vn -0.3045 0.2758 0.9117
vn -0.2939 0.0162 0.9557
vn -0.4185 0.0676 0.9057
vn -0.0804 0.7286 -0.6802
vn 0.1762 0.7579 -0.6281
vn -0.0468 0.8182 -0.5730
vn 0.2310 0.8737 -0.4281
vn 0.3612 0.8168 -0.4499
vn 0.3709 0.3687 -0.8523
vn -0.6477 0.1882 -0.7382
vn -0.6875 0.5808 -0.4359
vn 0.5302 0.8241 0.1993
vn 0.8694 0.4913 0.0531
vn -0.5302 -0.8241 -0.1993
vn -0.8694 -0.4913 -0.0531
vn -0.3709 -0.3687 0.8523
vn 0.6477 -0.1882 0.7382
vn 0.6875 -0.5808 0.4359
vn -0.2310 -0.8737 0.4281
vn -0.3612 -0.8168 0.4499
vn -0.1762 -0.7579 0.6281
vn 0.0804 -0.7286 0.6802
vn 0.0468 -0.8182 0.5730
vn 0.2444 0.1327 -0.9606
vn 0.3467 -0.1085 -0.9317
vn 0.3809 0.1260 -0.9160
vn 0.5567 -0.1219 -0.8217
vn 0.5239 -0.2614 -0.8107
vn -0.0547 -0.3886 -0.9198
vn -0.3496 0.5908 -0.7271
vn 0.1254 0.7277 -0.6744
vn 0.8961 -0.3590 -0.2611
vn 0.6105 -0.7630 -0.2123
vn -0.8961 0.3590 0.2612
vn -0.6105 0.7630 0.2123
vn 0.0547 0.3886 0.9198
vn 0.3496 -0.5908 0.7271
vn -0.1254 -0.7277 0.6744
vn -0.5567 0.1219 0.8217
vn -0.5239 0.2614 0.8107
vn -0.3467 0.1085 0.9317
vn -0.2444 -0.1327 0.9606
vn -0.3809 -0.1260 0.9160
vn 0.4245 0.9032 -0.0625
vn 0.6374 0.7605 -0.1238
vn 0.5069 0.8607 0.0474
vn 0.7514 0.6573 0.0571
vn 0.8133 0.5799 -0.0470
vn 0.5345 0.6149 -0.5798
vn -0.3570 0.9236 -0.1401
vn -0.1355 0.9428 0.3046
vn 0.9363 0.0514 0.3473
vn 0.9785 -0.1871 -0.0869
vn -0.9363 -0.0514 -0.3473
vn -0.9785 0.1871 0.0869
vn -0.5345 -0.6149 0.5798
vn 0.3570 -0.9236 0.1401
vn 0.1355 -0.9428 -0.3046
vn -0.7514 -0.6573 -0.0571
vn -0.8133 -0.5799 0.0470
vn -0.6374 -0.7605 0.1238
vn -0.4245 -0.9032 0.0625
vn -0.5069 -0.8607 -0.0474
vn 0.8715 0.4831 -0.0845
vn 0.9660 0.2377 -0.1015
vn 0.9069 0.4195 0.0395
vn 0.9877 0.1182 0.1026
vn 0.9999 0.0042 0.0159
vn 0.8271 0.1060 -0.5520
vn 0.2524 0.9280 -0.2741
vn 0.4154 0.8887 0.1939
vn 0.7694 -0.4317 0.4708
vn 0.6934 -0.7171 0.0709
vn -0.7694 0.4317 -0.4708
vn -0.6934 0.7171 -0.0709
vn -0.8271 -0.1059 0.5520
vn -0.2524 -0.9280 0.2741
vn -0.4154 -0.8887 -0.1939
vn -0.9877 -0.1182 -0.1026
vn -0.9999 -0.0042 -0.0159
vn -0.9660 -0.2377 0.1015
vn -0.8715 -0.4831 0.0845
vn -0.9069 -0.4195 -0.0395
vn -0.0249 0.9923 -0.1212
vn 0.2273 0.9555 -0.1881
vn 0.0710 0.9974 -0.0143
vn 0.3808 0.9246 -0.0096
vn 0.4675 0.8767 -0.1137
vn 0.1864 0.7524 -0.6317
vn -0.7354 0.6590 -0.1575
vn -0.5325 0.8010 0.2735
vn 0.8252 0.4821 0.2943
vn 0.9561 0.2618 -0.1317
vn -0.8252 -0.4821 -0.2943
vn -0.9561 -0.2618 0.1317
vn -0.1864 -0.7524 0.6317
vn 0.7354 -0.6590 0.1575
vn 0.5325 -0.8010 -0.2735
vn -0.3808 -0.9246 0.0096
vn -0.4675 -0.8767 0.1137
vn -0.2273 -0.9555 0.1881
vn 0.0249 -0.9923 0.1212
vn -0.0710 -0.9974 0.0143
vn 0.4091 -0.9006 0.1472
vn 0.2965 -0.8744 0.3840
vn 0.4880 -0.8366 0.2489
vn 0.4092 -0.7354 0.5401
vn 0.2838 -0.7397 0.6102
vn -0.1769 -0.9436 0.2800
vn 0.3122 -0.7261 -0.6126
vn 0.7199 -0.5926 -0.3613
vn 0.3745 -0.1491 0.9151
vn -0.1181 -0.1735 0.9777
vn -0.3745 0.1491 -0.9151
vn 0.1181 0.1735 -0.9777
vn 0.1769 0.9436 -0.2800
vn -0.3122 0.7261 0.6126
vn -0.7199 0.5926 0.3613
vn -0.4092 0.7354 -0.5401
vn -0.2838 0.7397 -0.6102
vn -0.2965 0.8744 -0.3840
vn -0.4091 0.9006 -0.1472
vn -0.4880 0.8366 -0.2489
vn -0.1904 0.9025 -0.3864
vn 0.0701 0.9018 -0.4264
vn -0.1091 0.9539 -0.2795
vn 0.2063 0.9492 -0.2377
vn 0.3110 0.8950 -0.3199
vn 0.1150 0.5887 -0.8001
vn -0.8208 0.4339 -0.3715
vn -0.6949 0.7189 0.0159
vn 0.6876 0.6982 0.1993
vn 0.9017 0.4081 -0.1430
vn -0.6876 -0.6982 -0.1993
vn -0.9017 -0.4081 0.1430
vn -0.1150 -0.5887 0.8001
vn 0.8208 -0.4339 0.3715
vn 0.6949 -0.7189 -0.0159
vn -0.2063 -0.9492 0.2377
vn -0.3110 -0.8950 0.3199
vn -0.0701 -0.9018 0.4264
vn 0.1904 -0.9025 0.3864
vn 0.1091 -0.9539 0.2795
vn 0.1783 0.9285 -0.3256
vn 0.3967 0.8999 -0.1809
vn 0.1692 0.9676 -0.1876
vn 0.3724 0.9265 0.0538
vn 0.5015 0.8632 0.0581
vn 0.6621 0.5944 -0.4564
vn -0.3248 0.5330 -0.7813
vn -0.4757 0.7913 -0.3842
vn 0.4152 0.6112 0.6738
vn 0.7852 0.3087 0.5368
vn -0.4152 -0.6112 -0.6738
vn -0.7852 -0.3087 -0.5368
vn -0.6621 -0.5944 0.4564
vn 0.3248 -0.5330 0.7813
vn 0.4757 -0.7913 0.3842
vn -0.3724 -0.9265 -0.0538
vn -0.5015 -0.8632 -0.0581
vn -0.3967 -0.8999 0.1809
vn -0.1783 -0.9285 0.3256
vn -0.1692 -0.9676 0.1876
vn 0.2548 0.9670 0.0082
vn 0.4961 0.8672 0.0437
vn 0.2953 0.9445 0.1443
vn 0.5489 0.7934 0.2632
vn 0.6579 0.7268 0.1972
vn 0.6003 0.6918 -0.4013
vn -0.4300 0.8313 -0.3523
vn -0.4005 0.9058 0.1384
vn 0.7110 0.2437 0.6596
vn 0.9548 0.0064 0.2971
vn -0.7110 -0.2437 -0.6596
vn -0.9548 -0.0064 -0.2971
vn -0.6003 -0.6918 0.4013
vn 0.4300 -0.8313 0.3523
vn 0.4005 -0.9058 -0.1384
vn -0.5489 -0.7934 -0.2632
vn -0.6579 -0.7268 -0.1972
vn -0.4961 -0.8672 -0.0437
vn -0.2548 -0.9670 -0.0082
vn -0.2953 -0.9445 -0.1443
vn 0.2822 -0.1741 -0.9434
vn 0.2484 -0.4251 -0.8704
vn 0.3964 -0.2400 -0.8861
vn 0.4224 -0.5220 -0.7410
vn 0.3235 -0.6224 -0.7127
vn -0.2395 -0.4616 -0.8541
vn 0.0002 0.5510 -0.8345
vn 0.4790 0.4402 -0.7594
vn 0.5929 -0.7958 -0.1233
vn 0.1420 -0.9890 -0.0419
vn -0.5929 0.7958 0.1233
vn -0.1420 0.9890 0.0419
vn 0.2395 0.4616 0.8541
vn -0.0002 -0.5510 0.8345
vn -0.4790 -0.4402 0.7594
vn -0.4224 0.5220 0.7410
vn -0.3235 0.6224 0.7127
vn -0.2484 0.4251 0.8704
vn -0.2822 0.1741 0.9434
vn -0.3964 0.2400 0.8861
vn 0.3338 0.5724 -0.7489
vn 0.5525 0.5765 -0.6019
vn 0.3431 0.6772 -0.6509
vn 0.5518 0.7233 -0.4152
vn 0.6657 0.6457 -0.3742
vn 0.7304 0.1257 -0.6714
vn -0.2708 0.1154 -0.9557
vn -0.3370 0.5647 -0.7534
vn 0.5780 0.7666 0.2798
vn 0.8692 0.3669 0.3316
vn -0.5780 -0.7666 -0.2798
vn -0.8692 -0.3669 -0.3316
vn -0.7304 -0.1257 0.6714
vn 0.2708 -0.1154 0.9557
vn 0.3370 -0.5647 0.7534
vn -0.5518 -0.7233 0.4152
vn -0.6657 -0.6457 0.3742
vn -0.5525 -0.5765 0.6019
vn -0.3338 -0.5724 0.7489
vn -0.3431 -0.6772 0.6509
vn 0.7605 -0.5950 0.2600
vn 0.5797 -0.7834 0.2239
vn 0.6806 -0.6298 0.3744
vn 0.4222 -0.8139 0.3990
vn 0.3498 -0.8878 0.2992
vn 0.5430 -0.7972 -0.2641
vn 0.9944 0.1052 -0.0085
vn 0.8822 0.0304 0.4700
vn -0.2502 -0.7767 0.5780
vn -0.4164 -0.9004 0.1261
vn 0.2502 0.7767 -0.5780
vn 0.4164 0.9004 -0.1261
vn -0.5430 0.7972 0.2641
vn -0.9944 -0.1052 0.0085
vn -0.8822 -0.0304 -0.4700
vn -0.4222 0.8139 -0.3990
vn -0.3498 0.8878 -0.2992
vn -0.5797 0.7834 -0.2239
vn -0.7605 0.5950 -0.2600
vn -0.6806 0.6298 -0.3744
vn 0.2023 0.9756 -0.0857
vn 0.4422 0.8969 -0.0102
vn 0.2270 0.9723 0.0559
vn 0.4714 0.8537 0.2215
vn 0.5909 0.7869 0.1776
vn 0.6090 0.6764 -0.4142
vn -0.4252 0.7528 -0.5025
vn -0.4600 0.8876 -0.0252
vn 0.6114 0.3675 0.7008
vn 0.9096 0.1049 0.4020
vn -0.6114 -0.3675 -0.7008
vn -0.9096 -0.1049 -0.4020
vn -0.6090 -0.6764 0.4142
vn 0.4252 -0.7528 0.5025
vn 0.4600 -0.8876 0.0252
vn -0.4714 -0.8537 -0.2215
vn -0.5909 -0.7869 -0.1776
vn -0.4422 -0.8969 0.0102
vn -0.2023 -0.9756 0.0857
vn -0.2270 -0.9723 -0.0559
vn 0.4882 0.8127 -0.3182
vn 0.6951 0.6498 -0.3075
vn 0.5585 0.8067 -0.1930
vn 0.7872 0.6097 -0.0924
vn 0.8518 0.4994 -0.1583
vn 0.6189 0.3627 -0.6967
vn -0.2816 0.8345 -0.4736
vn -0.0952 0.9946 -0.0414
vn 0.9073 0.1309 0.3995
vn 0.9674 -0.2415 0.0758
vn -0.9073 -0.1309 -0.3995
vn -0.9674 0.2415 -0.0758
vn -0.6189 -0.3627 0.6967
vn 0.2816 -0.8345 0.4736
vn 0.0952 -0.9946 0.0414
vn -0.7872 -0.6097 0.0924
vn -0.8518 -0.4994 0.1583
vn -0.6951 -0.6498 0.3075
vn -0.4882 -0.8127 0.3182
vn -0.5585 -0.8067 0.1930
vn 0.9319 -0.3628 0.0034
vn 0.8065 -0.5895 -0.0448
vn 0.8907 -0.4389 0.1183
vn 0.7043 -0.6957 0.1414
vn 0.6355 -0.7711 0.0402
vn 0.6723 -0.5343 -0.5124
vn 0.9019 0.4094 -0.1381
vn 0.9186 0.2264 0.3239
vn 0.1014 -0.8993 0.4254
vn -0.1163 -0.9931 -0.0116
vn -0.1014 0.8993 -0.4254
vn 0.1163 0.9931 0.0116
vn -0.6723 0.5343 0.5124
vn -0.9019 -0.4094 0.1381
vn -0.9186 -0.2264 -0.3239
vn -0.7043 0.6957 -0.1414
vn -0.6355 0.7711 -0.0402
vn -0.8065 0.5895 0.0448
vn -0.9319 0.3628 -0.0034
vn -0.8907 0.4389 -0.1183
vn 0.7678 -0.4926 -0.4096
vn 0.7004 -0.6751 -0.2318
vn 0.8300 -0.4821 -0.2804
vn 0.7712 -0.6365 -0.0085
vn 0.6744 -0.7380 0.0227
vn 0.2892 -0.8580 -0.4246
vn 0.4687 0.0599 -0.8813
vn 0.8217 0.1619 -0.5464
vn 0.5641 -0.5148 0.6456
vn 0.1477 -0.7833 0.6039
vn -0.5641 0.5148 -0.6456
vn -0.1477 0.7833 -0.6039
vn -0.2892 0.8580 0.4246
vn -0.4687 -0.0599 0.8813
vn -0.8217 -0.1619 0.5464
vn -0.7712 0.6365 0.0085
vn -0.6744 0.7380 -0.0227
vn -0.7004 0.6751 0.2318
vn -0.7678 0.4926 0.4096
vn -0.8300 0.4821 0.2804
vn -0.0159 0.9994 -0.0308
vn 0.2411 0.9672 -0.0795
vn 0.0707 0.9940 0.0838
vn 0.3791 0.9191 0.1077
vn 0.4743 0.8803 0.0072
vn 0.2378 0.8062 -0.5418
vn -0.7204 0.6755 -0.1570
vn -0.5545 0.7759 0.3008
vn 0.7970 0.4476 0.4055
vn 0.9635 0.2665 -0.0265
vn -0.7970 -0.4476 -0.4055
vn -0.9635 -0.2665 0.0265
vn -0.2378 -0.8062 0.5418
vn 0.7204 -0.6755 0.1570
vn 0.5545 -0.7759 -0.3008
vn -0.3791 -0.9191 -0.1077
vn -0.4743 -0.8803 -0.0072
vn -0.2411 -0.9672 0.0795
vn 0.0159 -0.9994 0.0308
vn -0.0707 -0.9940 -0.0838
vn 0.9288 0.0589 0.3659
vn 0.8676 -0.1777 0.4644
vn 0.8667 0.0577 0.4956
vn 0.7308 -0.1794 0.6585
vn 0.7128 -0.3181 0.6250
vn 0.8847 -0.4615 0.0658
vn 0.8114 0.5260 -0.2547
vn 0.7093 0.6732 0.2090
vn 0.1140 -0.3663 0.9235
vn 0.0697 -0.7691 0.6354
vn -0.1140 0.3663 -0.9235
vn -0.0697 0.7691 -0.6354
vn -0.8847 0.4615 -0.0658
vn -0.8114 -0.5260 0.2547
vn -0.7093 -0.6731 -0.2090
vn -0.7308 0.1794 -0.6585
vn -0.7128 0.3181 -0.6250
vn -0.8676 0.1777 -0.4644
vn -0.9288 -0.0589 -0.3659
vn -0.8667 -0.0577 -0.4956
vn 0.1469 -0.9842 0.0990
vn -0.0844 -0.9708 0.2247
vn 0.1523 -0.9587 0.2403
vn -0.0789 -0.8905 0.4481
vn -0.2206 -0.8758 0.4293
vn -0.3980 -0.9058 -0.1456
vn 0.5535 -0.6697 -0.4951
vn 0.7312 -0.6814 -0.0309
vn -0.2820 -0.3826 0.8798
vn -0.7088 -0.2974 0.6396
vn 0.2820 0.3826 -0.8798
vn 0.7088 0.2974 -0.6396
vn 0.3980 0.9058 0.1456
vn -0.5535 0.6697 0.4951
vn -0.7312 0.6814 0.0309
vn 0.0789 0.8905 -0.4481
vn 0.2206 0.8758 -0.4293
vn 0.0844 0.9708 -0.2247
vn -0.1469 0.9842 -0.0990
vn -0.1523 0.9587 -0.2403
vn 0.7606 0.0384 0.6481
vn 0.6555 -0.1885 0.7313
vn 0.6597 0.0482 0.7500
vn 0.4631 -0.1717 0.8695
vn 0.4481 -0.3111 0.8381
vn 0.7832 -0.4971 0.3734
vn 0.8823 0.4707 0.0035
vn 0.6443 0.6512 0.4010
vn -0.2171 -0.3127 0.9247
vn -0.1910 -0.7302 0.6560
vn 0.2171 0.3127 -0.9247
vn 0.1910 0.7302 -0.6560
vn -0.7832 0.4971 -0.3734
vn -0.8823 -0.4707 -0.0035
vn -0.6443 -0.6512 -0.4010
vn -0.4631 0.1717 -0.8695
vn -0.4481 0.3111 -0.8381
vn -0.6555 0.1885 -0.7313
vn -0.7606 -0.0384 -0.6481
vn -0.6597 -0.0482 -0.7500
vn 0.8538 -0.5122 -0.0934
vn 0.7238 -0.6879 0.0538
vn 0.8660 -0.4977 0.0491
vn 0.7110 -0.6422 0.2865
vn 0.6075 -0.7419 0.2840
vn 0.4051 -0.8742 -0.2677
vn 0.7535 0.0260 -0.6570
vn 0.9656 0.1369 -0.2212
vn 0.2864 -0.4965 0.8195
vn -0.0927 -0.7631 0.6396
vn -0.2864 0.4965 -0.8195
vn 0.0927 0.7631 -0.6396
vn -0.4051 0.8742 0.2677
vn -0.7535 -0.0260 0.6570
vn -0.9656 -0.1369 0.2212
vn -0.7110 0.6422 -0.2865
vn -0.6075 0.7419 -0.2840
vn -0.7238 0.6879 -0.0538
vn -0.8538 0.5122 0.0934
vn -0.8660 0.4977 -0.0491
vn 0.7614 0.6475 -0.0332
vn 0.8972 0.4308 -0.0969
vn 0.8166 0.5721 0.0761
vn 0.9548 0.2856 0.0820
vn 0.9811 0.1919 -0.0238
vn 0.7521 0.3512 -0.5576
vn 0.0600 0.9914 -0.1166
vn 0.2609 0.9071 0.3303
vn 0.8668 -0.3489 0.3563
vn 0.8148 -0.5735 -0.0842
vn -0.8668 0.3489 -0.3563
vn -0.8148 0.5735 0.0842
vn -0.7521 -0.3512 0.5576
vn -0.0600 -0.9914 0.1166
vn -0.2609 -0.9071 -0.3303
vn -0.9548 -0.2856 -0.0820
vn -0.9811 -0.1919 0.0238
vn -0.8972 -0.4308 0.0969
vn -0.7614 -0.6475 0.0332
vn -0.8166 -0.5721 -0.0761
vn 0.4894 0.8309 -0.2648
vn 0.6986 0.6716 -0.2470
vn 0.5526 0.8223 -0.1359
vn 0.7790 0.6264 -0.0281
vn 0.8494 0.5195 -0.0935
vn 0.6506 0.3953 -0.6484
vn -0.2704 0.8436 -0.4639
vn -0.1124 0.9935 -0.0170
vn 0.8800 0.1349 0.4553
vn 0.9661 -0.2262 0.1246
vn -0.8800 -0.1349 -0.4553
vn -0.9661 0.2262 -0.1246
vn -0.6506 -0.3953 0.6484
vn 0.2704 -0.8436 0.4639
vn 0.1124 -0.9935 0.0170
vn -0.7790 -0.6264 0.0281
vn -0.8494 -0.5194 0.0935
vn -0.6986 -0.6716 0.2470
vn -0.4894 -0.8309 0.2648
vn -0.5526 -0.8223 0.1359
vn 0.7183 -0.2042 0.6651
vn 0.5854 -0.4308 0.6869
vn 0.6127 -0.2074 0.7626
vn 0.3875 -0.4252 0.8180
vn 0.3602 -0.5505 0.7531
vn 0.7028 -0.6583 0.2696
vn 0.9241 0.3516 0.1495
vn 0.6816 0.4588 0.5700
vn -0.3058 -0.4960 0.8127
vn -0.3060 -0.8380 0.4519
vn 0.3058 0.4960 -0.8127
vn 0.3060 0.8380 -0.4519
vn -0.7028 0.6583 -0.2696
vn -0.9241 -0.3516 -0.1495
vn -0.6816 -0.4588 -0.5700
vn -0.3875 0.4252 -0.8180
vn -0.3602 0.5505 -0.7531
vn -0.5854 0.4308 -0.6869
vn -0.7183 0.2042 -0.6651
vn -0.6127 0.2074 -0.7626
vn 0.4397 0.2613 -0.8593
vn 0.6576 0.1913 -0.7287
vn 0.5044 0.3644 -0.7828
vn 0.7423 0.3486 -0.5722
vn 0.8181 0.2361 -0.5245
vn 0.6217 -0.2970 -0.7248
vn -0.3214 0.0855 -0.9431
vn -0.1681 0.5429 -0.8228
vn 0.8751 0.4734 0.1004
vn 0.9783 -0.0011 0.2072
vn -0.8751 -0.4734 -0.1004
vn -0.9783 0.0011 -0.2072
vn -0.6217 0.2970 0.7248
vn 0.3214 -0.0855 0.9431
vn 0.1681 -0.5429 0.8228
vn -0.7423 -0.3486 0.5722
vn -0.8181 -0.2361 0.5245
vn -0.6576 -0.1913 0.7287
vn -0.4397 -0.2613 0.8593
vn -0.5044 -0.3644 0.7828
vn -0.3719 -0.6850 0.6264
vn -0.5638 -0.5063 0.6525
vn -0.3536 -0.5861 0.7290
vn -0.5173 -0.3209 0.7934
vn -0.6321 -0.2635 0.7287
vn -0.8030 -0.5508 0.2277
vn 0.1352 -0.9851 0.1068
vn 0.2846 -0.7921 0.5399
vn -0.4328 0.3703 0.8220
vn -0.7586 0.4632 0.4582
vn 0.4328 -0.3703 -0.8220
vn 0.7586 -0.4632 -0.4582
vn 0.8030 0.5508 -0.2277
vn -0.1352 0.9851 -0.1068
vn -0.2846 0.7921 -0.5399
vn 0.5173 0.3209 -0.7934
vn 0.6321 0.2635 -0.7287
vn 0.5638 0.5063 -0.6525
vn 0.3719 0.6850 -0.6264
vn 0.3536 0.5861 -0.7290
vn 0.4247 0.8788 -0.2176
vn 0.5808 0.8139 -0.0155
vn 0.3811 0.9204 -0.0871
vn 0.4916 0.8470 0.2021
vn 0.6005 0.7621 0.2422
vn 0.8606 0.4632 -0.2115
vn 0.0229 0.5728 -0.8194
vn -0.1944 0.8582 -0.4751
vn 0.2903 0.5363 0.7925
vn 0.6269 0.1718 0.7599
vn -0.2903 -0.5363 -0.7925
vn -0.6269 -0.1719 -0.7599
vn -0.8606 -0.4632 0.2115
vn -0.0229 -0.5728 0.8194
vn 0.1944 -0.8582 0.4751
vn -0.4916 -0.8470 -0.2021
vn -0.6005 -0.7621 -0.2422
vn -0.5808 -0.8139 0.0155
vn -0.4247 -0.8788 0.2176
vn -0.3811 -0.9204 0.0871
vn 0.7975 0.5949 -0.1004
vn 0.9202 0.3652 -0.1406
vn 0.8488 0.5285 0.0163
vn 0.9702 0.2366 0.0527
vn 0.9905 0.1309 -0.0426
vn 0.7686 0.2460 -0.5906
vn 0.1168 0.9683 -0.2206
vn 0.3147 0.9202 0.2329
vn 0.8468 -0.3592 0.3924
vn 0.7798 -0.6257 -0.0220
vn -0.8468 0.3592 -0.3924
vn -0.7798 0.6257 0.0220
vn -0.7686 -0.2460 0.5906
vn -0.1168 -0.9683 0.2206
vn -0.3147 -0.9202 -0.2329
vn -0.9702 -0.2366 -0.0527
vn -0.9905 -0.1309 0.0426
vn -0.9202 -0.3652 0.1406
vn -0.7975 -0.5949 0.1004
vn -0.8488 -0.5285 -0.0163
vn 0.5470 0.6951 0.4664
vn 0.6680 0.4832 0.5659
vn 0.4925 0.6415 0.5882
vn 0.5567 0.3712 0.7432
vn 0.6491 0.2653 0.7129
vn 0.9280 0.3250 0.1823
vn 0.1914 0.9649 -0.1801
vn -0.0331 0.9641 0.2635
vn 0.2484 -0.2209 0.9431
vn 0.5421 -0.5116 0.6666
vn -0.2484 0.2209 -0.9431
vn -0.5421 0.5116 -0.6666
vn -0.9280 -0.3250 -0.1823
vn -0.1914 -0.9649 0.1801
vn 0.0331 -0.9641 -0.2635
vn -0.5567 -0.3712 -0.7432
vn -0.6491 -0.2653 -0.7129
vn -0.6680 -0.4832 -0.5659
vn -0.5470 -0.6951 -0.4664
vn -0.4925 -0.6415 -0.5882
vn -0.5983 0.6322 -0.4922
vn -0.4072 0.8039 -0.4336
vn -0.6108 0.7016 -0.3669
vn -0.4058 0.8891 -0.2119
vn -0.2723 0.9303 -0.2458
vn -0.0512 0.6691 -0.7414
vn -0.7261 -0.1206 -0.6769
vn -0.9515 0.0983 -0.2916
vn -0.0525 0.9202 0.3880
vn 0.3939 0.9033 0.1698
vn 0.0525 -0.9202 -0.3880
vn -0.3939 -0.9033 -0.1698
vn 0.0512 -0.6691 0.7414
vn 0.7261 0.1206 0.6769
vn 0.9515 -0.0983 0.2916
vn 0.4058 -0.8891 0.2119
vn 0.2723 -0.9303 0.2458
vn 0.4072 -0.8039 0.4336
vn 0.5983 -0.6322 0.4922
vn 0.6108 -0.7016 0.3669
vn 0.6622 0.5917 -0.4597
vn 0.8319 0.4084 -0.3757
vn 0.7190 0.6121 -0.3292
vn 0.8955 0.4199 -0.1472
vn 0.9429 0.2862 -0.1703
vn 0.7354 0.0347 -0.6768
vn -0.0723 0.6896 -0.7206
vn 0.1035 0.9390 -0.3281
vn 0.8775 0.0965 0.4698
vn 0.8919 -0.3600 0.2735
vn -0.8775 -0.0965 -0.4698
vn -0.8919 0.3600 -0.2735
vn -0.7354 -0.0347 0.6768
vn 0.0723 -0.6896 0.7206
vn -0.1035 -0.9390 0.3281
vn -0.8955 -0.4199 0.1472
vn -0.9429 -0.2862 0.1703
vn -0.8319 -0.4084 0.3757
vn -0.6622 -0.5917 0.4597
vn -0.7190 -0.6121 0.3292
vn 0.4047 -0.8925 0.1991
vn 0.1609 -0.9452 0.2840
vn 0.3771 -0.8627 0.3370
vn 0.1029 -0.8609 0.4983
vn -0.0313 -0.8897 0.4556
vn -0.0866 -0.9869 -0.1363
vn 0.8027 -0.4874 -0.3437
vn 0.8901 -0.4329 0.1426
vn -0.3122 -0.4250 0.8496
vn -0.6952 -0.4776 0.5371
vn 0.3122 0.4250 -0.8496
vn 0.6952 0.4776 -0.5371
vn 0.0866 0.9869 0.1363
vn -0.8027 0.4874 0.3437
vn -0.8901 0.4329 -0.1426
vn -0.1029 0.8609 -0.4983
vn 0.0313 0.8897 -0.4556
vn -0.1609 0.9452 -0.2840
vn -0.4047 0.8925 -0.1991
vn -0.3771 0.8627 -0.3370
vn 0.7363 -0.6716 0.0826
vn 0.5346 -0.8412 0.0811
vn 0.6787 -0.7036 0.2103
vn 0.4144 -0.8644 0.2846
vn 0.3161 -0.9273 0.2006
vn 0.3969 -0.8316 -0.3886
vn 0.9767 0.0150 -0.2141
vn 0.9588 -0.0688 0.2756
vn -0.1998 -0.7739 0.6010
vn -0.4669 -0.8634 0.1913
vn 0.1998 0.7739 -0.6010
vn 0.4669 0.8634 -0.1913
vn -0.3969 0.8316 0.3886
vn -0.9767 -0.0150 0.2141
vn -0.9588 0.0688 -0.2756
vn -0.4144 0.8644 -0.2846
vn -0.3161 0.9273 -0.2006
vn -0.5346 0.8412 -0.0811
vn -0.7363 0.6716 -0.0826
vn -0.6787 0.7036 -0.2103
vn 0.9633 -0.0068 -0.2684
vn 0.9958 -0.0896 -0.0203
vn 0.9811 0.0952 -0.1687
vn 0.9859 0.0768 0.1489
vn 0.9709 -0.0362 0.2366
vn 0.8334 -0.5508 -0.0446
vn 0.4722 -0.0464 -0.8803
vn 0.6163 0.3877 -0.6854
vn 0.6374 0.3068 0.7068
vn 0.4984 -0.1472 0.8544
vn -0.6374 -0.3068 -0.7068
vn -0.4984 0.1472 -0.8544
vn -0.8334 0.5508 0.0446
vn -0.4722 0.0464 0.8803
vn -0.6163 -0.3877 0.6854
vn -0.9859 -0.0768 -0.1489
vn -0.9709 0.0362 -0.2366
vn -0.9958 0.0896 0.0203
vn -0.9633 0.0068 0.2684
vn -0.9811 -0.0952 0.1687
vn 0.9345 0.1709 -0.3122
vn 0.9783 -0.0624 -0.1976
vn 0.9695 0.1737 -0.1728
vn 0.9973 -0.0621 0.0391
vn 0.9787 -0.2039 0.0246
vn 0.7718 -0.3723 -0.5155
vn 0.3957 0.5777 -0.7139
vn 0.5948 0.7490 -0.2918
vn 0.7166 -0.2845 0.6369
vn 0.5474 -0.7099 0.4431
vn -0.7166 0.2845 -0.6369
vn -0.5474 0.7099 -0.4431
vn -0.7718 0.3723 0.5155
vn -0.3957 -0.5777 0.7139
vn -0.5948 -0.7490 0.2918
vn -0.9973 0.0621 -0.0391
vn -0.9787 0.2039 -0.0246
vn -0.9783 0.0624 0.1976
vn -0.9345 -0.1709 0.3122
vn -0.9695 -0.1737 0.1728
vn -0.6080 0.2871 -0.7403
vn -0.4724 0.5120 -0.7174
vn -0.6593 0.3835 -0.6468
vn -0.5328 0.6540 -0.5370
vn -0.4069 0.7172 -0.5657
vn -0.0424 0.3926 -0.9187
vn -0.5362 -0.4933 -0.6850
vn -0.8741 -0.2403 -0.4223
vn -0.3197 0.9457 0.0590
vn 0.1545 0.9843 -0.0854
vn 0.3197 -0.9457 -0.0590
vn -0.1545 -0.9843 0.0854
vn 0.0424 -0.3926 0.9187
vn 0.5362 0.4933 0.6850
vn 0.8740 0.2403 0.4223
vn 0.5328 -0.6540 0.5370
vn 0.4069 -0.7172 0.5657
vn 0.4724 -0.5120 0.7174
vn 0.6080 -0.2871 0.7403
vn 0.6593 -0.3835 0.6468
vn 0.9487 0.2816 0.1439
vn 0.9937 0.0243 0.1093
vn 0.9443 0.1994 0.2618
vn 0.9484 -0.1170 0.2947
vn 0.9552 -0.2215 0.1962
vn 0.9274 -0.0267 -0.3731
vn 0.4838 0.8707 -0.0883
vn 0.5354 0.7487 0.3909
vn 0.5534 -0.6385 0.5349
vn 0.5062 -0.8576 0.0911
vn -0.5534 0.6385 -0.5349
vn -0.5062 0.8576 -0.0911
vn -0.9274 0.0267 0.3731
vn -0.4838 -0.8707 0.0883
vn -0.5354 -0.7487 -0.3909
vn -0.9484 0.1170 -0.2947
vn -0.9552 0.2215 -0.1962
vn -0.9937 -0.0243 -0.1093
vn -0.9487 -0.2816 -0.1439
vn -0.9443 -0.1994 -0.2618
vn -0.4267 -0.9011 0.0768
vn -0.6477 -0.7604 0.0484
vn -0.4866 -0.8510 0.1975
vn -0.7252 -0.6450 0.2410
vn -0.8060 -0.5736 0.1459
vn -0.6343 -0.6445 -0.4271
vn 0.3255 -0.9340 -0.1473
vn 0.1933 -0.9233 0.3319
vn -0.8525 -0.0203 0.5224
vn -0.9774 0.1910 0.0901
vn 0.8525 0.0203 -0.5224
vn 0.9774 -0.1910 -0.0901
vn 0.6343 0.6445 0.4271
vn -0.3255 0.9340 0.1473
vn -0.1933 0.9233 -0.3319
vn 0.7252 0.6450 -0.2410
vn 0.8060 0.5736 -0.1459
vn 0.6477 0.7604 -0.0484
vn 0.4267 0.9011 -0.0768
vn 0.4866 0.8510 -0.1975
vn 0.0696 -0.9354 0.3467
vn -0.1889 -0.9365 0.2954
vn -0.0169 -0.8914 0.4528
vn -0.3288 -0.8282 0.4538
vn -0.4262 -0.8349 0.3483
vn -0.1955 -0.9614 -0.1935
vn 0.7553 -0.6489 0.0921
vn 0.5963 -0.5774 0.5577
vn -0.7707 -0.3004 0.5620
vn -0.9478 -0.3037 0.0975
vn 0.7707 0.3004 -0.5620
vn 0.9478 0.3037 -0.0975
vn 0.1955 0.9614 0.1935
vn -0.7553 0.6489 -0.0921
vn -0.5963 0.5774 -0.5577
vn 0.3288 0.8282 -0.4538
vn 0.4262 0.8349 -0.3483
vn 0.1889 0.9365 -0.2954
vn -0.0696 0.9354 -0.3467
vn 0.0169 0.8914 -0.4528
vn -0.0707 0.9730 -0.2199
vn 0.1876 0.9678 -0.1677
vn -0.0325 0.9960 -0.0832
vn 0.2492 0.9665 0.0617
vn 0.3773 0.9260 0.0104
vn 0.3668 0.7408 -0.5627
vn -0.6546 0.5446 -0.5243
vn -0.6775 0.7327 -0.0647
vn 0.5577 0.6033 0.5701
vn 0.8843 0.3833 0.2666
vn -0.5577 -0.6033 -0.5701
vn -0.8843 -0.3833 -0.2666
vn -0.3668 -0.7408 0.5627
vn 0.6546 -0.5446 0.5243
vn 0.6775 -0.7327 0.0647
vn -0.2492 -0.9665 -0.0617
vn -0.3773 -0.9260 -0.0104
vn -0.1876 -0.9678 0.1677
vn 0.0707 -0.9730 0.2199
vn 0.0325 -0.9960 0.0832
vn 0.7819 0.1857 -0.5951
vn 0.9157 0.0811 -0.3935
vn 0.8250 0.2769 -0.4927
vn 0.9528 0.2225 -0.2064
vn 0.9852 0.0992 -0.1400
vn 0.8087 -0.3947 -0.4361
vn 0.1019 0.1364 -0.9854
vn 0.2604 0.5627 -0.7846
vn 0.8208 0.3243 0.4702
vn 0.8001 -0.1606 0.5780
vn -0.8208 -0.3243 -0.4702
vn -0.8001 0.1606 -0.5780
vn -0.8087 0.3947 0.4361
vn -0.1019 -0.1364 0.9854
vn -0.2604 -0.5627 0.7846
vn -0.9528 -0.2225 0.2064
vn -0.9852 -0.0992 0.1400
vn -0.9157 -0.0811 0.3935
vn -0.7819 -0.1857 0.5951
vn -0.8250 -0.2769 0.4927
vn -0.3646 0.9023 -0.2302
vn -0.1125 0.9503 -0.2901
vn -0.2817 0.9515 -0.1235
vn 0.0333 0.9936 -0.1078
vn 0.1362 0.9692 -0.2051
vn -0.0585 0.7028 -0.7090
vn -0.9110 0.3379 -0.2364
vn -0.7915 0.5846 0.1783
vn 0.5893 0.7691 0.2473
vn 0.8093 0.5678 -0.1504
vn -0.5893 -0.7691 -0.2473
vn -0.8093 -0.5678 0.1504
vn 0.0585 -0.7028 0.7090
vn 0.9110 -0.3379 0.2364
vn 0.7915 -0.5846 -0.1783
vn -0.0333 -0.9936 0.1078
vn -0.1362 -0.9692 0.2051
vn 0.1125 -0.9503 0.2901
vn 0.3646 -0.9023 0.2302
vn 0.2817 -0.9515 0.1235
vn 0.7486 -0.5623 -0.3512
vn 0.6802 -0.7176 -0.1496
vn 0.8134 -0.5363 -0.2255
vn 0.7559 -0.6514 0.0655
vn 0.6573 -0.7453 0.1114
vn 0.2614 -0.9141 -0.3100
vn 0.4540 -0.0704 -0.8882
vn 0.8152 0.0665 -0.5753
vn 0.5635 -0.4381 0.7004
vn 0.1403 -0.6991 0.7011
vn -0.5635 0.4381 -0.7004
vn -0.1403 0.6991 -0.7011
vn -0.2614 0.9141 0.3100
vn -0.4540 0.0704 0.8882
vn -0.8152 -0.0665 0.5753
vn -0.7559 0.6514 -0.0655
vn -0.6573 0.7453 -0.1114
vn -0.6802 0.7176 0.1496
vn -0.7486 0.5623 0.3512
vn -0.8134 0.5363 0.2255
vn 0.9199 -0.2735 0.2811
vn 0.7893 -0.3741 0.4868
vn 0.9003 -0.1860 0.3935
vn 0.7226 -0.2205 0.6552
vn 0.6373 -0.3284 0.6971
vn 0.5738 -0.7665 0.2886
vn 0.8603 -0.1387 -0.4905
vn 0.9601 0.2247 -0.1662
vn 0.1811 0.0734 0.9807
vn -0.1103 -0.3272 0.9385
vn -0.1811 -0.0734 -0.9807
vn 0.1103 0.3272 -0.9385
vn -0.5738 0.7665 -0.2886
vn -0.8603 0.1387 0.4905
vn -0.9601 -0.2247 0.1662
vn -0.7226 0.2205 -0.6552
vn -0.6373 0.3284 -0.6971
vn -0.7893 0.3741 -0.4868
vn -0.9199 0.2735 -0.2811
vn -0.9003 0.1860 -0.3935
vn 0.2748 0.8503 -0.4488
vn 0.4523 0.8550 -0.2540
vn 0.2346 0.9154 -0.3271
vn 0.3742 0.9264 -0.0414
vn 0.4969 0.8678 0.0054
vn 0.7666 0.5068 -0.3943
vn -0.1177 0.3634 -0.9242
vn -0.3506 0.6912 -0.6319
vn 0.2617 0.7394 0.6204
vn 0.6452 0.4234 0.6360
vn -0.2617 -0.7394 -0.6204
vn -0.6452 -0.4234 -0.6360
vn -0.7666 -0.5068 0.3943
vn 0.1177 -0.3634 0.9242
vn 0.3506 -0.6912 0.6319
vn -0.3742 -0.9264 0.0414
vn -0.4969 -0.8678 -0.0054
vn -0.4523 -0.8550 0.2540
vn -0.2748 -0.8503 0.4488
vn -0.2346 -0.9154 0.3271
vn 0.3005 0.7629 -0.5725
vn 0.5372 0.6544 -0.5321
vn 0.3726 0.8079 -0.4566
vn 0.6393 0.6982 -0.3222
vn 0.7246 0.5884 -0.3588
vn 0.5170 0.2566 -0.8166
vn -0.4590 0.5860 -0.6678
vn -0.3035 0.8994 -0.3145
vn 0.8657 0.4185 0.2746
vn 0.9977 -0.0131 0.0663
vn -0.8657 -0.4185 -0.2746
vn -0.9977 0.0131 -0.0663
vn -0.5170 -0.2566 0.8166
vn 0.4590 -0.5860 0.6678
vn 0.3035 -0.8994 0.3145
vn -0.6393 -0.6982 0.3222
vn -0.7246 -0.5884 0.3588
vn -0.5372 -0.6544 0.5321
vn -0.3005 -0.7629 0.5725
vn -0.3726 -0.8079 0.4566
vn 0.9759 0.0758 0.2047
vn 0.9151 -0.1011 0.3903
vn 0.9345 0.1283 0.3320
vn 0.8101 -0.0173 0.5861
vn 0.7780 -0.1556 0.6087
vn 0.8519 -0.5083 0.1260
vn 0.7954 0.3010 -0.5260
vn 0.7759 0.6149 -0.1409
vn 0.2304 -0.0233 0.9728
vn 0.1157 -0.4941 0.8617
vn -0.2304 0.0233 -0.9728
vn -0.1157 0.4941 -0.8617
vn -0.8519 0.5083 -0.1260
vn -0.7954 -0.3010 0.5260
vn -0.7759 -0.6149 0.1409
vn -0.8101 0.0173 -0.5861
vn -0.7780 0.1556 -0.6087
vn -0.9151 0.1011 -0.3903
vn -0.9759 -0.0758 -0.2047
vn -0.9345 -0.1283 -0.3320
vn 0.3681 0.9291 0.0350
vn 0.5645 0.8091 0.1633
vn 0.3541 0.9182 0.1777
vn 0.5251 0.7558 0.3913
vn 0.6399 0.6709 0.3747
vn 0.7943 0.5739 -0.1994
vn -0.1558 0.8263 -0.5413
vn -0.2923 0.9529 -0.0803
vn 0.4571 0.2410 0.8561
vn 0.7779 -0.0607 0.6254
vn -0.4571 -0.2410 -0.8561
vn -0.7779 0.0607 -0.6254
vn -0.7943 -0.5739 0.1994
vn 0.1558 -0.8263 0.5413
vn 0.2923 -0.9529 0.0803
vn -0.5251 -0.7558 -0.3913
vn -0.6399 -0.6709 -0.3747
vn -0.5645 -0.8091 -0.1633
vn -0.3681 -0.9291 -0.0350
vn -0.3541 -0.9182 -0.1777
vn 0.4984 0.7789 -0.3807
vn 0.7072 0.6289 -0.3229
vn 0.5539 0.7945 -0.2490
vn 0.7749 0.6249 -0.0953
vn 0.8498 0.5092 -0.1363
vn 0.6851 0.2849 -0.6705
vn -0.2484 0.7427 -0.6219
vn -0.1182 0.9725 -0.2007
vn 0.8506 0.2291 0.4733
vn 0.9586 -0.1835 0.2178
vn -0.8506 -0.2291 -0.4733
vn -0.9586 0.1835 -0.2178
vn -0.6851 -0.2849 0.6705
vn 0.2484 -0.7427 0.6219
vn 0.1182 -0.9725 0.2007
vn -0.7749 -0.6249 0.0953
vn -0.8498 -0.5092 0.1363
vn -0.7072 -0.6289 0.3229
vn -0.4984 -0.7789 0.3807
vn -0.5539 -0.7945 0.2490
vn 0.7968 0.4749 0.3735
vn 0.8884 0.2290 0.3979
vn 0.7665 0.4072 0.4967
vn 0.8066 0.1033 0.5820
vn 0.8606 -0.0083 0.5092
vn 0.9915 0.1123 -0.0663
vn 0.3511 0.9326 -0.0836
vn 0.2610 0.8775 0.4022
vn 0.4369 -0.4546 0.7762
vn 0.5702 -0.7271 0.3823
vn -0.4369 0.4546 -0.7762
vn -0.5702 0.7271 -0.3823
vn -0.9915 -0.1123 0.0663
vn -0.3511 -0.9326 0.0836
vn -0.2610 -0.8775 -0.4022
vn -0.8066 -0.1033 -0.5820
vn -0.8606 0.0083 -0.5092
vn -0.8884 -0.2290 -0.3979
vn -0.7968 -0.4749 -0.3735
vn -0.7665 -0.4072 -0.4967
vn 0.2729 -0.9616 -0.0292
vn 0.0153 -0.9998 0.0112
vn 0.2298 -0.9673 0.1079
vn -0.0625 -0.9703 0.2337
vn -0.1917 -0.9665 0.1709
vn -0.1742 -0.8878 -0.4261
vn 0.7846 -0.4846 -0.3867
vn 0.8087 -0.5795 0.1007
vn -0.4723 -0.5929 0.6523
vn -0.8114 -0.5013 0.3005
vn 0.4723 0.5929 -0.6523
vn 0.8114 0.5013 -0.3005
vn 0.1742 0.8878 0.4261
vn -0.7846 0.4846 0.3867
vn -0.8087 0.5795 -0.1007
vn 0.0625 0.9703 -0.2337
vn 0.1917 0.9665 -0.1709
vn -0.0153 0.9998 -0.0112
vn -0.2729 0.9616 0.0292
vn -0.2298 0.9673 -0.1079
vn -0.7032 0.2224 -0.6753
vn -0.5794 0.4551 -0.6761
vn -0.7492 0.3197 -0.5800
vn -0.6274 0.6011 -0.4951
vn -0.5094 0.6698 -0.5403
vn -0.1685 0.3511 -0.9211
vn -0.5798 -0.5499 -0.6012
vn -0.9003 -0.3049 -0.3106
vn -0.3662 0.9285 0.0619
vn 0.0857 0.9868 -0.1371
vn 0.3662 -0.9285 -0.0619
vn -0.0857 -0.9868 0.1371
vn 0.1685 -0.3511 0.9211
vn 0.5798 0.5499 0.6012
vn 0.9003 0.3049 0.3106
vn 0.6274 -0.6011 0.4951
vn 0.5094 -0.6698 0.5403
vn 0.5794 -0.4551 0.6761
vn 0.7032 -0.2224 0.6753
vn 0.7492 -0.3197 0.5800
vn 0.5691 0.7802 -0.2597
vn 0.7540 0.5936 -0.2812
vn 0.6448 0.7512 -0.1410
vn 0.8519 0.5178 -0.0785
vn 0.8983 0.4091 -0.1604
vn 0.6211 0.3653 -0.6934
vn -0.1990 0.9119 -0.3588
vn 0.0293 0.9968 0.0746
vn 0.9369 -0.0263 0.3485
vn 0.9318 -0.3627 -0.0175
vn -0.9369 0.0263 -0.3485
vn -0.9318 0.3627 0.0175
vn -0.6211 -0.3653 0.6934
vn 0.1990 -0.9119 0.3588
vn -0.0293 -0.9968 -0.0746
vn -0.8519 -0.5178 0.0785
vn -0.8983 -0.4091 0.1604
vn -0.7540 -0.5936 0.2812
vn -0.5691 -0.7802 0.2597
vn -0.6448 -0.7512 0.1410
vn 0.9405 0.3283 -0.0872
vn 0.9854 0.0768 -0.1518
vn 0.9708 0.2388 0.0212
vn 0.9965 -0.0782 0.0277
vn 0.9814 -0.1758 -0.0768
vn 0.7963 0.0521 -0.6027
vn 0.4068 0.9019 -0.1450
vn 0.5881 0.7536 0.2935
vn 0.7009 -0.6363 0.3223
vn 0.5473 -0.8298 -0.1091
vn -0.7009 0.6363 -0.3223
vn -0.5473 0.8298 0.1091
vn -0.7963 -0.0521 0.6027
vn -0.4068 -0.9019 0.1450
vn -0.5881 -0.7536 -0.2935
vn -0.9965 0.0782 -0.0277
vn -0.9814 0.1758 0.0768
vn -0.9854 -0.0768 0.1518
vn -0.9405 -0.3283 0.0872
vn -0.9708 -0.2388 -0.0212
vn 0.9566 -0.2908 0.0195
vn 0.8510 -0.5231 -0.0466
vn 0.9175 -0.3765 0.1281
vn 0.7509 -0.6476 0.1291
vn 0.6917 -0.7218 0.0211
vn 0.7294 -0.4501 -0.5152
vn 0.8715 0.4840 -0.0786
vn 0.8863 0.2753 0.3724
vn 0.1561 -0.9130 0.3769
vn -0.0382 -0.9966 -0.0730
vn -0.1561 0.9130 -0.3769
vn 0.0382 0.9966 0.0730
vn -0.7294 0.4501 0.5152
vn -0.8715 -0.4840 0.0786
vn -0.8863 -0.2753 -0.3724
vn -0.7509 0.6476 -0.1291
vn -0.6917 0.7218 -0.0211
vn -0.8510 0.5231 0.0466
vn -0.9566 0.2908 -0.0195
vn -0.9175 0.3765 -0.1281
vn 0.8113 0.5711 -0.1253
vn 0.9232 0.3836 0.0222
vn 0.8069 0.5905 0.0171
vn 0.8826 0.3944 0.2559
vn 0.9317 0.2592 0.2544
vn 0.9557 0.0112 -0.2940
vn 0.2635 0.6880 -0.6762
vn 0.2599 0.9342 -0.2443
vn 0.5920 0.0744 0.8025
vn 0.6773 -0.3833 0.6280
vn -0.5920 -0.0744 -0.8025
vn -0.6773 0.3833 -0.6280
vn -0.9557 -0.0112 0.2940
vn -0.2635 -0.6880 0.6762
vn -0.2599 -0.9342 0.2443
vn -0.8826 -0.3944 -0.2559
vn -0.9317 -0.2592 -0.2544
vn -0.9232 -0.3836 -0.0222
vn -0.8113 -0.5711 0.1253
vn -0.8069 -0.5905 -0.0171
vn 0.1525 -0.4401 0.8849
vn -0.0700 -0.3133 0.9471
vn 0.1672 -0.3069 0.9369
vn -0.0498 -0.0817 0.9954
vn -0.1925 -0.0820 0.9779
vn -0.4072 -0.5762 0.7086
vn 0.5195 -0.8028 0.2925
vn 0.7273 -0.4245 0.5393
vn -0.2239 0.5628 0.7957
vn -0.6655 0.4274 0.6119
vn 0.2239 -0.5628 -0.7957
vn 0.6655 -0.4274 -0.6119
vn 0.4072 0.5762 -0.7086
vn -0.5195 0.8028 -0.2925
vn -0.7273 0.4245 -0.5393
vn 0.0498 0.0817 -0.9954
vn 0.1925 0.0820 -0.9779
vn 0.0700 0.3133 -0.9471
vn -0.1525 0.4401 -0.8849
vn -0.1672 0.3069 -0.9369
vn -0.2181 -0.5523 0.8046
vn -0.3592 -0.3394 0.8694
vn -0.1498 -0.4508 0.8800
vn -0.2383 -0.1555 0.9587
vn -0.3589 -0.0828 0.9297
vn -0.7390 -0.3714 0.5621
vn 0.0178 -0.9816 0.1903
vn 0.3398 -0.7868 0.5152
vn -0.0483 0.5077 0.8602
vn -0.4657 0.6313 0.6202
vn 0.0483 -0.5077 -0.8602
vn 0.4657 -0.6313 -0.6202
vn 0.7390 0.3714 -0.5621
vn -0.0178 0.9816 -0.1903
vn -0.3398 0.7868 -0.5152
vn 0.2383 0.1555 -0.9587
vn 0.3589 0.0828 -0.9297
vn 0.3592 0.3394 -0.8694
vn 0.2181 0.5523 -0.8046
vn 0.1498 0.4508 -0.8800
vn 0.0609 0.8573 -0.5112
vn 0.1937 0.9349 -0.2973
vn -0.0171 0.9143 -0.4048
vn 0.0636 0.9922 -0.1070
vn 0.1892 0.9812 -0.0379
vn 0.6203 0.7011 -0.3517
vn -0.0748 0.2337 -0.9694
vn -0.4437 0.4868 -0.7525
vn -0.0900 0.8285 0.5527
vn 0.3659 0.6595 0.6567
vn 0.0900 -0.8285 -0.5527
vn -0.3659 -0.6595 -0.6567
vn -0.6203 -0.7011 0.3517
vn 0.0748 -0.2337 0.9694
vn 0.4437 -0.4868 0.7525
vn -0.0636 -0.9922 0.1070
vn -0.1892 -0.9812 0.0379
vn -0.1937 -0.9349 0.2973
vn -0.0609 -0.8573 0.5112
vn 0.0171 -0.9143 0.4048
vn 0.5373 -0.2829 0.7945
vn 0.2990 -0.3399 0.8917
vn 0.4698 -0.1772 0.8648
vn 0.1711 -0.1570 0.9727
vn 0.0624 -0.2508 0.9660
vn 0.1816 -0.7446 0.6423
vn 0.9536 -0.2722 0.1284
vn 0.9011 0.1320 0.4131
vn -0.4081 0.2206 0.8859
vn -0.6775 -0.1618 0.7175
vn 0.4081 -0.2206 -0.8859
vn 0.6775 0.1618 -0.7175
vn -0.1816 0.7446 -0.6423
vn -0.9536 0.2722 -0.1284
vn -0.9011 -0.1320 -0.4131
vn -0.1711 0.1570 -0.9727
vn -0.0624 0.2508 -0.9660
vn -0.2990 0.3399 -0.8916
vn -0.5373 0.2829 -0.7945
vn -0.4698 0.1772 -0.8648
vn 0.7935 -0.5678 -0.2191
vn 0.6188 -0.7627 -0.1884
vn 0.7793 -0.6206 -0.0862
vn 0.5663 -0.8235 0.0351
vn 0.4548 -0.8902 -0.0263
vn 0.3496 -0.7234 -0.5954
vn 0.8646 0.1727 -0.4719
vn 0.9992 0.0366 -0.0131
vn 0.0653 -0.8525 0.5186
vn -0.2990 -0.9350 0.1906
vn -0.0653 0.8525 -0.5186
vn 0.2990 0.9350 -0.1906
vn -0.3496 0.7234 0.5954
vn -0.8646 -0.1727 0.4719
vn -0.9992 -0.0366 0.0131
vn -0.5663 0.8235 -0.0351
vn -0.4548 0.8902 0.0263
vn -0.6188 0.7627 0.1884
vn -0.7935 0.5678 0.2191
vn -0.7793 0.6206 0.0862
vn 0.5990 -0.7978 -0.0687
vn 0.3715 -0.9208 -0.1190
vn 0.5272 -0.8485 0.0451
vn 0.2340 -0.9698 0.0683
vn 0.1328 -0.9906 -0.0318
vn 0.2735 -0.7712 -0.5748
vn 0.9776 -0.1176 -0.1744
vn 0.9083 -0.3133 0.2773
vn -0.3772 -0.8450 0.3790
vn -0.6239 -0.7801 -0.0477
vn 0.3772 0.8450 -0.3790
vn 0.6239 0.7801 0.0477
vn -0.2735 0.7712 0.5748
vn -0.9776 0.1176 0.1744
vn -0.9083 0.3133 -0.2773
vn -0.2340 0.9698 -0.0683
vn -0.1328 0.9906 0.0318
vn -0.3715 0.9208 0.1190
vn -0.5990 0.7978 0.0687
vn -0.5272 0.8485 -0.0451
vn 0.6246 0.2363 0.7443
vn 0.4941 0.0438 0.8683
vn 0.5068 0.2753 0.8169
vn 0.2801 0.0997 0.9548
vn 0.2642 -0.0429 0.9635
vn 0.6714 -0.3567 0.6496
vn 0.8887 0.4570 0.0381
vn 0.5892 0.7462 0.3098
vn -0.4045 -0.0235 0.9142
vn -0.3495 -0.5021 0.7911
vn 0.4045 0.0235 -0.9142
vn 0.3495 0.5021 -0.7911
vn -0.6714 0.3567 -0.6496
vn -0.8887 -0.4570 -0.0381
vn -0.5892 -0.7462 -0.3098
vn -0.2801 -0.0997 -0.9548
vn -0.2642 0.0429 -0.9635
vn -0.4941 -0.0438 -0.8683
vn -0.6246 -0.2363 -0.7443
vn -0.5068 -0.2753 -0.8169
vn 0.4362 -0.7280 -0.5289
vn 0.3523 -0.8765 -0.3280
vn 0.5258 -0.7412 -0.4173
vn 0.4810 -0.8672 -0.1286
vn 0.3649 -0.9284 -0.0699
vn -0.1291 -0.9013 -0.4135
vn 0.2467 -0.1018 -0.9637
vn 0.6796 -0.1333 -0.7213
vn 0.4833 -0.6857 0.5442
vn 0.0021 -0.7901 0.6130
vn -0.4833 0.6857 -0.5442
vn -0.0021 0.7901 -0.6130
vn 0.1291 0.9013 0.4135
vn -0.2467 0.1018 0.9637
vn -0.6796 0.1333 0.7213
vn -0.4810 0.8672 0.1286
vn -0.3649 0.9284 0.0699
vn -0.3523 0.8765 0.3280
vn -0.4362 0.7280 0.5289
vn -0.5258 0.7412 0.4173
vn -0.1029 -0.9908 0.0876
vn -0.3423 -0.9232 0.1746
vn -0.1152 -0.9666 0.2288
vn -0.3554 -0.8455 0.3986
vn -0.4848 -0.7982 0.3576
vn -0.5667 -0.7885 -0.2391
vn 0.4579 -0.7826 -0.4217
vn 0.5488 -0.8334 0.0645
vn -0.5042 -0.3022 0.8090
vn -0.8541 -0.1208 0.5059
vn 0.5042 0.3022 -0.8090
vn 0.8541 0.1208 -0.5059
vn 0.5667 0.7885 0.2391
vn -0.4579 0.7826 0.4216
vn -0.5488 0.8334 -0.0645
vn 0.3554 0.8455 -0.3986
vn 0.4848 0.7982 -0.3576
vn 0.3423 0.9232 -0.1746
vn 0.1029 0.9908 -0.0876
vn 0.1152 0.9666 -0.2288
vn 0.6888 0.7228 -0.0558
vn 0.7436 0.6414 0.1888
vn 0.6158 0.7863 0.0506
vn 0.5975 0.7163 0.3605
vn 0.6597 0.6115 0.4369
vn 0.9707 0.2157 0.1061
vn 0.4513 0.4679 -0.7599
vn 0.2127 0.8297 -0.5162
vn 0.1324 0.5229 0.8421
vn 0.3512 0.0857 0.9324
vn -0.1324 -0.5229 -0.8421
vn -0.3512 -0.0857 -0.9324
vn -0.9707 -0.2157 -0.1061
vn -0.4513 -0.4679 0.7599
vn -0.2127 -0.8296 0.5162
vn -0.5975 -0.7163 -0.3605
vn -0.6597 -0.6115 -0.4369
vn -0.7436 -0.6414 -0.1888
vn -0.6888 -0.7228 0.0558
vn -0.6158 -0.7863 -0.0506
vn 0.0866 0.7081 -0.7008
vn 0.2416 0.8197 -0.5193
vn 0.0220 0.7950 -0.6063
vn 0.1319 0.9310 -0.3404
vn 0.2613 0.9243 -0.2782
vn 0.6431 0.5406 -0.5424
vn -0.1331 0.0119 -0.9910
vn -0.4628 0.3414 -0.8181
vn 0.0189 0.9376 0.3472
vn 0.4670 0.7547 0.4608
vn -0.0189 -0.9376 -0.3472
vn -0.4670 -0.7547 -0.4608
vn -0.6431 -0.5406 0.5424
vn 0.1331 -0.0119 0.9910
vn 0.4628 -0.3414 0.8181
vn -0.1319 -0.9310 0.3404
vn -0.2613 -0.9243 0.2782
vn -0.2416 -0.8197 0.5193
vn -0.0866 -0.7081 0.7008
vn -0.0220 -0.7950 0.6063
vn 0.3795 0.0538 -0.9236
vn 0.4280 -0.2017 -0.8810
vn 0.5056 0.0219 -0.8625
vn 0.6165 -0.2526 -0.7458
vn 0.5557 -0.3826 -0.7381
vn -0.0192 -0.3977 -0.9173
vn -0.1361 0.6257 -0.7681
vn 0.3467 0.6688 -0.6577
vn 0.8325 -0.5345 -0.1462
vn 0.4691 -0.8734 -0.1308
vn -0.8325 0.5345 0.1462
vn -0.4691 0.8734 0.1308
vn 0.0192 0.3977 0.9173
vn 0.1361 -0.6257 0.7681
vn -0.3467 -0.6688 0.6577
vn -0.6165 0.2526 0.7458
vn -0.5557 0.3826 0.7381
vn -0.4280 0.2017 0.8810
vn -0.3795 -0.0538 0.9236
vn -0.5056 -0.0219 0.8625
vn 0.5429 -0.6291 0.5563
vn 0.3201 -0.6424 0.6964
vn 0.5278 -0.5325 0.6617
vn 0.2765 -0.4609 0.8433
vn 0.1434 -0.5153 0.8450
vn 0.0333 -0.9131 0.4063
vn 0.8160 -0.5505 -0.1761
vn 0.9513 -0.2428 0.1902
vn -0.1503 0.0711 0.9861
vn -0.5564 -0.1594 0.8155
vn 0.1503 -0.0711 -0.9861
vn 0.5564 0.1594 -0.8155
vn -0.0333 0.9131 -0.4063
vn -0.8160 0.5505 0.1761
vn -0.9513 0.2428 -0.1902
vn -0.2765 0.4609 -0.8433
vn -0.1434 0.5153 -0.8450
vn -0.3201 0.6424 -0.6964
vn -0.5429 0.6291 -0.5563
vn -0.5278 0.5325 -0.6617
vn 0.9928 0.0741 -0.0943
vn 0.9807 -0.1867 -0.0584
vn 0.9987 0.0279 0.0417
vn 0.9510 -0.2615 0.1651
vn 0.9169 -0.3860 0.1018
vn 0.8036 -0.3406 -0.4881
vn 0.6064 0.6787 -0.4143
vn 0.7366 0.6731 0.0655
vn 0.5273 -0.5954 0.6062
vn 0.3456 -0.9018 0.2594
vn -0.5273 0.5954 -0.6062
vn -0.3456 0.9018 -0.2594
vn -0.8036 0.3406 0.4881
vn -0.6064 -0.6787 0.4143
vn -0.7366 -0.6731 -0.0655
vn -0.9510 0.2615 -0.1651
vn -0.9169 0.3860 -0.1018
vn -0.9807 0.1867 0.0584
vn -0.9928 -0.0741 0.0943
vn -0.9987 -0.0279 -0.0417
vn 0.3674 -0.9287 -0.0499
vn 0.1150 -0.9887 -0.0964
vn 0.2859 -0.9560 0.0653
vn -0.0287 -0.9953 0.0926
vn -0.1327 -0.9911 -0.0066
vn 0.0554 -0.8296 -0.5555
vn 0.9105 -0.3749 -0.1744
vn 0.7965 -0.5345 0.2825
vn -0.5824 -0.7066 0.4019
vn -0.8075 -0.5893 -0.0256
vn 0.5824 0.7066 -0.4019
vn 0.8075 0.5893 0.0256
vn -0.0554 0.8296 0.5555
vn -0.9105 0.3749 0.1744
vn -0.7965 0.5345 -0.2825
vn 0.0287 0.9953 -0.0926
vn 0.1327 0.9911 0.0066
vn -0.1150 0.9887 0.0964
vn -0.3674 0.9287 0.0499
vn -0.2859 0.9560 -0.0653
vn 0.5445 -0.8372 -0.0506
vn 0.3102 -0.9449 -0.1050
vn 0.4671 -0.8821 0.0619
vn 0.1658 -0.9829 0.0797
vn 0.0656 -0.9976 -0.0223
vn 0.2321 -0.7927 -0.5637
vn 0.9707 -0.1853 -0.1529
vn 0.8789 -0.3721 0.2985
vn -0.4417 -0.8143 0.3766
vn -0.6745 -0.7362 -0.0556
vn 0.4417 0.8143 -0.3766
vn 0.6745 0.7362 0.0556
vn -0.2321 0.7927 0.5637
vn -0.9707 0.1853 0.1529
vn -0.8789 0.3721 -0.2985
vn -0.1658 0.9829 -0.0797
vn -0.0656 0.9976 0.0223
vn -0.3102 0.9449 0.1050
vn -0.5445 0.8372 0.0506
vn -0.4671 0.8821 -0.0619
vn 0.4875 -0.8704 -0.0690
vn 0.2435 -0.9646 -0.1011
vn 0.4170 -0.9075 0.0507
vn 0.1127 -0.9890 0.0956
vn 0.0038 -1.0000 0.0025
vn 0.1373 -0.8195 -0.5564
vn 0.9421 -0.2489 -0.2247
vn 0.8765 -0.4183 0.2381
vn -0.4572 -0.7756 0.4352
vn -0.7196 -0.6941 0.0209
vn 0.4572 0.7756 -0.4352
vn 0.7196 0.6941 -0.0209
vn -0.1373 0.8195 0.5564
vn -0.9421 0.2489 0.2247
vn -0.8765 0.4183 -0.2381
vn -0.1127 0.9890 -0.0956
vn -0.0038 1.0000 -0.0025
vn -0.2435 0.9646 0.1011
vn -0.4875 0.8704 0.0690
vn -0.4170 0.9075 -0.0507
vn 0.4629 0.7505 -0.4717
vn 0.6741 0.5975 -0.4342
vn 0.5348 0.7697 -0.3487
vn 0.7697 0.6005 -0.2168
vn 0.8364 0.4814 -0.2620
vn 0.6013 0.2411 -0.7618
vn -0.3089 0.7245 -0.6161
vn -0.1220 0.9668 -0.2243
vn 0.9079 0.2249 0.3537
vn 0.9743 -0.1999 0.1040
vn -0.9079 -0.2249 -0.3537
vn -0.9743 0.1999 -0.1040
vn -0.6013 -0.2411 0.7618
vn 0.3089 -0.7245 0.6161
vn 0.1220 -0.9668 0.2243
vn -0.7697 -0.6005 0.2168
vn -0.8364 -0.4814 0.2620
vn -0.6741 -0.5975 0.4342
vn -0.4629 -0.7505 0.4717
vn -0.5348 -0.7697 0.3487
vn 0.5683 -0.7837 -0.2507
vn 0.3596 -0.9187 -0.1633
vn 0.5671 -0.8162 -0.1106
vn 0.3373 -0.9386 0.0723
vn 0.2030 -0.9784 0.0401
vn 0.0360 -0.8507 -0.5244
vn 0.7732 -0.1225 -0.6222
vn 0.9548 -0.2406 -0.1747
vn -0.0525 -0.7773 0.6269
vn -0.4818 -0.7912 0.3765
vn 0.0525 0.7773 -0.6269
vn 0.4818 0.7913 -0.3765
vn -0.0360 0.8507 0.5244
vn -0.7732 0.1225 0.6222
vn -0.9548 0.2406 0.1747
vn -0.3373 0.9386 -0.0723
vn -0.2030 0.9784 -0.0401
vn -0.3596 0.9187 0.1633
vn -0.5683 0.7837 0.2507
vn -0.5671 0.8162 0.1106
vn 0.1175 -0.9708 0.2092
vn -0.1453 -0.9629 0.2275
vn 0.0633 -0.9388 0.3385
vn -0.2347 -0.8727 0.4282
vn -0.3563 -0.8656 0.3518
vn -0.2791 -0.9292 -0.2422
vn 0.7255 -0.6637 -0.1822
vn 0.6954 -0.6465 0.3137
vn -0.6110 -0.3565 0.7068
vn -0.9022 -0.3024 0.3075
vn 0.6110 0.3565 -0.7068
vn 0.9022 0.3024 -0.3075
vn 0.2791 0.9292 0.2422
vn -0.7255 0.6637 0.1822
vn -0.6954 0.6465 -0.3137
vn 0.2347 0.8727 -0.4282
vn 0.3563 0.8656 -0.3518
vn 0.1453 0.9629 -0.2275
vn -0.1175 0.9708 -0.2092
vn -0.0633 0.9388 -0.3385
vn 0.4756 -0.8161 -0.3283
vn 0.2998 -0.9379 -0.1745
vn 0.5138 -0.8364 -0.1912
vn 0.3445 -0.9369 0.0588
vn 0.2065 -0.9760 0.0691
vn -0.1121 -0.8932 -0.4354
vn 0.5678 -0.1945 -0.7998
vn 0.8676 -0.2782 -0.4122
vn 0.1256 -0.7191 0.6835
vn -0.3566 -0.7439 0.5652
vn -0.1256 0.7191 -0.6835
vn 0.3566 0.7439 -0.5652
vn 0.1121 0.8932 0.4354
vn -0.5678 0.1945 0.7998
vn -0.8676 0.2782 0.4122
vn -0.3445 0.9369 -0.0588
vn -0.2065 0.9760 -0.0691
vn -0.2998 0.9379 0.1745
vn -0.4756 0.8161 0.3283
vn -0.5138 0.8364 0.1912
vn 0.9891 -0.0150 -0.1468
vn 0.9417 -0.2680 -0.2036
vn 0.9936 -0.1073 -0.0366
vn 0.9102 -0.4138 -0.0189
vn 0.8565 -0.5024 -0.1186
vn 0.7286 -0.2354 -0.6432
vn 0.6800 0.7053 -0.2004
vn 0.8261 0.5126 0.2341
vn 0.4605 -0.8311 0.3117
vn 0.2246 -0.9689 -0.1036
vn -0.4605 0.8311 -0.3117
vn -0.2246 0.9689 0.1036
vn -0.7286 0.2354 0.6432
vn -0.6800 -0.7053 0.2004
vn -0.8261 -0.5126 -0.2341
vn -0.9102 0.4138 0.0189
vn -0.8565 0.5024 0.1186
vn -0.9417 0.2680 0.2036
vn -0.9891 0.0150 0.1468
vn -0.9936 0.1073 0.0366
vn 0.9476 -0.3000 0.1101
vn 0.8360 -0.5387 0.1042
vn 0.9049 -0.3539 0.2364
vn 0.7306 -0.6113 0.3042
vn 0.6704 -0.7092 0.2180
vn 0.7213 -0.5858 -0.3694
vn 0.8859 0.4253 -0.1854
vn 0.8900 0.3395 0.3043
vn 0.1259 -0.7888 0.6016
vn -0.0661 -0.9805 0.1850
vn -0.1259 0.7888 -0.6016
vn 0.0661 0.9805 -0.1850
vn -0.7213 0.5858 0.3694
vn -0.8859 -0.4253 0.1854
vn -0.8900 -0.3395 -0.3043
vn -0.7306 0.6113 -0.3042
vn -0.6704 0.7092 -0.2180
vn -0.8360 0.5387 -0.1042
vn -0.9476 0.3000 -0.1101
vn -0.9049 0.3539 -0.2364
vn -0.1362 0.4956 -0.8578
vn 0.1234 0.5354 -0.8356
vn -0.0954 0.6125 -0.7847
vn 0.1919 0.7043 -0.6834
vn 0.3206 0.6416 -0.6968
vn 0.3040 0.0944 -0.9480
vn -0.7020 -0.0294 -0.7116
vn -0.7223 0.4357 -0.5371
vn 0.5371 0.8384 -0.0931
vn 0.8671 0.4723 -0.1584
vn -0.5371 -0.8384 0.0931
vn -0.8671 -0.4723 0.1584
vn -0.3040 -0.0944 0.9480
vn 0.7020 0.0294 0.7116
vn 0.7223 -0.4357 0.5371
vn -0.1919 -0.7043 0.6834
vn -0.3206 -0.6416 0.6968
vn -0.1234 -0.5354 0.8356
vn 0.1362 -0.4956 0.8578
vn 0.0954 -0.6125 0.7847
vn -0.0382 -0.8492 0.5266
vn -0.2979 -0.8117 0.5025
vn -0.1013 -0.7707 0.6292
vn -0.3956 -0.6512 0.6477
vn -0.5061 -0.6593 0.5561
vn -0.3742 -0.9268 0.0328
vn 0.6446 -0.7495 0.1510
vn 0.5635 -0.5629 0.6047
vn -0.7267 -0.0392 0.6859
vn -0.9628 -0.0969 0.2522
vn 0.7267 0.0392 -0.6859
vn 0.9628 0.0969 -0.2522
vn 0.3742 0.9268 -0.0328
vn -0.6446 0.7495 -0.1510
vn -0.5635 0.5629 -0.6047
vn 0.3956 0.6512 -0.6477
vn 0.5061 0.6593 -0.5561
vn 0.2979 0.8117 -0.5025
vn 0.0382 0.8492 -0.5266
vn 0.1013 0.7707 -0.6292
vn 0.0933 0.4410 -0.8926
vn 0.2727 0.5849 -0.7639
vn 0.0452 0.5598 -0.8274
vn 0.1893 0.7579 -0.6243
vn 0.3223 0.7560 -0.5697
vn 0.6430 0.2680 -0.7174
vn -0.2141 -0.2807 -0.9356
vn -0.4959 0.1219 -0.8598
vn 0.1355 0.9903 0.0305
vn 0.5725 0.8013 0.1736
vn -0.1355 -0.9903 -0.0305
vn -0.5725 -0.8013 -0.1736
vn -0.6430 -0.2680 0.7174
vn 0.2141 0.2807 0.9356
vn 0.4959 -0.1219 0.8598
vn -0.1893 -0.7579 0.6243
vn -0.3223 -0.7560 0.5697
vn -0.2727 -0.5849 0.7639
vn -0.0933 -0.4410 0.8926
vn -0.0452 -0.5598 0.8274
vn 0.6975 0.7050 0.1283
vn 0.8603 0.4994 0.1022
vn 0.7316 0.6347 0.2490
vn 0.8859 0.3598 0.2926
vn 0.9429 0.2681 0.1977
vn 0.8316 0.4071 -0.3778
vn 0.0103 0.9926 -0.1210
vn 0.1087 0.9259 0.3617
vn 0.7852 -0.2787 0.5529
vn 0.8532 -0.5082 0.1172
vn -0.7852 0.2787 -0.5529
vn -0.8532 0.5082 -0.1172
vn -0.8316 -0.4071 0.3778
vn -0.0103 -0.9926 0.1210
vn -0.1087 -0.9259 -0.3617
vn -0.8859 -0.3598 -0.2926
vn -0.9429 -0.2681 -0.1977
vn -0.8603 -0.4994 -0.1022
vn -0.6975 -0.7050 -0.1283
vn -0.7316 -0.6347 -0.2490
vn -0.9266 0.3496 -0.1386
vn -0.7964 0.5681 -0.2074
vn -0.8964 0.4421 -0.0328
vn -0.7121 0.7014 -0.0299
vn -0.6336 0.7620 -0.1340
vn -0.6182 0.4465 -0.6469
vn -0.8860 -0.4346 -0.1619
vn -0.9462 -0.1862 0.2646
vn -0.1384 0.9508 0.2773
vn 0.1205 0.9819 -0.1459
vn 0.1384 -0.9507 -0.2773
vn -0.1205 -0.9819 0.1459
vn 0.6182 -0.4465 0.6469
vn 0.8860 0.4346 0.1619
vn 0.9462 0.1862 -0.2646
vn 0.7121 -0.7014 0.0299
vn 0.6336 -0.7620 0.1340
vn 0.7964 -0.5681 0.2074
vn 0.9266 -0.3496 0.1386
vn 0.8964 -0.4421 0.0328
vn 0.3713 -0.6482 -0.6648
vn 0.2175 -0.8173 -0.5336
vn 0.4307 -0.7142 -0.5517
vn 0.3005 -0.8965 -0.3256
vn 0.1644 -0.9379 -0.3054
vn -0.2292 -0.6891 -0.6874
vn 0.4155 0.0987 -0.9042
vn 0.7711 -0.1108 -0.6270
vn 0.2006 -0.9096 0.3639
vn -0.2952 -0.8965 0.3304
vn -0.2006 0.9096 -0.3639
vn 0.2952 0.8965 -0.3304
vn 0.2292 0.6891 0.6874
vn -0.4155 -0.0987 0.9042
vn -0.7711 0.1108 0.6270
vn -0.3005 0.8965 0.3256
vn -0.1644 0.9379 0.3054
vn -0.2175 0.8173 0.5336
vn -0.3713 0.6482 0.6648
vn -0.4307 0.7142 0.5517
vn 0.8215 -0.1102 -0.5594
vn 0.7377 -0.3598 -0.5712
vn 0.8678 -0.1982 -0.4556
vn 0.7809 -0.4950 -0.3809
vn 0.6834 -0.5821 -0.4406
vn 0.3563 -0.3249 -0.8761
vn 0.5677 0.6326 -0.5269
vn 0.8764 0.4443 -0.1858
vn 0.4956 -0.8569 0.1418
vn 0.0932 -0.9885 -0.1187
vn -0.4956 0.8569 -0.1418
vn -0.0932 0.9885 0.1187
vn -0.3563 0.3249 0.8761
vn -0.5677 -0.6326 0.5269
vn -0.8764 -0.4443 0.1858
vn -0.7809 0.4950 0.3809
vn -0.6834 0.5821 0.4406
vn -0.7377 0.3598 0.5712
vn -0.8215 0.1102 0.5594
vn -0.8678 0.1982 0.4556
vn 0.3326 0.7365 -0.5890
vn 0.5546 0.6984 -0.4523
vn 0.3471 0.8127 -0.4680
vn 0.5624 0.7929 -0.2346
vn 0.6750 0.7049 -0.2179
vn 0.7179 0.2763 -0.6389
vn -0.2894 0.3602 -0.8868
vn -0.3381 0.7447 -0.5754
vn 0.6059 0.6576 0.4477
vn 0.8867 0.2517 0.3878
vn -0.6059 -0.6576 -0.4477
vn -0.8867 -0.2517 -0.3878
vn -0.7179 -0.2763 0.6389
vn 0.2894 -0.3602 0.8868
vn 0.3381 -0.7447 0.5754
vn -0.5624 -0.7929 0.2346
vn -0.6750 -0.7049 0.2179
vn -0.5546 -0.6984 0.4523
vn -0.3326 -0.7365 0.5890
vn -0.3471 -0.8127 0.4680
vn -0.1621 0.1679 -0.9724
vn 0.1000 0.1949 -0.9757
vn -0.1111 0.3000 -0.9475
vn 0.1862 0.4016 -0.8967
vn 0.3104 0.3294 -0.8917
vn 0.2507 -0.2687 -0.9300
vn -0.7443 -0.2307 -0.6268
vn -0.7301 0.2663 -0.6293
vn 0.5727 0.7117 -0.4068
vn 0.8790 0.3242 -0.3496
vn -0.5727 -0.7117 0.4068
vn -0.8790 -0.3242 0.3496
vn -0.2507 0.2687 0.9300
vn 0.7443 0.2307 0.6268
vn 0.7301 -0.2663 0.6293
vn -0.1862 -0.4016 0.8967
vn -0.3104 -0.3294 0.8917
vn -0.1000 -0.1949 0.9757
vn 0.1621 -0.1679 0.9724
vn 0.1111 -0.3000 0.9475
vn 0.8315 -0.4978 -0.2464
vn 0.7219 -0.6852 -0.0970
vn 0.8628 -0.4942 -0.1061
vn 0.7407 -0.6575 0.1381
vn 0.6373 -0.7574 0.1419
vn 0.3621 -0.8484 -0.3861
vn 0.6584 0.0812 -0.7483
vn 0.9276 0.1598 -0.3378
vn 0.3921 -0.5559 0.7329
vn -0.0087 -0.8105 0.5857
vn -0.3921 0.5559 -0.7329
vn 0.0087 0.8105 -0.5857
vn -0.3621 0.8484 0.3860
vn -0.6584 -0.0812 0.7483
vn -0.9276 -0.1598 0.3378
vn -0.7407 0.6575 -0.1381
vn -0.6373 0.7574 -0.1419
vn -0.7219 0.6852 0.0970
vn -0.8315 0.4978 0.2464
vn -0.8628 0.4942 0.1061
vn 0.6206 0.6651 -0.4153
vn 0.7936 0.4681 -0.3887
vn 0.6928 0.6597 -0.2911
vn 0.8839 0.4351 -0.1715
vn 0.9243 0.3081 -0.2252
vn 0.6518 0.1596 -0.7414
vn -0.1363 0.8155 -0.5625
vn 0.0914 0.9839 -0.1539
vn 0.9288 -0.0006 0.3705
vn 0.9071 -0.4110 0.0908
vn -0.9288 0.0006 -0.3705
vn -0.9071 0.4110 -0.0908
vn -0.6518 -0.1596 0.7414
vn 0.1363 -0.8155 0.5625
vn -0.0914 -0.9839 0.1539
vn -0.8839 -0.4351 0.1715
vn -0.9243 -0.3081 0.2252
vn -0.7936 -0.4681 0.3887
vn -0.6206 -0.6651 0.4153
vn -0.6928 -0.6597 0.2911
vn 0.7925 -0.6074 0.0558
vn 0.7095 -0.6356 0.3043
vn 0.8445 -0.5137 0.1517
vn 0.7630 -0.4596 0.4545
vn 0.6630 -0.5214 0.5372
vn 0.3128 -0.9169 0.2479
vn 0.5368 -0.5005 -0.6793
vn 0.8635 -0.1922 -0.4663
vn 0.5066 0.0450 0.8610
vn 0.0921 -0.2050 0.9744
vn -0.5066 -0.0450 -0.8610
vn -0.0921 0.2050 -0.9744
vn -0.3128 0.9169 -0.2479
vn -0.5368 0.5005 0.6793
vn -0.8635 0.1922 0.4663
vn -0.7630 0.4596 -0.4545
vn -0.6630 0.5214 -0.5372
vn -0.7095 0.6356 -0.3043
vn -0.7925 0.6074 -0.0558
vn -0.8445 0.5137 -0.1517
vn 0.5137 0.4751 -0.7144
vn 0.6733 0.5326 -0.5128
vn 0.4839 0.5954 -0.6414
vn 0.6029 0.7076 -0.3685
vn 0.7030 0.6535 -0.2805
vn 0.8953 0.1035 -0.4332
vn 0.0400 -0.0850 -0.9956
vn -0.1185 0.3796 -0.9175
vn 0.4034 0.8715 0.2787
vn 0.6903 0.5278 0.4948
vn -0.4034 -0.8715 -0.2787
vn -0.6903 -0.5278 -0.4948
vn -0.8953 -0.1035 0.4332
vn -0.0400 0.0850 0.9956
vn 0.1185 -0.3796 0.9175
vn -0.6029 -0.7076 0.3685
vn -0.7030 -0.6535 0.2805
vn -0.6733 -0.5326 0.5128
vn -0.5137 -0.4751 0.7144
vn -0.4839 -0.5954 0.6414
vn 0.3596 0.9284 -0.0936
vn 0.5906 0.8015 -0.0942
vn 0.4209 0.9064 0.0346
vn 0.6729 0.7304 0.1169
vn 0.7602 0.6486 0.0373
vn 0.5935 0.5975 -0.5392
vn -0.3892 0.8630 -0.3221
vn -0.2647 0.9525 0.1508
vn 0.8399 0.1810 0.5117
vn 0.9870 -0.0982 0.1276
vn -0.8399 -0.1810 -0.5117
vn -0.9870 0.0982 -0.1276
vn -0.5935 -0.5975 0.5392
vn 0.3892 -0.8630 0.3221
vn 0.2647 -0.9525 -0.1508
vn -0.6729 -0.7304 -0.1169
vn -0.7602 -0.6486 -0.0373
vn -0.5906 -0.8015 0.0942
vn -0.3596 -0.9284 0.0936
vn -0.4209 -0.9064 -0.0346
vn -0.9617 0.2293 -0.1502
vn -0.8593 0.4619 -0.2197
vn -0.9444 0.3256 -0.0449
vn -0.7942 0.6061 -0.0426
vn -0.7229 0.6752 -0.1465
vn -0.6628 0.3603 -0.6565
vn -0.8226 -0.5438 -0.1661
vn -0.9180 -0.3017 0.2575
vn -0.2596 0.9279 0.2676
vn -0.0023 0.9881 -0.1535
vn 0.2596 -0.9279 -0.2676
vn 0.0023 -0.9881 0.1535
vn 0.6628 -0.3603 0.6565
vn 0.8226 0.5438 0.1661
vn 0.9180 0.3017 -0.2575
vn 0.7942 -0.6061 0.0426
vn 0.7229 -0.6752 0.1465
vn 0.8593 -0.4619 0.2197
vn 0.9617 -0.2293 0.1502
vn 0.9444 -0.3256 0.0449
vn 0.1165 -0.8644 -0.4891
vn 0.0127 -0.9634 -0.2679
vn 0.2092 -0.8990 -0.3848
vn 0.1593 -0.9838 -0.0822
vn 0.0371 -0.9993 -0.0080
vn -0.4576 -0.8337 -0.3091
vn 0.0902 -0.2410 -0.9663
vn 0.5146 -0.3973 -0.7598
vn 0.2958 -0.7691 0.5666
vn -0.1823 -0.7042 0.6862
vn -0.2958 0.7691 -0.5666
vn 0.1823 0.7042 -0.6862
vn 0.4576 0.8337 0.3091
vn -0.0902 0.2410 0.9663
vn -0.5146 0.3973 0.7598
vn -0.1593 0.9838 0.0822
vn -0.0371 0.9993 0.0080
vn -0.0127 0.9634 0.2679
vn -0.1165 0.8644 0.4891
vn -0.2092 0.8990 0.3848
vn -0.4865 -0.8716 0.0599
vn -0.6954 -0.7186 0.0111
vn -0.5525 -0.8151 0.1744
vn -0.7805 -0.5941 0.1945
vn -0.8490 -0.5203 0.0919
vn -0.6373 -0.6153 -0.4639
vn 0.2776 -0.9552 -0.1024
vn 0.1090 -0.9249 0.3643
vn -0.8907 0.0438 0.4526
vn -0.9678 0.2517 0.0076
vn 0.8907 -0.0438 -0.4526
vn 0.9678 -0.2517 -0.0076
vn 0.6373 0.6153 0.4639
vn -0.2776 0.9552 0.1024
vn -0.1090 0.9249 -0.3643
vn 0.7805 0.5941 -0.1945
vn 0.8490 0.5203 -0.0919
vn 0.6954 0.7186 -0.0111
vn 0.4865 0.8716 -0.0599
vn 0.5525 0.8151 -0.1744
vn 0.8591 -0.4852 -0.1630
vn 0.7522 -0.6589 0.0039
vn 0.8854 -0.4642 -0.0232
vn 0.7619 -0.6037 0.2347
vn 0.6626 -0.7070 0.2471
vn 0.4093 -0.8701 -0.2745
vn 0.6794 0.0242 -0.7334
vn 0.9311 0.1612 -0.3272
vn 0.3896 -0.4502 0.8034
vn 0.0047 -0.7376 0.6752
vn -0.3896 0.4502 -0.8034
vn -0.0047 0.7376 -0.6752
vn -0.4093 0.8701 0.2745
vn -0.6794 -0.0242 0.7334
vn -0.9311 -0.1612 0.3272
vn -0.7619 0.6037 -0.2347
vn -0.6626 0.7070 -0.2471
vn -0.7522 0.6589 -0.0039
vn -0.8591 0.4852 0.1630
vn -0.8854 0.4642 0.0232
vn 0.9740 0.0410 -0.2227
vn 0.9974 -0.0709 0.0148
vn 0.9853 0.1304 -0.1106
vn 0.9766 0.0734 0.2023
vn 0.9602 -0.0496 0.2749
vn 0.8460 -0.5282 -0.0726
vn 0.5111 0.0687 -0.8568
vn 0.6374 0.4780 -0.6044
vn 0.5992 0.2283 0.7673
vn 0.4636 -0.2424 0.8523
vn -0.5993 -0.2283 -0.7673
vn -0.4636 0.2424 -0.8523
vn -0.8460 0.5282 0.0726
vn -0.5111 -0.0687 0.8568
vn -0.6374 -0.4780 0.6044
vn -0.9766 -0.0734 -0.2023
vn -0.9602 0.0496 -0.2749
vn -0.9974 0.0709 -0.0148
vn -0.9740 -0.0410 0.2227
vn -0.9853 -0.1304 0.1106
vn 0.0108 -0.9860 0.1663
vn -0.2503 -0.9570 0.1466
vn -0.0595 -0.9558 0.2879
vn -0.3618 -0.8692 0.3370
vn -0.4696 -0.8484 0.2443
vn -0.3094 -0.8901 -0.3348
vn 0.6921 -0.7128 -0.1137
vn 0.5895 -0.7166 0.3727
vn -0.7353 -0.3371 0.5880
vn -0.9584 -0.2399 0.1544
vn 0.7353 0.3371 -0.5880
vn 0.9584 0.2399 -0.1544
vn 0.3094 0.8901 0.3348
vn -0.6921 0.7128 0.1137
vn -0.5895 0.7166 -0.3727
vn 0.3618 0.8692 -0.3370
vn 0.4696 0.8484 -0.2443
vn 0.2503 0.9570 -0.1466
vn -0.0108 0.9860 -0.1663
vn 0.0595 0.9558 -0.2879
vn 0.0466 -0.9674 0.2491
vn -0.2115 -0.9333 0.2901
vn 0.0079 -0.9246 0.3808
vn -0.2731 -0.8261 0.4929
vn -0.4002 -0.8107 0.4273
vn -0.3849 -0.9077 -0.1670
vn 0.6411 -0.7380 -0.2105
vn 0.6591 -0.6961 0.2846
vn -0.5727 -0.2642 0.7760
vn -0.8936 -0.2000 0.4018
vn 0.5727 0.2642 -0.7760
vn 0.8936 0.2000 -0.4018
vn 0.3849 0.9077 0.1670
vn -0.6411 0.7380 0.2105
vn -0.6591 0.6961 -0.2846
vn 0.2731 0.8261 -0.4929
vn 0.4002 0.8107 -0.4273
vn 0.2115 0.9333 -0.2901
vn -0.0466 0.9674 -0.2491
vn -0.0079 0.9246 -0.3808
vn 0.5563 0.7361 0.3857
vn 0.6900 0.5338 0.4889
vn 0.5116 0.6886 0.5139
vn 0.5942 0.4300 0.6798
vn 0.6875 0.3249 0.6495
vn 0.9281 0.3592 0.0984
vn 0.1501 0.9567 -0.2495
vn -0.0439 0.9772 0.2078
vn 0.3178 -0.1566 0.9351
vn 0.6007 -0.4559 0.6567
vn -0.3178 0.1566 -0.9351
vn -0.6007 0.4559 -0.6567
vn -0.9281 -0.3592 -0.0984
vn -0.1501 -0.9567 0.2495
vn 0.0439 -0.9772 -0.2078
vn -0.5942 -0.4300 -0.6798
vn -0.6875 -0.3249 -0.6495
vn -0.6900 -0.5338 -0.4889
vn -0.5563 -0.7361 -0.3857
vn -0.5116 -0.6886 -0.5139
vn -0.3018 -0.8634 0.4043
vn -0.5318 -0.7358 0.4193
vn -0.3250 -0.7873 0.5240
vn -0.5549 -0.5796 0.5967
vn -0.6672 -0.5333 0.5199
vn -0.6778 -0.7337 -0.0480
vn 0.3426 -0.9387 -0.0388
vn 0.3664 -0.8182 0.4429
vn -0.6412 0.0919 0.7618
vn -0.9129 0.1952 0.3585
vn 0.6412 -0.0919 -0.7618
vn 0.9129 -0.1952 -0.3585
vn 0.6778 0.7337 0.0480
vn -0.3426 0.9387 0.0388
vn -0.3664 0.8182 -0.4429
vn 0.5549 0.5796 -0.5967
vn 0.6672 0.5333 -0.5199
vn 0.5318 0.7358 -0.4193
vn 0.3018 0.8634 -0.4043
vn 0.3250 0.7873 -0.5240
vn 0.5691 0.0562 -0.8204
vn 0.7568 -0.0229 -0.6532
vn 0.6407 0.1598 -0.7509
vn 0.8481 0.1432 -0.5101
vn 0.8987 0.0300 -0.4375
vn 0.6418 -0.4941 -0.5865
vn -0.1964 -0.0190 -0.9803
vn 0.0149 0.4247 -0.9052
vn 0.9238 0.3522 0.1503
vn 0.9359 -0.1093 0.3348
vn -0.9238 -0.3522 -0.1503
vn -0.9359 0.1093 -0.3348
vn -0.6418 0.4941 0.5865
vn 0.1964 0.0190 0.9803
vn -0.0149 -0.4247 0.9052
vn -0.8481 -0.1432 0.5101
vn -0.8987 -0.0300 0.4375
vn -0.7568 0.0229 0.6532
vn -0.5691 -0.0562 0.8204
vn -0.6407 -0.1598 0.7509
vn 0.3961 0.5957 0.6987
vn 0.3901 0.3742 0.8413
vn 0.2757 0.5709 0.7733
vn 0.1797 0.3128 0.9327
vn 0.2434 0.1854 0.9521
vn 0.7562 0.1160 0.6439
vn 0.5004 0.8652 -0.0318
vn 0.0916 0.9685 0.2315
vn -0.3296 -0.1629 0.9300
vn -0.0243 -0.5445 0.8384
vn 0.3296 0.1629 -0.9300
vn 0.0243 0.5445 -0.8384
vn -0.7562 -0.1160 -0.6439
vn -0.5004 -0.8652 0.0318
vn -0.0916 -0.9685 -0.2315
vn -0.1797 -0.3128 -0.9327
vn -0.2433 -0.1854 -0.9521
vn -0.3901 -0.3742 -0.8413
vn -0.3961 -0.5957 -0.6987
vn -0.2757 -0.5709 -0.7733
vn 0.3602 0.8967 -0.2571
vn 0.5807 0.8002 -0.1497
vn 0.3776 0.9187 -0.1161
vn 0.5921 0.8011 0.0875
vn 0.7012 0.7099 0.0666
vn 0.7279 0.4801 -0.4896
vn -0.2755 0.6898 -0.6696
vn -0.3096 0.9223 -0.2315
vn 0.6303 0.4071 0.6610
vn 0.8956 0.0479 0.4424
vn -0.6303 -0.4071 -0.6610
vn -0.8956 -0.0479 -0.4424
vn -0.7279 -0.4801 0.4896
vn 0.2755 -0.6898 0.6696
vn 0.3096 -0.9223 0.2315
vn -0.5921 -0.8011 -0.0875
vn -0.7012 -0.7099 -0.0666
vn -0.5807 -0.8002 0.1497
vn -0.3602 -0.8967 0.2571
vn -0.3776 -0.9187 0.1161
vn 0.9623 -0.2060 0.1777
vn 0.8581 -0.3734 0.3526
vn 0.9383 -0.1540 0.3096
vn 0.7822 -0.2792 0.5570
vn 0.7141 -0.4050 0.5710
vn 0.6833 -0.7274 0.0631
vn 0.8406 0.1136 -0.5296
vn 0.9119 0.3913 -0.1234
vn 0.2276 -0.1575 0.9609
vn -0.0120 -0.5701 0.8215
vn -0.2276 0.1575 -0.9609
vn 0.0120 0.5701 -0.8215
vn -0.6833 0.7274 -0.0631
vn -0.8406 -0.1136 0.5296
vn -0.9119 -0.3913 0.1234
vn -0.7822 0.2792 -0.5570
vn -0.7141 0.4050 -0.5710
vn -0.8581 0.3734 -0.3526
vn -0.9623 0.2060 -0.1777
vn -0.9383 0.1540 -0.3096
vn 0.7083 -0.0193 0.7057
vn 0.5977 -0.2519 0.7611
vn 0.5998 -0.0177 0.8000
vn 0.3952 -0.2460 0.8851
vn 0.3830 -0.3823 0.8409
vn 0.7533 -0.5299 0.3894
vn 0.8782 0.4652 0.1110
vn 0.6099 0.6125 0.5028
vn -0.2869 -0.3884 0.8757
vn -0.2392 -0.7819 0.5756
vn 0.2869 0.3884 -0.8757
vn 0.2392 0.7819 -0.5756
vn -0.7533 0.5299 -0.3894
vn -0.8782 -0.4652 -0.1110
vn -0.6099 -0.6125 -0.5028
vn -0.3952 0.2460 -0.8851
vn -0.3830 0.3823 -0.8409
vn -0.5977 0.2519 -0.7611
vn -0.7083 0.0193 -0.7057
vn -0.5998 0.0177 -0.8000
vn 0.8790 0.3186 -0.3549
vn 0.9703 0.1173 -0.2113
vn 0.9120 0.3474 -0.2180
vn 0.9879 0.1536 0.0227
vn 0.9996 0.0104 0.0278
vn 0.8351 -0.2690 -0.4799
vn 0.2683 0.5455 -0.7940
vn 0.4251 0.8102 -0.4035
vn 0.7576 -0.0394 0.6515
vn 0.6826 -0.5130 0.5204
vn -0.7576 0.0394 -0.6515
vn -0.6826 0.5130 -0.5204
vn -0.8351 0.2690 0.4799
vn -0.2683 -0.5455 0.7940
vn -0.4251 -0.8102 0.4035
vn -0.9879 -0.1536 -0.0227
vn -0.9996 -0.0104 -0.0278
vn -0.9703 -0.1173 0.2113
vn -0.8790 -0.3186 0.3549
vn -0.9120 -0.3474 0.2180
vn 0.7444 0.4843 -0.4597
vn 0.8922 0.3446 -0.2921
vn 0.7704 0.5445 -0.3318
vn 0.9029 0.4243 -0.0687
vn 0.9552 0.2932 -0.0414
vn 0.8681 -0.1047 -0.4852
vn 0.0864 0.4523 -0.8877
vn 0.1681 0.8138 -0.5563
vn 0.7492 0.2869 0.5970
vn 0.8103 -0.2042 0.5492
vn -0.7492 -0.2869 -0.5970
vn -0.8103 0.2042 -0.5492
vn -0.8681 0.1047 0.4852
vn -0.0864 -0.4523 0.8877
vn -0.1681 -0.8138 0.5563
vn -0.9029 -0.4243 0.0687
vn -0.9552 -0.2932 0.0414
vn -0.8922 -0.3446 0.2921
vn -0.7444 -0.4843 0.4597
vn -0.7704 -0.5445 0.3318
vn 0.5713 0.6438 -0.5091
vn 0.7195 0.4290 -0.5461
vn 0.6717 0.6173 -0.4096
vn 0.8575 0.3630 -0.3645
vn 0.8668 0.2395 -0.4374
vn 0.4549 0.1779 -0.8726
vn -0.1733 0.8833 -0.4356
vn 0.1705 0.9812 -0.0901
vn 0.9852 -0.1335 0.1074
vn 0.8417 -0.5056 -0.1895
vn -0.9852 0.1335 -0.1074
vn -0.8417 0.5056 0.1895
vn -0.4549 -0.1778 0.8726
vn 0.1733 -0.8833 0.4356
vn -0.1705 -0.9812 0.0901
vn -0.8575 -0.3630 0.3645
vn -0.8668 -0.2395 0.4374
vn -0.7195 -0.4290 0.5461
vn -0.5713 -0.6438 0.5091
vn -0.6717 -0.6173 0.4096
vn 0.6961 -0.2517 0.6724
vn 0.5125 -0.4260 0.7456
vn 0.6017 -0.2074 0.7713
vn 0.3341 -0.3424 0.8782
vn 0.2707 -0.4663 0.8422
vn 0.5334 -0.7542 0.3830
vn 0.9922 0.1166 0.0448
vn 0.8206 0.3651 0.4397
vn -0.3524 -0.2266 0.9080
vn -0.4693 -0.6206 0.6282
vn 0.3524 0.2266 -0.9080
vn 0.4693 0.6206 -0.6282
vn -0.5334 0.7542 -0.3830
vn -0.9922 -0.1166 -0.0448
vn -0.8206 -0.3651 -0.4397
vn -0.3341 0.3424 -0.8782
vn -0.2707 0.4663 -0.8422
vn -0.5125 0.4260 -0.7456
vn -0.6961 0.2517 -0.6724
vn -0.6017 0.2074 -0.7713
vn 0.9596 0.0531 0.2764
vn 0.8944 -0.1594 0.4180
vn 0.9093 0.0775 0.4089
vn 0.7756 -0.1198 0.6197
vn 0.7470 -0.2604 0.6117
vn 0.8600 -0.5050 0.0729
vn 0.8134 0.4194 -0.4030
vn 0.7615 0.6472 0.0358
vn 0.1754 -0.2174 0.9602
vn 0.0833 -0.6577 0.7486
vn -0.1754 0.2174 -0.9602
vn -0.0833 0.6577 -0.7486
vn -0.8600 0.5050 -0.0729
vn -0.8134 -0.4194 0.4030
vn -0.7615 -0.6472 -0.0358
vn -0.7756 0.1198 -0.6197
vn -0.7470 0.2604 -0.6117
vn -0.8944 0.1594 -0.4180
vn -0.9596 -0.0531 -0.2764
vn -0.9093 -0.0775 -0.4089
vn 0.9826 -0.1104 0.1493
vn 0.9207 -0.3661 0.1348
vn 0.9462 -0.1745 0.2727
vn 0.8234 -0.4626 0.3287
vn 0.7874 -0.5685 0.2384
vn 0.8377 -0.4239 -0.3442
vn 0.7915 0.5953 -0.1383
vn 0.7918 0.5007 0.3498
vn 0.2536 -0.7624 0.5954
vn 0.1209 -0.9784 0.1677
vn -0.2536 0.7624 -0.5954
vn -0.1209 0.9784 -0.1677
vn -0.8377 0.4239 0.3442
vn -0.7915 -0.5953 0.1383
vn -0.7918 -0.5007 -0.3498
vn -0.8234 0.4626 -0.3287
vn -0.7874 0.5685 -0.2384
vn -0.9207 0.3661 -0.1348
vn -0.9826 0.1104 -0.1493
vn -0.9462 0.1745 -0.2727
vn 0.9874 -0.1078 -0.1157
vn 0.9342 -0.3545 -0.0395
vn 0.9907 -0.1332 0.0258
vn 0.9010 -0.3885 0.1931
vn 0.8447 -0.5137 0.1504
vn 0.7187 -0.5399 -0.4381
vn 0.6934 0.4972 -0.5215
vn 0.8385 0.5428 -0.0481
vn 0.4450 -0.5763 0.6855
vn 0.2031 -0.8970 0.3926
vn -0.4450 0.5763 -0.6855
vn -0.2031 0.8970 -0.3926
vn -0.7187 0.5399 0.4381
vn -0.6934 -0.4972 0.5215
vn -0.8385 -0.5428 0.0481
vn -0.9010 0.3885 -0.1931
vn -0.8447 0.5137 -0.1504
vn -0.9342 0.3545 0.0395
vn -0.9874 0.1078 0.1157
vn -0.9907 0.1332 -0.0258
vn 0.4437 0.8901 -0.1043
vn 0.6528 0.7402 -0.1613
vn 0.5261 0.8504 0.0066
vn 0.7662 0.6422 0.0229
vn 0.8254 0.5591 -0.0784
vn 0.5424 0.5778 -0.6098
vn -0.3379 0.9246 -0.1761
vn -0.1119 0.9576 0.2655
vn 0.9405 0.0450 0.3369
vn 0.9733 -0.2124 -0.0871
vn -0.9405 -0.0450 -0.3369
vn -0.9733 0.2124 0.0871
vn -0.5424 -0.5778 0.6098
vn 0.3379 -0.9246 0.1761
vn 0.1119 -0.9576 -0.2655
vn -0.7662 -0.6422 -0.0229
vn -0.8254 -0.5591 0.0784
vn -0.6528 -0.7402 0.1613
vn -0.4437 -0.8901 0.1043
vn -0.5261 -0.8504 -0.0066
vn 0.5558 0.4136 0.7212
vn 0.4851 0.1961 0.8522
vn 0.4336 0.4211 0.7966
vn 0.2662 0.1943 0.9441
vn 0.2896 0.0529 0.9557
vn 0.7585 -0.1470 0.6349
vn 0.7330 0.6802 0.0038
vn 0.3734 0.8845 0.2796
vn -0.3606 -0.1097 0.9263
vn -0.1814 -0.5585 0.8094
vn 0.3606 0.1097 -0.9263
vn 0.1814 0.5585 -0.8094
vn -0.7585 0.1470 -0.6349
vn -0.7330 -0.6802 -0.0038
vn -0.3734 -0.8845 -0.2796
vn -0.2662 -0.1943 -0.9441
vn -0.2896 -0.0529 -0.9557
vn -0.4851 -0.1961 -0.8522
vn -0.5558 -0.4136 -0.7212
vn -0.4336 -0.4211 -0.7966
vn 0.8723 -0.4032 -0.2768
vn 0.7325 -0.6264 -0.2665
vn 0.8693 -0.4710 -0.1501
vn 0.6946 -0.7176 -0.0506
vn 0.5945 -0.7953 -0.1186
vn 0.4537 -0.5906 -0.6673
vn 0.8163 0.3608 -0.4512
vn 0.9792 0.2025 -0.0090
vn 0.2135 -0.8786 0.4272
vn -0.1378 -0.9862 0.0923
vn -0.2135 0.8786 -0.4272
vn 0.1378 0.9862 -0.0923
vn -0.4537 0.5906 0.6673
vn -0.8163 -0.3608 0.4512
vn -0.9792 -0.2025 0.0090
vn -0.6946 0.7176 0.0506
vn -0.5945 0.7953 0.1186
vn -0.7325 0.6264 0.2665
vn -0.8723 0.4032 0.2768
vn -0.8693 0.4710 0.1501
vt 1.000000 0.500000
vt 1.000000 1.000000
vt 0.900000 1.000000
vt 0.900000 0.500000
vt 0.800000 1.000000
vt 0.800000 0.500000
vt 0.700000 1.000000
vt 0.700000 0.500000
vt 0.600000 1.000000
vt 0.600000 0.500000
vt 0.500000 1.000000
vt 0.500000 0.500000
vt 0.400000 1.000000
vt 0.400000 0.500000
vt 0.300000 1.000000
vt 0.300000 0.500000
vt 0.200000 1.000000
vt 0.200000 0.500000
vt 0.391068 0.444164
vt 0.250000 0.490000
vt 0.108932 0.444164
vt 0.021746 0.324164
vt 0.021746 0.175836
vt 0.108932 0.055836
vt 0.250000 0.010000
vt 0.391068 0.055836
vt 0.478254 0.175836
vt 0.478254 0.324164
vt 0.100000 1.000000
vt 0.100000 0.500000
vt -0.000000 1.000000
vt -0.000000 0.500000
vt 0.750000 0.490000
vt 0.891068 0.444164
vt 0.978254 0.324164
vt 0.978254 0.175836
vt 0.891068 0.055836
vt 0.750000 0.010000
vt 0.608932 0.055836
vt 0.521746 0.175836
vt 0.521746 0.324164
vt 0.608932 0.444164
vt 0.800000 1.000000
vt 0.800000 0.500000
vt 0.600000 1.000000
vt 0.600000 0.500000
vt 0.400000 1.000000
vt 0.400000 0.500000
vt 0.200000 1.000000
vt 0.200000 0.500000
vt 0.000000 1.000000
vt 0.000000 0.500000
vt 0.181819 0.000000
vt 0.272728 0.157461
vt 0.090910 0.157461
vt 0.363637 0.000000
vt 0.454546 0.157461
vt 0.909091 0.000000
vt 1.000000 0.157461
vt 0.818182 0.157461
vt 0.727273 0.000000
vt 0.636364 0.157461
vt 0.545455 0.000000
vt 0.363637 0.314921
vt 0.181819 0.314921
vt 0.909091 0.314921
vt 0.727273 0.314921
vt 0.545455 0.314921
vt 0.000000 0.314921
vt 0.272728 0.472382
vt 0.090910 0.472382
vt 0.818182 0.472382
vt 0.636364 0.472382
vt 0.454546 0.472382
s 0
usemtl rsc_soil
f 1/1/1 2/2/1 4/3/1 3/4/1
f 3/4/2 4/3/2 6/5/2 5/6/2
f 5/6/3 6/5/3 8/7/3 7/8/3
f 7/8/4 8/7/4 10/9/4 9/10/4
f 9/10/5 10/9/5 12/11/5 11/12/5
f 11/12/6 12/11/6 14/13/6 13/14/6
f 13/14/7 14/13/7 16/15/7 15/16/7
f 15/16/8 16/15/8 18/17/8 17/18/8
f 4/19/9 2/20/9 20/21/9 18/22/9 16/23/9 14/24/9 12/25/9 10/26/9 8/27/9 6/28/9
f 17/18/10 18/17/10 20/29/10 19/30/10
f 19/30/11 20/29/11 2/31/11 1/32/11
f 1/33/12 3/34/12 5/35/12 7/36/12 9/37/12 11/38/12 13/39/12 15/40/12 17/41/12 19/42/12
usemtl rsc_bark
f 21/1/13 22/2/13 24/43/13 23/44/13
f 23/44/14 24/43/14 26/45/14 25/46/14
f 25/46/15 26/45/15 28/47/15 27/48/15
f 24/28/16 22/20/16 30/22/16 28/24/16 26/26/16
f 27/48/17 28/47/17 30/49/17 29/50/17
f 29/50/18 30/49/18 22/51/18 21/52/18
f 21/33/19 23/35/19 25/37/19 27/39/19 29/41/19
f 31/1/20 32/2/20 34/43/20 33/44/20
f 33/44/21 34/43/21 36/45/21 35/46/21
f 35/46/22 36/45/22 38/47/22 37/48/22
f 34/28/23 32/20/23 40/22/23 38/24/23 36/26/23
f 37/48/24 38/47/24 40/49/24 39/50/24
f 39/50/25 40/49/25 32/51/25 31/52/25
f 31/33/26 33/35/26 35/37/26 37/39/26 39/41/26
f 41/1/27 42/2/27 44/43/27 43/44/27
f 43/44/28 44/43/28 46/45/28 45/46/28
f 45/46/29 46/45/29 48/47/29 47/48/29
f 44/28/30 42/20/30 50/22/30 48/24/30 46/26/30
f 47/48/31 48/47/31 50/49/31 49/50/31
f 49/50/32 50/49/32 42/51/32 41/52/32
f 41/33/33 43/35/33 45/37/33 47/39/33 49/41/33
f 51/1/34 52/2/34 54/43/34 53/44/34
f 53/44/35 54/43/35 56/45/35 55/46/35
f 55/46/36 56/45/36 58/47/36 57/48/36
f 54/28/37 52/20/37 60/22/37 58/24/37 56/26/37
f 57/48/38 58/47/38 60/49/38 59/50/38
f 59/50/39 60/49/39 52/51/39 51/52/39
f 51/33/40 53/35/40 55/37/40 57/39/40 59/41/40
f 61/1/41 62/2/41 64/43/41 63/44/41
f 63/44/42 64/43/42 66/45/42 65/46/42
f 65/46/43 66/45/43 68/47/43 67/48/43
f 64/28/44 62/20/44 70/22/44 68/24/44 66/26/44
f 67/48/45 68/47/45 70/49/45 69/50/45
f 69/50/46 70/49/46 62/51/46 61/52/46
f 61/33/47 63/35/47 65/37/47 67/39/47 69/41/47
f 71/1/48 72/2/48 74/43/48 73/44/48
f 73/44/49 74/43/49 76/45/49 75/46/49
f 75/46/50 76/45/50 78/47/50 77/48/50
f 74/28/51 72/20/51 80/22/51 78/24/51 76/26/51
f 77/48/52 78/47/52 80/49/52 79/50/52
f 79/50/53 80/49/53 72/51/53 71/52/53
f 71/33/54 73/35/54 75/37/54 77/39/54 79/41/54
f 81/1/55 82/2/55 84/43/55 83/44/55
f 83/44/56 84/43/56 86/45/56 85/46/56
f 85/46/57 86/45/57 88/47/57 87/48/57
f 84/28/58 82/20/58 90/22/58 88/24/58 86/26/58
f 87/48/59 88/47/59 90/49/59 89/50/59
f 89/50/60 90/49/60 82/51/60 81/52/60
f 81/33/61 83/35/61 85/37/61 87/39/61 89/41/61
f 91/1/62 92/2/62 94/43/62 93/44/62
f 93/44/63 94/43/63 96/45/63 95/46/63
f 95/46/64 96/45/64 98/47/64 97/48/64
f 94/28/65 92/20/65 100/22/65 98/24/65 96/26/65
f 97/48/66 98/47/66 100/49/66 99/50/66
f 99/50/67 100/49/67 92/51/67 91/52/67
f 91/33/68 93/35/68 95/37/68 97/39/68 99/41/68
f 101/1/69 102/2/69 104/43/69 103/44/69
f 103/44/70 104/43/70 106/45/70 105/46/70
f 105/46/71 106/45/71 108/47/71 107/48/71
f 104/28/72 102/20/72 110/22/72 108/24/72 106/26/72
f 107/48/73 108/47/73 110/49/73 109/50/73
f 109/50/74 110/49/74 102/51/74 101/52/74
f 101/33/75 103/35/75 105/37/75 107/39/75 109/41/75
f 111/1/76 112/2/76 114/43/76 113/44/76
f 113/44/77 114/43/77 116/45/77 115/46/77
f 115/46/78 116/45/78 118/47/78 117/48/78
f 114/28/79 112/20/79 120/22/79 118/24/79 116/26/79
f 117/48/80 118/47/80 120/49/80 119/50/80
f 119/50/81 120/49/81 112/51/81 111/52/81
f 111/33/82 113/35/82 115/37/82 117/39/82 119/41/82
f 121/1/83 122/2/83 124/43/83 123/44/83
f 123/44/84 124/43/84 126/45/84 125/46/84
f 125/46/85 126/45/85 128/47/85 127/48/85
f 124/28/86 122/20/86 130/22/86 128/24/86 126/26/86
f 127/48/87 128/47/87 130/49/87 129/50/87
f 129/50/88 130/49/88 122/51/88 121/52/88
f 121/33/89 123/35/89 125/37/89 127/39/89 129/41/89
f 131/1/90 132/2/90 134/43/90 133/44/90
f 133/44/91 134/43/91 136/45/91 135/46/91
f 135/46/92 136/45/92 138/47/92 137/48/92
f 134/28/93 132/20/93 140/22/93 138/24/93 136/26/93
f 137/48/94 138/47/94 140/49/94 139/50/94
f 139/50/95 140/49/95 132/51/95 131/52/95
f 131/33/96 133/35/96 135/37/96 137/39/96 139/41/96
f 141/1/97 142/2/97 144/43/97 143/44/97
f 143/44/98 144/43/98 146/45/98 145/46/98
f 145/46/99 146/45/99 148/47/99 147/48/99
f 144/28/100 142/20/100 150/22/100 148/24/100 146/26/100
f 147/48/101 148/47/101 150/49/101 149/50/101
f 149/50/102 150/49/102 142/51/102 141/52/102
f 141/33/103 143/35/103 145/37/103 147/39/103 149/41/103
f 151/1/104 152/2/104 154/43/104 153/44/104
f 153/44/105 154/43/105 156/45/105 155/46/105
f 155/46/106 156/45/106 158/47/106 157/48/106
f 154/28/107 152/20/107 160/22/107 158/24/107 156/26/107
f 157/48/108 158/47/108 160/49/108 159/50/108
f 159/50/109 160/49/109 152/51/109 151/52/109
f 151/33/110 153/35/110 155/37/110 157/39/110 159/41/110
f 161/1/111 162/2/111 164/43/111 163/44/111
f 163/44/112 164/43/112 166/45/112 165/46/112
f 165/46/113 166/45/113 168/47/113 167/48/113
f 164/28/9 162/20/9 170/22/9 168/24/9 166/26/9
f 167/48/114 168/47/114 170/49/114 169/50/114
f 169/50/115 170/49/115 162/51/115 161/52/115
f 161/33/12 163/35/12 165/37/12 167/39/12 169/41/12
usemtl rsc_leaf_light
f 171/53/116 172/54/116 173/55/116
f 172/54/117 171/56/117 176/57/117
f 171/58/118 173/59/118 174/60/118
f 171/61/119 174/60/119 175/62/119
f 171/63/120 175/62/120 176/57/120
f 172/54/121 176/57/121 181/64/121
f 173/55/122 172/54/122 177/65/122
f 174/60/123 173/59/123 178/66/123
f 175/62/124 174/60/124 179/67/124
f 176/57/125 175/62/125 180/68/125
f 172/54/126 181/64/126 177/65/126
f 173/55/127 177/65/127 178/69/127
f 174/60/128 178/66/128 179/67/128
f 175/62/129 179/67/129 180/68/129
f 176/57/130 180/68/130 181/64/130
f 177/65/131 181/64/131 182/70/131
f 178/69/132 177/65/132 182/71/132
f 179/67/133 178/66/133 182/72/133
f 180/68/134 179/67/134 182/73/134
f 181/64/135 180/68/135 182/74/135
f 219/53/196 220/54/196 221/55/196
f 220/54/197 219/56/197 224/57/197
f 219/58/198 221/59/198 222/60/198
f 219/61/199 222/60/199 223/62/199
f 219/63/200 223/62/200 224/57/200
f 220/54/201 224/57/201 229/64/201
f 221/55/202 220/54/202 225/65/202
f 222/60/203 221/59/203 226/66/203
f 223/62/204 222/60/204 227/67/204
f 224/57/205 223/62/205 228/68/205
f 220/54/206 229/64/206 225/65/206
f 221/55/207 225/65/207 226/69/207
f 222/60/208 226/66/208 227/67/208
f 223/62/209 227/67/209 228/68/209
f 224/57/210 228/68/210 229/64/210
f 225/65/211 229/64/211 230/70/211
f 226/69/212 225/65/212 230/71/212
f 227/67/213 226/66/213 230/72/213
f 228/68/214 227/67/214 230/73/214
f 229/64/215 228/68/215 230/74/215
f 267/53/276 268/54/276 269/55/276
f 268/54/277 267/56/277 272/57/277
f 267/58/278 269/59/278 270/60/278
f 267/61/279 270/60/279 271/62/279
f 267/63/280 271/62/280 272/57/280
f 268/54/281 272/57/281 277/64/281
f 269/55/282 268/54/282 273/65/282
f 270/60/283 269/59/283 274/66/283
f 271/62/284 270/60/284 275/67/284
f 272/57/285 271/62/285 276/68/285
f 268/54/286 277/64/286 273/65/286
f 269/55/287 273/65/287 274/69/287
f 270/60/288 274/66/288 275/67/288
f 271/62/289 275/67/289 276/68/289
f 272/57/290 276/68/290 277/64/290
f 273/65/291 277/64/291 278/70/291
f 274/69/292 273/65/292 278/71/292
f 275/67/293 274/66/293 278/72/293
f 276/68/294 275/67/294 278/73/294
f 277/64/295 276/68/295 278/74/295
f 315/53/356 316/54/356 317/55/356
f 316/54/357 315/56/357 320/57/357
f 315/58/358 317/59/358 318/60/358
f 315/61/359 318/60/359 319/62/359
f 315/63/360 319/62/360 320/57/360
f 316/54/361 320/57/361 325/64/361
f 317/55/362 316/54/362 321/65/362
f 318/60/363 317/59/363 322/66/363
f 319/62/364 318/60/364 323/67/364
f 320/57/365 319/62/365 324/68/365
f 316/54/366 325/64/366 321/65/366
f 317/55/367 321/65/367 322/69/367
f 318/60/368 322/66/368 323/67/368
f 319/62/369 323/67/369 324/68/369
f 320/57/370 324/68/370 325/64/370
f 321/65/371 325/64/371 326/70/371
f 322/69/372 321/65/372 326/71/372
f 323/67/373 322/66/373 326/72/373
f 324/68/374 323/67/374 326/73/374
f 325/64/375 324/68/375 326/74/375
f 339/53/396 340/54/396 341/55/396
f 340/54/397 339/56/397 344/57/397
f 339/58/398 341/59/398 342/60/398
f 339/61/399 342/60/399 343/62/399
f 339/63/400 343/62/400 344/57/400
f 340/54/401 344/57/401 349/64/401
f 341/55/402 340/54/402 345/65/402
f 342/60/403 341/59/403 346/66/403
f 343/62/404 342/60/404 347/67/404
f 344/57/405 343/62/405 348/68/405
f 340/54/406 349/64/406 345/65/406
f 341/55/407 345/65/407 346/69/407
f 342/60/408 346/66/408 347/67/408
f 343/62/409 347/67/409 348/68/409
f 344/57/410 348/68/410 349/64/410
f 345/65/411 349/64/411 350/70/411
f 346/69/412 345/65/412 350/71/412
f 347/67/413 346/66/413 350/72/413
f 348/68/414 347/67/414 350/73/414
f 349/64/415 348/68/415 350/74/415
f 387/53/476 388/54/476 389/55/476
f 388/54/477 387/56/477 392/57/477
f 387/58/478 389/59/478 390/60/478
f 387/61/479 390/60/479 391/62/479
f 387/63/480 391/62/480 392/57/480
f 388/54/481 392/57/481 397/64/481
f 389/55/482 388/54/482 393/65/482
f 390/60/483 389/59/483 394/66/483
f 391/62/484 390/60/484 395/67/484
f 392/57/485 391/62/485 396/68/485
f 388/54/486 397/64/486 393/65/486
f 389/55/487 393/65/487 394/69/487
f 390/60/488 394/66/488 395/67/488
f 391/62/489 395/67/489 396/68/489
f 392/57/490 396/68/490 397/64/490
f 393/65/491 397/64/491 398/70/491
f 394/69/492 393/65/492 398/71/492
f 395/67/493 394/66/493 398/72/493
f 396/68/494 395/67/494 398/73/494
f 397/64/495 396/68/495 398/74/495
f 435/53/556 436/54/556 437/55/556
f 436/54/557 435/56/557 440/57/557
f 435/58/558 437/59/558 438/60/558
f 435/61/559 438/60/559 439/62/559
f 435/63/560 439/62/560 440/57/560
f 436/54/561 440/57/561 445/64/561
f 437/55/562 436/54/562 441/65/562
f 438/60/563 437/59/563 442/66/563
f 439/62/564 438/60/564 443/67/564
f 440/57/565 439/62/565 444/68/565
f 436/54/566 445/64/566 441/65/566
f 437/55/567 441/65/567 442/69/567
f 438/60/568 442/66/568 443/67/568
f 439/62/569 443/67/569 444/68/569
f 440/57/570 444/68/570 445/64/570
f 441/65/571 445/64/571 446/70/571
f 442/69/572 441/65/572 446/71/572
f 443/67/573 442/66/573 446/72/573
f 444/68/574 443/67/574 446/73/574
f 445/64/575 444/68/575 446/74/575
f 483/53/636 484/54/636 485/55/636
f 484/54/637 483/56/637 488/57/637
f 483/58/638 485/59/638 486/60/638
f 483/61/639 486/60/639 487/62/639
f 483/63/640 487/62/640 488/57/640
f 484/54/641 488/57/641 493/64/641
f 485/55/642 484/54/642 489/65/642
f 486/60/643 485/59/643 490/66/643
f 487/62/644 486/60/644 491/67/644
f 488/57/645 487/62/645 492/68/645
f 484/54/646 493/64/646 489/65/646
f 485/55/647 489/65/647 490/69/647
f 486/60/648 490/66/648 491/67/648
f 487/62/649 491/67/649 492/68/649
f 488/57/650 492/68/650 493/64/650
f 489/65/651 493/64/651 494/70/651
f 490/69/652 489/65/652 494/71/652
f 491/67/653 490/66/653 494/72/653
f 492/68/654 491/67/654 494/73/654
f 493/64/655 492/68/655 494/74/655
f 507/53/676 508/54/676 509/55/676
f 508/54/677 507/56/677 512/57/677
f 507/58/678 509/59/678 510/60/678
f 507/61/679 510/60/679 511/62/679
f 507/63/680 511/62/680 512/57/680
f 508/54/681 512/57/681 517/64/681
f 509/55/682 508/54/682 513/65/682
f 510/60/683 509/59/683 514/66/683
f 511/62/684 510/60/684 515/67/684
f 512/57/685 511/62/685 516/68/685
f 508/54/686 517/64/686 513/65/686
f 509/55/687 513/65/687 514/69/687
f 510/60/688 514/66/688 515/67/688
f 511/62/689 515/67/689 516/68/689
f 512/57/690 516/68/690 517/64/690
f 513/65/691 517/64/691 518/70/691
f 514/69/692 513/65/692 518/71/692
f 515/67/693 514/66/693 518/72/693
f 516/68/694 515/67/694 518/73/694
f 517/64/695 516/68/695 518/74/695
f 555/53/756 556/54/756 557/55/756
f 556/54/757 555/56/757 560/57/757
f 555/58/758 557/59/758 558/60/758
f 555/61/759 558/60/759 559/62/759
f 555/63/760 559/62/760 560/57/760
f 556/54/761 560/57/761 565/64/761
f 557/55/762 556/54/762 561/65/762
f 558/60/763 557/59/763 562/66/763
f 559/62/764 558/60/764 563/67/764
f 560/57/765 559/62/765 564/68/765
f 556/54/766 565/64/766 561/65/766
f 557/55/767 561/65/767 562/69/767
f 558/60/768 562/66/768 563/67/768
f 559/62/769 563/67/769 564/68/769
f 560/57/770 564/68/770 565/64/770
f 561/65/771 565/64/771 566/70/771
f 562/69/772 561/65/772 566/71/772
f 563/67/773 562/66/773 566/72/773
f 564/68/774 563/67/774 566/73/774
f 565/64/775 564/68/775 566/74/775
f 603/53/836 604/54/836 605/55/836
f 604/54/837 603/56/837 608/57/837
f 603/58/838 605/59/838 606/60/838
f 603/61/839 606/60/839 607/62/839
f 603/63/840 607/62/840 608/57/840
f 604/54/841 608/57/841 613/64/841
f 605/55/842 604/54/842 609/65/842
f 606/60/843 605/59/843 610/66/843
f 607/62/844 606/60/844 611/67/844
f 608/57/845 607/62/845 612/68/845
f 604/54/846 613/64/846 609/65/846
f 605/55/847 609/65/847 610/69/847
f 606/60/848 610/66/848 611/67/848
f 607/62/849 611/67/849 612/68/849
f 608/57/850 612/68/850 613/64/850
f 609/65/851 613/64/851 614/70/851
f 610/69/852 609/65/852 614/71/852
f 611/67/853 610/66/853 614/72/853
f 612/68/854 611/67/854 614/73/854
f 613/64/855 612/68/855 614/74/855
f 651/53/916 652/54/916 653/55/916
f 652/54/917 651/56/917 656/57/917
f 651/58/918 653/59/918 654/60/918
f 651/61/919 654/60/919 655/62/919
f 651/63/920 655/62/920 656/57/920
f 652/54/921 656/57/921 661/64/921
f 653/55/922 652/54/922 657/65/922
f 654/60/923 653/59/923 658/66/923
f 655/62/924 654/60/924 659/67/924
f 656/57/925 655/62/925 660/68/925
f 652/54/926 661/64/926 657/65/926
f 653/55/927 657/65/927 658/69/927
f 654/60/928 658/66/928 659/67/928
f 655/62/929 659/67/929 660/68/929
f 656/57/930 660/68/930 661/64/930
f 657/65/931 661/64/931 662/70/931
f 658/69/932 657/65/932 662/71/932
f 659/67/933 658/66/933 662/72/933
f 660/68/934 659/67/934 662/73/934
f 661/64/935 660/68/935 662/74/935
f 675/53/956 676/54/956 677/55/956
f 676/54/957 675/56/957 680/57/957
f 675/58/958 677/59/958 678/60/958
f 675/61/959 678/60/959 679/62/959
f 675/63/960 679/62/960 680/57/960
f 676/54/961 680/57/961 685/64/961
f 677/55/962 676/54/962 681/65/962
f 678/60/963 677/59/963 682/66/963
f 679/62/964 678/60/964 683/67/964
f 680/57/965 679/62/965 684/68/965
f 676/54/966 685/64/966 681/65/966
f 677/55/967 681/65/967 682/69/967
f 678/60/968 682/66/968 683/67/968
f 679/62/969 683/67/969 684/68/969
f 680/57/970 684/68/970 685/64/970
f 681/65/971 685/64/971 686/70/971
f 682/69/972 681/65/972 686/71/972
f 683/67/973 682/66/973 686/72/973
f 684/68/974 683/67/974 686/73/974
f 685/64/975 684/68/975 686/74/975
f 723/53/1036 724/54/1036 725/55/1036
f 724/54/1037 723/56/1037 728/57/1037
f 723/58/1038 725/59/1038 726/60/1038
f 723/61/1039 726/60/1039 727/62/1039
f 723/63/1040 727/62/1040 728/57/1040
f 724/54/1041 728/57/1041 733/64/1041
f 725/55/1042 724/54/1042 729/65/1042
f 726/60/1043 725/59/1043 730/66/1043
f 727/62/1044 726/60/1044 731/67/1044
f 728/57/1045 727/62/1045 732/68/1045
f 724/54/1046 733/64/1046 729/65/1046
f 725/55/1047 729/65/1047 730/69/1047
f 726/60/1048 730/66/1048 731/67/1048
f 727/62/1049 731/67/1049 732/68/1049
f 728/57/1050 732/68/1050 733/64/1050
f 729/65/1051 733/64/1051 734/70/1051
f 730/69/1052 729/65/1052 734/71/1052
f 731/67/1053 730/66/1053 734/72/1053
f 732/68/1054 731/67/1054 734/73/1054
f 733/64/1055 732/68/1055 734/74/1055
f 771/53/1116 772/54/1116 773/55/1116
f 772/54/1117 771/56/1117 776/57/1117
f 771/58/1118 773/59/1118 774/60/1118
f 771/61/1119 774/60/1119 775/62/1119
f 771/63/1120 775/62/1120 776/57/1120
f 772/54/1121 776/57/1121 781/64/1121
f 773/55/1122 772/54/1122 777/65/1122
f 774/60/1123 773/59/1123 778/66/1123
f 775/62/1124 774/60/1124 779/67/1124
f 776/57/1125 775/62/1125 780/68/1125
f 772/54/1126 781/64/1126 777/65/1126
f 773/55/1127 777/65/1127 778/69/1127
f 774/60/1128 778/66/1128 779/67/1128
f 775/62/1129 779/67/1129 780/68/1129
f 776/57/1130 780/68/1130 781/64/1130
f 777/65/1131 781/64/1131 782/70/1131
f 778/69/1132 777/65/1132 782/71/1132
f 779/67/1133 778/66/1133 782/72/1133
f 780/68/1134 779/67/1134 782/73/1134
f 781/64/1135 780/68/1135 782/74/1135
f 819/53/1196 820/54/1196 821/55/1196
f 820/54/1197 819/56/1197 824/57/1197
f 819/58/1198 821/59/1198 822/60/1198
f 819/61/1199 822/60/1199 823/62/1199
f 819/63/1200 823/62/1200 824/57/1200
f 820/54/1201 824/57/1201 829/64/1201
f 821/55/1202 820/54/1202 825/65/1202
f 822/60/1203 821/59/1203 826/66/1203
f 823/62/1204 822/60/1204 827/67/1204
f 824/57/1205 823/62/1205 828/68/1205
f 820/54/1206 829/64/1206 825/65/1206
f 821/55/1207 825/65/1207 826/69/1207
f 822/60/1208 826/66/1208 827/67/1208
f 823/62/1209 827/67/1209 828/68/1209
f 824/57/1210 828/68/1210 829/64/1210
f 825/65/1211 829/64/1211 830/70/1211
f 826/69/1212 825/65/1212 830/71/1212
f 827/67/1213 826/66/1213 830/72/1213
f 828/68/1214 827/67/1214 830/73/1214
f 829/64/1215 828/68/1215 830/74/1215
f 843/53/1236 844/54/1236 845/55/1236
f 844/54/1237 843/56/1237 848/57/1237
f 843/58/1238 845/59/1238 846/60/1238
f 843/61/1239 846/60/1239 847/62/1239
f 843/63/1240 847/62/1240 848/57/1240
f 844/54/1241 848/57/1241 853/64/1241
f 845/55/1242 844/54/1242 849/65/1242
f 846/60/1243 845/59/1243 850/66/1243
f 847/62/1244 846/60/1244 851/67/1244
f 848/57/1245 847/62/1245 852/68/1245
f 844/54/1246 853/64/1246 849/65/1246
f 845/55/1247 849/65/1247 850/69/1247
f 846/60/1248 850/66/1248 851/67/1248
f 847/62/1249 851/67/1249 852/68/1249
f 848/57/1250 852/68/1250 853/64/1250
f 849/65/1251 853/64/1251 854/70/1251
f 850/69/1252 849/65/1252 854/71/1252
f 851/67/1253 850/66/1253 854/72/1253
f 852/68/1254 851/67/1254 854/73/1254
f 853/64/1255 852/68/1255 854/74/1255
f 891/53/1316 892/54/1316 893/55/1316
f 892/54/1317 891/56/1317 896/57/1317
f 891/58/1318 893/59/1318 894/60/1318
f 891/61/1319 894/60/1319 895/62/1319
f 891/63/1320 895/62/1320 896/57/1320
f 892/54/1321 896/57/1321 901/64/1321
f 893/55/1322 892/54/1322 897/65/1322
f 894/60/1323 893/59/1323 898/66/1323
f 895/62/1324 894/60/1324 899/67/1324
f 896/57/1325 895/62/1325 900/68/1325
f 892/54/1326 901/64/1326 897/65/1326
f 893/55/1327 897/65/1327 898/69/1327
f 894/60/1328 898/66/1328 899/67/1328
f 895/62/1329 899/67/1329 900/68/1329
f 896/57/1330 900/68/1330 901/64/1330
f 897/65/1331 901/64/1331 902/70/1331
f 898/69/1332 897/65/1332 902/71/1332
f 899/67/1333 898/66/1333 902/72/1333
f 900/68/1334 899/67/1334 902/73/1334
f 901/64/1335 900/68/1335 902/74/1335
f 939/53/1396 940/54/1396 941/55/1396
f 940/54/1397 939/56/1397 944/57/1397
f 939/58/1398 941/59/1398 942/60/1398
f 939/61/1399 942/60/1399 943/62/1399
f 939/63/1400 943/62/1400 944/57/1400
f 940/54/1401 944/57/1401 949/64/1401
f 941/55/1402 940/54/1402 945/65/1402
f 942/60/1403 941/59/1403 946/66/1403
f 943/62/1404 942/60/1404 947/67/1404
f 944/57/1405 943/62/1405 948/68/1405
f 940/54/1406 949/64/1406 945/65/1406
f 941/55/1407 945/65/1407 946/69/1407
f 942/60/1408 946/66/1408 947/67/1408
f 943/62/1409 947/67/1409 948/68/1409
f 944/57/1410 948/68/1410 949/64/1410
f 945/65/1411 949/64/1411 950/70/1411
f 946/69/1412 945/65/1412 950/71/1412
f 947/67/1413 946/66/1413 950/72/1413
f 948/68/1414 947/67/1414 950/73/1414
f 949/64/1415 948/68/1415 950/74/1415
f 987/53/1476 988/54/1476 989/55/1476
f 988/54/1477 987/56/1477 992/57/1477
f 987/58/1478 989/59/1478 990/60/1478
f 987/61/1479 990/60/1479 991/62/1479
f 987/63/1480 991/62/1480 992/57/1480
f 988/54/1481 992/57/1481 997/64/1481
f 989/55/1482 988/54/1482 993/65/1482
f 990/60/1483 989/59/1483 994/66/1483
f 991/62/1484 990/60/1484 995/67/1484
f 992/57/1485 991/62/1485 996/68/1485
f 988/54/1486 997/64/1486 993/65/1486
f 989/55/1487 993/65/1487 994/69/1487
f 990/60/1488 994/66/1488 995/67/1488
f 991/62/1489 995/67/1489 996/68/1489
f 992/57/1490 996/68/1490 997/64/1490
f 993/65/1491 997/64/1491 998/70/1491
f 994/69/1492 993/65/1492 998/71/1492
f 995/67/1493 994/66/1493 998/72/1493
f 996/68/1494 995/67/1494 998/73/1494
f 997/64/1495 996/68/1495 998/74/1495
f 1011/53/1516 1012/54/1516 1013/55/1516
f 1012/54/1517 1011/56/1517 1016/57/1517
f 1011/58/1518 1013/59/1518 1014/60/1518
f 1011/61/1519 1014/60/1519 1015/62/1519
f 1011/63/1520 1015/62/1520 1016/57/1520
f 1012/54/1521 1016/57/1521 1021/64/1521
f 1013/55/1522 1012/54/1522 1017/65/1522
f 1014/60/1523 1013/59/1523 1018/66/1523
f 1015/62/1524 1014/60/1524 1019/67/1524
f 1016/57/1525 1015/62/1525 1020/68/1525
f 1012/54/1526 1021/64/1526 1017/65/1526
f 1013/55/1527 1017/65/1527 1018/69/1527
f 1014/60/1528 1018/66/1528 1019/67/1528
f 1015/62/1529 1019/67/1529 1020/68/1529
f 1016/57/1530 1020/68/1530 1021/64/1530
f 1017/65/1531 1021/64/1531 1022/70/1531
f 1018/69/1532 1017/65/1532 1022/71/1532
f 1019/67/1533 1018/66/1533 1022/72/1533
f 1020/68/1534 1019/67/1534 1022/73/1534
f 1021/64/1535 1020/68/1535 1022/74/1535
f 1059/53/1596 1060/54/1596 1061/55/1596
f 1060/54/1597 1059/56/1597 1064/57/1597
f 1059/58/1598 1061/59/1598 1062/60/1598
f 1059/61/1599 1062/60/1599 1063/62/1599
f 1059/63/1600 1063/62/1600 1064/57/1600
f 1060/54/1601 1064/57/1601 1069/64/1601
f 1061/55/1602 1060/54/1602 1065/65/1602
f 1062/60/1603 1061/59/1603 1066/66/1603
f 1063/62/1604 1062/60/1604 1067/67/1604
f 1064/57/1605 1063/62/1605 1068/68/1605
f 1060/54/1606 1069/64/1606 1065/65/1606
f 1061/55/1607 1065/65/1607 1066/69/1607
f 1062/60/1608 1066/66/1608 1067/67/1608
f 1063/62/1609 1067/67/1609 1068/68/1609
f 1064/57/1610 1068/68/1610 1069/64/1610
f 1065/65/1611 1069/64/1611 1070/70/1611
f 1066/69/1612 1065/65/1612 1070/71/1612
f 1067/67/1613 1066/66/1613 1070/72/1613
f 1068/68/1614 1067/67/1614 1070/73/1614
f 1069/64/1615 1068/68/1615 1070/74/1615
f 1107/53/1676 1108/54/1676 1109/55/1676
f 1108/54/1677 1107/56/1677 1112/57/1677
f 1107/58/1678 1109/59/1678 1110/60/1678
f 1107/61/1679 1110/60/1679 1111/62/1679
f 1107/63/1680 1111/62/1680 1112/57/1680
f 1108/54/1681 1112/57/1681 1117/64/1681
f 1109/55/1682 1108/54/1682 1113/65/1682
f 1110/60/1683 1109/59/1683 1114/66/1683
f 1111/62/1684 1110/60/1684 1115/67/1684
f 1112/57/1685 1111/62/1685 1116/68/1685
f 1108/54/1686 1117/64/1686 1113/65/1686
f 1109/55/1687 1113/65/1687 1114/69/1687
f 1110/60/1688 1114/66/1688 1115/67/1688
f 1111/62/1689 1115/67/1689 1116/68/1689
f 1112/57/1690 1116/68/1690 1117/64/1690
f 1113/65/1691 1117/64/1691 1118/70/1691
f 1114/69/1692 1113/65/1692 1118/71/1692
f 1115/67/1693 1114/66/1693 1118/72/1693
f 1116/68/1694 1115/67/1694 1118/73/1694
f 1117/64/1695 1116/68/1695 1118/74/1695
f 1155/53/1756 1156/54/1756 1157/55/1756
f 1156/54/1757 1155/56/1757 1160/57/1757
f 1155/58/1758 1157/59/1758 1158/60/1758
f 1155/61/1759 1158/60/1759 1159/62/1759
f 1155/63/1760 1159/62/1760 1160/57/1760
f 1156/54/1761 1160/57/1761 1165/64/1761
f 1157/55/1762 1156/54/1762 1161/65/1762
f 1158/60/1763 1157/59/1763 1162/66/1763
f 1159/62/1764 1158/60/1764 1163/67/1764
f 1160/57/1765 1159/62/1765 1164/68/1765
f 1156/54/1766 1165/64/1766 1161/65/1766
f 1157/55/1767 1161/65/1767 1162/69/1767
f 1158/60/1768 1162/66/1768 1163/67/1768
f 1159/62/1769 1163/67/1769 1164/68/1769
f 1160/57/1770 1164/68/1770 1165/64/1770
f 1161/65/1771 1165/64/1771 1166/70/1771
f 1162/69/1772 1161/65/1772 1166/71/1772
f 1163/67/1773 1162/66/1773 1166/72/1773
f 1164/68/1774 1163/67/1774 1166/73/1774
f 1165/64/1775 1164/68/1775 1166/74/1775
f 1179/53/1796 1180/54/1796 1181/55/1796
f 1180/54/1797 1179/56/1797 1184/57/1797
f 1179/58/1798 1181/59/1798 1182/60/1798
f 1179/61/1799 1182/60/1799 1183/62/1799
f 1179/63/1800 1183/62/1800 1184/57/1800
f 1180/54/1801 1184/57/1801 1189/64/1801
f 1181/55/1802 1180/54/1802 1185/65/1802
f 1182/60/1803 1181/59/1803 1186/66/1803
f 1183/62/1804 1182/60/1804 1187/67/1804
f 1184/57/1805 1183/62/1805 1188/68/1805
f 1180/54/1806 1189/64/1806 1185/65/1806
f 1181/55/1807 1185/65/1807 1186/69/1807
f 1182/60/1808 1186/66/1808 1187/67/1808
f 1183/62/1809 1187/67/1809 1188/68/1809
f 1184/57/1810 1188/68/1810 1189/64/1810
f 1185/65/1811 1189/64/1811 1190/70/1811
f 1186/69/1812 1185/65/1812 1190/71/1812
f 1187/67/1813 1186/66/1813 1190/72/1813
f 1188/68/1814 1187/67/1814 1190/73/1814
f 1189/64/1815 1188/68/1815 1190/74/1815
f 1227/53/1876 1228/54/1876 1229/55/1876
f 1228/54/1877 1227/56/1877 1232/57/1877
f 1227/58/1878 1229/59/1878 1230/60/1878
f 1227/61/1879 1230/60/1879 1231/62/1879
f 1227/63/1880 1231/62/1880 1232/57/1880
f 1228/54/1881 1232/57/1881 1237/64/1881
f 1229/55/1882 1228/54/1882 1233/65/1882
f 1230/60/1883 1229/59/1883 1234/66/1883
f 1231/62/1884 1230/60/1884 1235/67/1884
f 1232/57/1885 1231/62/1885 1236/68/1885
f 1228/54/1886 1237/64/1886 1233/65/1886
f 1229/55/1887 1233/65/1887 1234/69/1887
f 1230/60/1888 1234/66/1888 1235/67/1888
f 1231/62/1889 1235/67/1889 1236/68/1889
f 1232/57/1890 1236/68/1890 1237/64/1890
f 1233/65/1891 1237/64/1891 1238/70/1891
f 1234/69/1892 1233/65/1892 1238/71/1892
f 1235/67/1893 1234/66/1893 1238/72/1893
f 1236/68/1894 1235/67/1894 1238/73/1894
f 1237/64/1895 1236/68/1895 1238/74/1895
f 1275/53/1956 1276/54/1956 1277/55/1956
f 1276/54/1957 1275/56/1957 1280/57/1957
f 1275/58/1958 1277/59/1958 1278/60/1958
f 1275/61/1959 1278/60/1959 1279/62/1959
f 1275/63/1960 1279/62/1960 1280/57/1960
f 1276/54/1961 1280/57/1961 1285/64/1961
f 1277/55/1962 1276/54/1962 1281/65/1962
f 1278/60/1963 1277/59/1963 1282/66/1963
f 1279/62/1964 1278/60/1964 1283/67/1964
f 1280/57/1965 1279/62/1965 1284/68/1965
f 1276/54/1966 1285/64/1966 1281/65/1966
f 1277/55/1967 1281/65/1967 1282/69/1967
f 1278/60/1968 1282/66/1968 1283/67/1968
f 1279/62/1969 1283/67/1969 1284/68/1969
f 1280/57/1970 1284/68/1970 1285/64/1970
f 1281/65/1971 1285/64/1971 1286/70/1971
f 1282/69/1972 1281/65/1972 1286/71/1972
f 1283/67/1973 1282/66/1973 1286/72/1973
f 1284/68/1974 1283/67/1974 1286/73/1974
f 1285/64/1975 1284/68/1975 1286/74/1975
f 1323/53/2036 1324/54/2036 1325/55/2036
f 1324/54/2037 1323/56/2037 1328/57/2037
f 1323/58/2038 1325/59/2038 1326/60/2038
f 1323/61/2039 1326/60/2039 1327/62/2039
f 1323/63/2040 1327/62/2040 1328/57/2040
f 1324/54/2041 1328/57/2041 1333/64/2041
f 1325/55/2042 1324/54/2042 1329/65/2042
f 1326/60/2043 1325/59/2043 1330/66/2043
f 1327/62/2044 1326/60/2044 1331/67/2044
f 1328/57/2045 1327/62/2045 1332/68/2045
f 1324/54/2046 1333/64/2046 1329/65/2046
f 1325/55/2047 1329/65/2047 1330/69/2047
f 1326/60/2048 1330/66/2048 1331/67/2048
f 1327/62/2049 1331/67/2049 1332/68/2049
f 1328/57/2050 1332/68/2050 1333/64/2050
f 1329/65/2051 1333/64/2051 1334/70/2051
f 1330/69/2052 1329/65/2052 1334/71/2052
f 1331/67/2053 1330/66/2053 1334/72/2053
f 1332/68/2054 1331/67/2054 1334/73/2054
f 1333/64/2055 1332/68/2055 1334/74/2055
f 1347/53/2076 1348/54/2076 1349/55/2076
f 1348/54/2077 1347/56/2077 1352/57/2077
f 1347/58/2078 1349/59/2078 1350/60/2078
f 1347/61/2079 1350/60/2079 1351/62/2079
f 1347/63/2080 1351/62/2080 1352/57/2080
f 1348/54/2081 1352/57/2081 1357/64/2081
f 1349/55/2082 1348/54/2082 1353/65/2082
f 1350/60/2083 1349/59/2083 1354/66/2083
f 1351/62/2084 1350/60/2084 1355/67/2084
f 1352/57/2085 1351/62/2085 1356/68/2085
f 1348/54/2086 1357/64/2086 1353/65/2086
f 1349/55/2087 1353/65/2087 1354/69/2087
f 1350/60/2088 1354/66/2088 1355/67/2088
f 1351/62/2089 1355/67/2089 1356/68/2089
f 1352/57/2090 1356/68/2090 1357/64/2090
f 1353/65/2091 1357/64/2091 1358/70/2091
f 1354/69/2092 1353/65/2092 1358/71/2092
f 1355/67/2093 1354/66/2093 1358/72/2093
f 1356/68/2094 1355/67/2094 1358/73/2094
f 1357/64/2095 1356/68/2095 1358/74/2095
f 1395/53/2156 1396/54/2156 1397/55/2156
f 1396/54/2157 1395/56/2157 1400/57/2157
f 1395/58/2158 1397/59/2158 1398/60/2158
f 1395/61/2159 1398/60/2159 1399/62/2159
f 1395/63/2160 1399/62/2160 1400/57/2160
f 1396/54/2161 1400/57/2161 1405/64/2161
f 1397/55/2162 1396/54/2162 1401/65/2162
f 1398/60/2163 1397/59/2163 1402/66/2163
f 1399/62/2164 1398/60/2164 1403/67/2164
f 1400/57/2165 1399/62/2165 1404/68/2165
f 1396/54/2166 1405/64/2166 1401/65/2166
f 1397/55/2167 1401/65/2167 1402/69/2167
f 1398/60/2168 1402/66/2168 1403/67/2168
f 1399/62/2169 1403/67/2169 1404/68/2169
f 1400/57/2170 1404/68/2170 1405/64/2170
f 1401/65/2171 1405/64/2171 1406/70/2171
f 1402/69/2172 1401/65/2172 1406/71/2172
f 1403/67/2173 1402/66/2173 1406/72/2173
f 1404/68/2174 1403/67/2174 1406/73/2174
f 1405/64/2175 1404/68/2175 1406/74/2175
f 1443/53/2236 1444/54/2236 1445/55/2236
f 1444/54/2237 1443/56/2237 1448/57/2237
f 1443/58/2238 1445/59/2238 1446/60/2238
f 1443/61/2239 1446/60/2239 1447/62/2239
f 1443/63/2240 1447/62/2240 1448/57/2240
f 1444/54/2241 1448/57/2241 1453/64/2241
f 1445/55/2242 1444/54/2242 1449/65/2242
f 1446/60/2243 1445/59/2243 1450/66/2243
f 1447/62/2244 1446/60/2244 1451/67/2244
f 1448/57/2245 1447/62/2245 1452/68/2245
f 1444/54/2246 1453/64/2246 1449/65/2246
f 1445/55/2247 1449/65/2247 1450/69/2247
f 1446/60/2248 1450/66/2248 1451/67/2248
f 1447/62/2249 1451/67/2249 1452/68/2249
f 1448/57/2250 1452/68/2250 1453/64/2250
f 1449/65/2251 1453/64/2251 1454/70/2251
f 1450/69/2252 1449/65/2252 1454/71/2252
f 1451/67/2253 1450/66/2253 1454/72/2253
f 1452/68/2254 1451/67/2254 1454/73/2254
f 1453/64/2255 1452/68/2255 1454/74/2255
f 1491/53/2316 1492/54/2316 1493/55/2316
f 1492/54/2317 1491/56/2317 1496/57/2317
f 1491/58/2318 1493/59/2318 1494/60/2318
f 1491/61/2319 1494/60/2319 1495/62/2319
f 1491/63/2320 1495/62/2320 1496/57/2320
f 1492/54/2321 1496/57/2321 1501/64/2321
f 1493/55/2322 1492/54/2322 1497/65/2322
f 1494/60/2323 1493/59/2323 1498/66/2323
f 1495/62/2324 1494/60/2324 1499/67/2324
f 1496/57/2325 1495/62/2325 1500/68/2325
f 1492/54/2326 1501/64/2326 1497/65/2326
f 1493/55/2327 1497/65/2327 1498/69/2327
f 1494/60/2328 1498/66/2328 1499/67/2328
f 1495/62/2329 1499/67/2329 1500/68/2329
f 1496/57/2330 1500/68/2330 1501/64/2330
f 1497/65/2331 1501/64/2331 1502/70/2331
f 1498/69/2332 1497/65/2332 1502/71/2332
f 1499/67/2333 1498/66/2333 1502/72/2333
f 1500/68/2334 1499/67/2334 1502/73/2334
f 1501/64/2335 1500/68/2335 1502/74/2335
f 1515/53/2356 1516/54/2356 1517/55/2356
f 1516/54/2357 1515/56/2357 1520/57/2357
f 1515/58/2358 1517/59/2358 1518/60/2358
f 1515/61/2359 1518/60/2359 1519/62/2359
f 1515/63/2360 1519/62/2360 1520/57/2360
f 1516/54/2361 1520/57/2361 1525/64/2361
f 1517/55/2362 1516/54/2362 1521/65/2362
f 1518/60/2363 1517/59/2363 1522/66/2363
f 1519/62/2364 1518/60/2364 1523/67/2364
f 1520/57/2365 1519/62/2365 1524/68/2365
f 1516/54/2366 1525/64/2366 1521/65/2366
f 1517/55/2367 1521/65/2367 1522/69/2367
f 1518/60/2368 1522/66/2368 1523/67/2368
f 1519/62/2369 1523/67/2369 1524/68/2369
f 1520/57/2370 1524/68/2370 1525/64/2370
f 1521/65/2371 1525/64/2371 1526/70/2371
f 1522/69/2372 1521/65/2372 1526/71/2372
f 1523/67/2373 1522/66/2373 1526/72/2373
f 1524/68/2374 1523/67/2374 1526/73/2374
f 1525/64/2375 1524/68/2375 1526/74/2375
f 1563/53/2436 1564/54/2436 1565/55/2436
f 1564/54/2437 1563/56/2437 1568/57/2437
f 1563/58/2438 1565/59/2438 1566/60/2438
f 1563/61/2439 1566/60/2439 1567/62/2439
f 1563/63/2440 1567/62/2440 1568/57/2440
f 1564/54/2441 1568/57/2441 1573/64/2441
f 1565/55/2442 1564/54/2442 1569/65/2442
f 1566/60/2443 1565/59/2443 1570/66/2443
f 1567/62/2444 1566/60/2444 1571/67/2444
f 1568/57/2445 1567/62/2445 1572/68/2445
f 1564/54/2446 1573/64/2446 1569/65/2446
f 1565/55/2447 1569/65/2447 1570/69/2447
f 1566/60/2448 1570/66/2448 1571/67/2448
f 1567/62/2449 1571/67/2449 1572/68/2449
f 1568/57/2450 1572/68/2450 1573/64/2450
f 1569/65/2451 1573/64/2451 1574/70/2451
f 1570/69/2452 1569/65/2452 1574/71/2452
f 1571/67/2453 1570/66/2453 1574/72/2453
f 1572/68/2454 1571/67/2454 1574/73/2454
f 1573/64/2455 1572/68/2455 1574/74/2455
f 1611/53/2516 1612/54/2516 1613/55/2516
f 1612/54/2517 1611/56/2517 1616/57/2517
f 1611/58/2518 1613/59/2518 1614/60/2518
f 1611/61/2519 1614/60/2519 1615/62/2519
f 1611/63/2520 1615/62/2520 1616/57/2520
f 1612/54/2521 1616/57/2521 1621/64/2521
f 1613/55/2522 1612/54/2522 1617/65/2522
f 1614/60/2523 1613/59/2523 1618/66/2523
f 1615/62/2524 1614/60/2524 1619/67/2524
f 1616/57/2525 1615/62/2525 1620/68/2525
f 1612/54/2526 1621/64/2526 1617/65/2526
f 1613/55/2527 1617/65/2527 1618/69/2527
f 1614/60/2528 1618/66/2528 1619/67/2528
f 1615/62/2529 1619/67/2529 1620/68/2529
f 1616/57/2530 1620/68/2530 1621/64/2530
f 1617/65/2531 1621/64/2531 1622/70/2531
f 1618/69/2532 1617/65/2532 1622/71/2532
f 1619/67/2533 1618/66/2533 1622/72/2533
f 1620/68/2534 1619/67/2534 1622/73/2534
f 1621/64/2535 1620/68/2535 1622/74/2535
f 1659/53/2596 1660/54/2596 1661/55/2596
f 1660/54/2597 1659/56/2597 1664/57/2597
f 1659/58/2598 1661/59/2598 1662/60/2598
f 1659/61/2599 1662/60/2599 1663/62/2599
f 1659/63/2600 1663/62/2600 1664/57/2600
f 1660/54/2601 1664/57/2601 1669/64/2601
f 1661/55/2602 1660/54/2602 1665/65/2602
f 1662/60/2603 1661/59/2603 1666/66/2603
f 1663/62/2604 1662/60/2604 1667/67/2604
f 1664/57/2605 1663/62/2605 1668/68/2605
f 1660/54/2606 1669/64/2606 1665/65/2606
f 1661/55/2607 1665/65/2607 1666/69/2607
f 1662/60/2608 1666/66/2608 1667/67/2608
f 1663/62/2609 1667/67/2609 1668/68/2609
f 1664/57/2610 1668/68/2610 1669/64/2610
f 1665/65/2611 1669/64/2611 1670/70/2611
f 1666/69/2612 1665/65/2612 1670/71/2612
f 1667/67/2613 1666/66/2613 1670/72/2613
f 1668/68/2614 1667/67/2614 1670/73/2614
f 1669/64/2615 1668/68/2615 1670/74/2615
f 1683/53/2636 1684/54/2636 1685/55/2636
f 1684/54/2637 1683/56/2637 1688/57/2637
f 1683/58/2638 1685/59/2638 1686/60/2638
f 1683/61/2639 1686/60/2639 1687/62/2639
f 1683/63/2640 1687/62/2640 1688/57/2640
f 1684/54/2641 1688/57/2641 1693/64/2641
f 1685/55/2642 1684/54/2642 1689/65/2642
f 1686/60/2643 1685/59/2643 1690/66/2643
f 1687/62/2644 1686/60/2644 1691/67/2644
f 1688/57/2645 1687/62/2645 1692/68/2645
f 1684/54/2646 1693/64/2646 1689/65/2646
f 1685/55/2647 1689/65/2647 1690/69/2647
f 1686/60/2648 1690/66/2648 1691/67/2648
f 1687/62/2649 1691/67/2649 1692/68/2649
f 1688/57/2650 1692/68/2650 1693/64/2650
f 1689/65/2651 1693/64/2651 1694/70/2651
f 1690/69/2652 1689/65/2652 1694/71/2652
f 1691/67/2653 1690/66/2653 1694/72/2653
f 1692/68/2654 1691/67/2654 1694/73/2654
f 1693/64/2655 1692/68/2655 1694/74/2655
f 1731/53/2716 1732/54/2716 1733/55/2716
f 1732/54/2717 1731/56/2717 1736/57/2717
f 1731/58/2718 1733/59/2718 1734/60/2718
f 1731/61/2719 1734/60/2719 1735/62/2719
f 1731/63/2720 1735/62/2720 1736/57/2720
f 1732/54/2721 1736/57/2721 1741/64/2721
f 1733/55/2722 1732/54/2722 1737/65/2722
f 1734/60/2723 1733/59/2723 1738/66/2723
f 1735/62/2724 1734/60/2724 1739/67/2724
f 1736/57/2725 1735/62/2725 1740/68/2725
f 1732/54/2726 1741/64/2726 1737/65/2726
f 1733/55/2727 1737/65/2727 1738/69/2727
f 1734/60/2728 1738/66/2728 1739/67/2728
f 1735/62/2729 1739/67/2729 1740/68/2729
f 1736/57/2730 1740/68/2730 1741/64/2730
f 1737/65/2731 1741/64/2731 1742/70/2731
f 1738/69/2732 1737/65/2732 1742/71/2732
f 1739/67/2733 1738/66/2733 1742/72/2733
f 1740/68/2734 1739/67/2734 1742/73/2734
f 1741/64/2735 1740/68/2735 1742/74/2735
f 1779/53/2796 1780/54/2796 1781/55/2796
f 1780/54/2797 1779/56/2797 1784/57/2797
f 1779/58/2798 1781/59/2798 1782/60/2798
f 1779/61/2799 1782/60/2799 1783/62/2799
f 1779/63/2800 1783/62/2800 1784/57/2800
f 1780/54/2801 1784/57/2801 1789/64/2801
f 1781/55/2802 1780/54/2802 1785/65/2802
f 1782/60/2803 1781/59/2803 1786/66/2803
f 1783/62/2804 1782/60/2804 1787/67/2804
f 1784/57/2805 1783/62/2805 1788/68/2805
f 1780/54/2806 1789/64/2806 1785/65/2806
f 1781/55/2807 1785/65/2807 1786/69/2807
f 1782/60/2808 1786/66/2808 1787/67/2808
f 1783/62/2809 1787/67/2809 1788/68/2809
f 1784/57/2810 1788/68/2810 1789/64/2810
f 1785/65/2811 1789/64/2811 1790/70/2811
f 1786/69/2812 1785/65/2812 1790/71/2812
f 1787/67/2813 1786/66/2813 1790/72/2813
f 1788/68/2814 1787/67/2814 1790/73/2814
f 1789/64/2815 1788/68/2815 1790/74/2815
f 1827/53/2876 1828/54/2876 1829/55/2876
f 1828/54/2877 1827/56/2877 1832/57/2877
f 1827/58/2878 1829/59/2878 1830/60/2878
f 1827/61/2879 1830/60/2879 1831/62/2879
f 1827/63/2880 1831/62/2880 1832/57/2880
f 1828/54/2881 1832/57/2881 1837/64/2881
f 1829/55/2882 1828/54/2882 1833/65/2882
f 1830/60/2883 1829/59/2883 1834/66/2883
f 1831/62/2884 1830/60/2884 1835/67/2884
f 1832/57/2885 1831/62/2885 1836/68/2885
f 1828/54/2886 1837/64/2886 1833/65/2886
f 1829/55/2887 1833/65/2887 1834/69/2887
f 1830/60/2888 1834/66/2888 1835/67/2888
f 1831/62/2889 1835/67/2889 1836/68/2889
f 1832/57/2890 1836/68/2890 1837/64/2890
f 1833/65/2891 1837/64/2891 1838/70/2891
f 1834/69/2892 1833/65/2892 1838/71/2892
f 1835/67/2893 1834/66/2893 1838/72/2893
f 1836/68/2894 1835/67/2894 1838/73/2894
f 1837/64/2895 1836/68/2895 1838/74/2895
f 1851/53/2916 1852/54/2916 1853/55/2916
f 1852/54/2917 1851/56/2917 1856/57/2917
f 1851/58/2918 1853/59/2918 1854/60/2918
f 1851/61/2919 1854/60/2919 1855/62/2919
f 1851/63/2920 1855/62/2920 1856/57/2920
f 1852/54/2921 1856/57/2921 1861/64/2921
f 1853/55/2922 1852/54/2922 1857/65/2922
f 1854/60/2923 1853/59/2923 1858/66/2923
f 1855/62/2924 1854/60/2924 1859/67/2924
f 1856/57/2925 1855/62/2925 1860/68/2925
f 1852/54/2926 1861/64/2926 1857/65/2926
f 1853/55/2927 1857/65/2927 1858/69/2927
f 1854/60/2928 1858/66/2928 1859/67/2928
f 1855/62/2929 1859/67/2929 1860/68/2929
f 1856/57/2930 1860/68/2930 1861/64/2930
f 1857/65/2931 1861/64/2931 1862/70/2931
f 1858/69/2932 1857/65/2932 1862/71/2932
f 1859/67/2933 1858/66/2933 1862/72/2933
f 1860/68/2934 1859/67/2934 1862/73/2934
f 1861/64/2935 1860/68/2935 1862/74/2935
f 1899/53/2996 1900/54/2996 1901/55/2996
f 1900/54/2997 1899/56/2997 1904/57/2997
f 1899/58/2998 1901/59/2998 1902/60/2998
f 1899/61/2999 1902/60/2999 1903/62/2999
f 1899/63/3000 1903/62/3000 1904/57/3000
f 1900/54/3001 1904/57/3001 1909/64/3001
f 1901/55/3002 1900/54/3002 1905/65/3002
f 1902/60/3003 1901/59/3003 1906/66/3003
f 1903/62/3004 1902/60/3004 1907/67/3004
f 1904/57/3005 1903/62/3005 1908/68/3005
f 1900/54/3006 1909/64/3006 1905/65/3006
f 1901/55/3007 1905/65/3007 1906/69/3007
f 1902/60/3008 1906/66/3008 1907/67/3008
f 1903/62/3009 1907/67/3009 1908/68/3009
f 1904/57/3010 1908/68/3010 1909/64/3010
f 1905/65/3011 1909/64/3011 1910/70/3011
f 1906/69/3012 1905/65/3012 1910/71/3012
f 1907/67/3013 1906/66/3013 1910/72/3013
f 1908/68/3014 1907/67/3014 1910/73/3014
f 1909/64/3015 1908/68/3015 1910/74/3015
f 1947/53/3076 1948/54/3076 1949/55/3076
f 1948/54/3077 1947/56/3077 1952/57/3077
f 1947/58/3078 1949/59/3078 1950/60/3078
f 1947/61/3079 1950/60/3079 1951/62/3079
f 1947/63/3080 1951/62/3080 1952/57/3080
f 1948/54/3081 1952/57/3081 1957/64/3081
f 1949/55/3082 1948/54/3082 1953/65/3082
f 1950/60/3083 1949/59/3083 1954/66/3083
f 1951/62/3084 1950/60/3084 1955/67/3084
f 1952/57/3085 1951/62/3085 1956/68/3085
f 1948/54/3086 1957/64/3086 1953/65/3086
f 1949/55/3087 1953/65/3087 1954/69/3087
f 1950/60/3088 1954/66/3088 1955/67/3088
f 1951/62/3089 1955/67/3089 1956/68/3089
f 1952/57/3090 1956/68/3090 1957/64/3090
f 1953/65/3091 1957/64/3091 1958/70/3091
f 1954/69/3092 1953/65/3092 1958/71/3092
f 1955/67/3093 1954/66/3093 1958/72/3093
f 1956/68/3094 1955/67/3094 1958/73/3094
f 1957/64/3095 1956/68/3095 1958/74/3095
f 1995/53/3156 1996/54/3156 1997/55/3156
f 1996/54/3157 1995/56/3157 2000/57/3157
f 1995/58/3158 1997/59/3158 1998/60/3158
f 1995/61/3159 1998/60/3159 1999/62/3159
f 1995/63/3160 1999/62/3160 2000/57/3160
f 1996/54/3161 2000/57/3161 2005/64/3161
f 1997/55/3162 1996/54/3162 2001/65/3162
f 1998/60/3163 1997/59/3163 2002/66/3163
f 1999/62/3164 1998/60/3164 2003/67/3164
f 2000/57/3165 1999/62/3165 2004/68/3165
f 1996/54/3166 2005/64/3166 2001/65/3166
f 1997/55/3167 2001/65/3167 2002/69/3167
f 1998/60/3168 2002/66/3168 2003/67/3168
f 1999/62/3169 2003/67/3169 2004/68/3169
f 2000/57/3170 2004/68/3170 2005/64/3170
f 2001/65/3171 2005/64/3171 2006/70/3171
f 2002/69/3172 2001/65/3172 2006/71/3172
f 2003/67/3173 2002/66/3173 2006/72/3173
f 2004/68/3174 2003/67/3174 2006/73/3174
f 2005/64/3175 2004/68/3175 2006/74/3175
f 2019/53/3196 2020/54/3196 2021/55/3196
f 2020/54/3197 2019/56/3197 2024/57/3197
f 2019/58/3198 2021/59/3198 2022/60/3198
f 2019/61/3199 2022/60/3199 2023/62/3199
f 2019/63/3200 2023/62/3200 2024/57/3200
f 2020/54/3201 2024/57/3201 2029/64/3201
f 2021/55/3202 2020/54/3202 2025/65/3202
f 2022/60/3203 2021/59/3203 2026/66/3203
f 2023/62/3204 2022/60/3204 2027/67/3204
f 2024/57/3205 2023/62/3205 2028/68/3205
f 2020/54/3206 2029/64/3206 2025/65/3206
f 2021/55/3207 2025/65/3207 2026/69/3207
f 2022/60/3208 2026/66/3208 2027/67/3208
f 2023/62/3209 2027/67/3209 2028/68/3209
f 2024/57/3210 2028/68/3210 2029/64/3210
f 2025/65/3211 2029/64/3211 2030/70/3211
f 2026/69/3212 2025/65/3212 2030/71/3212
f 2027/67/3213 2026/66/3213 2030/72/3213
f 2028/68/3214 2027/67/3214 2030/73/3214
f 2029/64/3215 2028/68/3215 2030/74/3215
f 2067/53/3276 2068/54/3276 2069/55/3276
f 2068/54/3277 2067/56/3277 2072/57/3277
f 2067/58/3278 2069/59/3278 2070/60/3278
f 2067/61/3279 2070/60/3279 2071/62/3279
f 2067/63/3280 2071/62/3280 2072/57/3280
f 2068/54/3281 2072/57/3281 2077/64/3281
f 2069/55/3282 2068/54/3282 2073/65/3282
f 2070/60/3283 2069/59/3283 2074/66/3283
f 2071/62/3284 2070/60/3284 2075/67/3284
f 2072/57/3285 2071/62/3285 2076/68/3285
f 2068/54/3286 2077/64/3286 2073/65/3286
f 2069/55/3287 2073/65/3287 2074/69/3287
f 2070/60/3288 2074/66/3288 2075/67/3288
f 2071/62/3289 2075/67/3289 2076/68/3289
f 2072/57/3290 2076/68/3290 2077/64/3290
f 2073/65/3291 2077/64/3291 2078/70/3291
f 2074/69/3292 2073/65/3292 2078/71/3292
f 2075/67/3293 2074/66/3293 2078/72/3293
f 2076/68/3294 2075/67/3294 2078/73/3294
f 2077/64/3295 2076/68/3295 2078/74/3295
f 2115/53/3356 2116/54/3356 2117/55/3356
f 2116/54/3357 2115/56/3357 2120/57/3357
f 2115/58/3358 2117/59/3358 2118/60/3358
f 2115/61/3359 2118/60/3359 2119/62/3359
f 2115/63/3360 2119/62/3360 2120/57/3360
f 2116/54/3361 2120/57/3361 2125/64/3361
f 2117/55/3362 2116/54/3362 2121/65/3362
f 2118/60/3363 2117/59/3363 2122/66/3363
f 2119/62/3364 2118/60/3364 2123/67/3364
f 2120/57/3365 2119/62/3365 2124/68/3365
f 2116/54/3366 2125/64/3366 2121/65/3366
f 2117/55/3367 2121/65/3367 2122/69/3367
f 2118/60/3368 2122/66/3368 2123/67/3368
f 2119/62/3369 2123/67/3369 2124/68/3369
f 2120/57/3370 2124/68/3370 2125/64/3370
f 2121/65/3371 2125/64/3371 2126/70/3371
f 2122/69/3372 2121/65/3372 2126/71/3372
f 2123/67/3373 2122/66/3373 2126/72/3373
f 2124/68/3374 2123/67/3374 2126/73/3374
f 2125/64/3375 2124/68/3375 2126/74/3375
f 2163/53/3436 2164/54/3436 2165/55/3436
f 2164/54/3437 2163/56/3437 2168/57/3437
f 2163/58/3438 2165/59/3438 2166/60/3438
f 2163/61/3439 2166/60/3439 2167/62/3439
f 2163/63/3440 2167/62/3440 2168/57/3440
f 2164/54/3441 2168/57/3441 2173/64/3441
f 2165/55/3442 2164/54/3442 2169/65/3442
f 2166/60/3443 2165/59/3443 2170/66/3443
f 2167/62/3444 2166/60/3444 2171/67/3444
f 2168/57/3445 2167/62/3445 2172/68/3445
f 2164/54/3446 2173/64/3446 2169/65/3446
f 2165/55/3447 2169/65/3447 2170/69/3447
f 2166/60/3448 2170/66/3448 2171/67/3448
f 2167/62/3449 2171/67/3449 2172/68/3449
f 2168/57/3450 2172/68/3450 2173/64/3450
f 2169/65/3451 2173/64/3451 2174/70/3451
f 2170/69/3452 2169/65/3452 2174/71/3452
f 2171/67/3453 2170/66/3453 2174/72/3453
f 2172/68/3454 2171/67/3454 2174/73/3454
f 2173/64/3455 2172/68/3455 2174/74/3455
f 2187/53/3476 2188/54/3476 2189/55/3476
f 2188/54/3477 2187/56/3477 2192/57/3477
f 2187/58/3478 2189/59/3478 2190/60/3478
f 2187/61/3479 2190/60/3479 2191/62/3479
f 2187/63/3480 2191/62/3480 2192/57/3480
f 2188/54/3481 2192/57/3481 2197/64/3481
f 2189/55/3482 2188/54/3482 2193/65/3482
f 2190/60/3483 2189/59/3483 2194/66/3483
f 2191/62/3484 2190/60/3484 2195/67/3484
f 2192/57/3485 2191/62/3485 2196/68/3485
f 2188/54/3486 2197/64/3486 2193/65/3486
f 2189/55/3487 2193/65/3487 2194/69/3487
f 2190/60/3488 2194/66/3488 2195/67/3488
f 2191/62/3489 2195/67/3489 2196/68/3489
f 2192/57/3490 2196/68/3490 2197/64/3490
f 2193/65/3491 2197/64/3491 2198/70/3491
f 2194/69/3492 2193/65/3492 2198/71/3492
f 2195/67/3493 2194/66/3493 2198/72/3493
f 2196/68/3494 2195/67/3494 2198/73/3494
f 2197/64/3495 2196/68/3495 2198/74/3495
f 2235/53/3556 2236/54/3556 2237/55/3556
f 2236/54/3557 2235/56/3557 2240/57/3557
f 2235/58/3558 2237/59/3558 2238/60/3558
f 2235/61/3559 2238/60/3559 2239/62/3559
f 2235/63/3560 2239/62/3560 2240/57/3560
f 2236/54/3561 2240/57/3561 2245/64/3561
f 2237/55/3562 2236/54/3562 2241/65/3562
f 2238/60/3563 2237/59/3563 2242/66/3563
f 2239/62/3564 2238/60/3564 2243/67/3564
f 2240/57/3565 2239/62/3565 2244/68/3565
f 2236/54/3566 2245/64/3566 2241/65/3566
f 2237/55/3567 2241/65/3567 2242/69/3567
f 2238/60/3568 2242/66/3568 2243/67/3568
f 2239/62/3569 2243/67/3569 2244/68/3569
f 2240/57/3570 2244/68/3570 2245/64/3570
f 2241/65/3571 2245/64/3571 2246/70/3571
f 2242/69/3572 2241/65/3572 2246/71/3572
f 2243/67/3573 2242/66/3573 2246/72/3573
f 2244/68/3574 2243/67/3574 2246/73/3574
f 2245/64/3575 2244/68/3575 2246/74/3575
f 2283/53/3636 2284/54/3636 2285/55/3636
f 2284/54/3637 2283/56/3637 2288/57/3637
f 2283/58/3638 2285/59/3638 2286/60/3638
f 2283/61/3639 2286/60/3639 2287/62/3639
f 2283/63/3640 2287/62/3640 2288/57/3640
f 2284/54/3641 2288/57/3641 2293/64/3641
f 2285/55/3642 2284/54/3642 2289/65/3642
f 2286/60/3643 2285/59/3643 2290/66/3643
f 2287/62/3644 2286/60/3644 2291/67/3644
f 2288/57/3645 2287/62/3645 2292/68/3645
f 2284/54/3646 2293/64/3646 2289/65/3646
f 2285/55/3647 2289/65/3647 2290/69/3647
f 2286/60/3648 2290/66/3648 2291/67/3648
f 2287/62/3649 2291/67/3649 2292/68/3649
f 2288/57/3650 2292/68/3650 2293/64/3650
f 2289/65/3651 2293/64/3651 2294/70/3651
f 2290/69/3652 2289/65/3652 2294/71/3652
f 2291/67/3653 2290/66/3653 2294/72/3653
f 2292/68/3654 2291/67/3654 2294/73/3654
f 2293/64/3655 2292/68/3655 2294/74/3655
f 2331/53/3716 2332/54/3716 2333/55/3716
f 2332/54/3717 2331/56/3717 2336/57/3717
f 2331/58/3718 2333/59/3718 2334/60/3718
f 2331/61/3719 2334/60/3719 2335/62/3719
f 2331/63/3720 2335/62/3720 2336/57/3720
f 2332/54/3721 2336/57/3721 2341/64/3721
f 2333/55/3722 2332/54/3722 2337/65/3722
f 2334/60/3723 2333/59/3723 2338/66/3723
f 2335/62/3724 2334/60/3724 2339/67/3724
f 2336/57/3725 2335/62/3725 2340/68/3725
f 2332/54/3726 2341/64/3726 2337/65/3726
f 2333/55/3727 2337/65/3727 2338/69/3727
f 2334/60/3728 2338/66/3728 2339/67/3728
f 2335/62/3729 2339/67/3729 2340/68/3729
f 2336/57/3730 2340/68/3730 2341/64/3730
f 2337/65/3731 2341/64/3731 2342/70/3731
f 2338/69/3732 2337/65/3732 2342/71/3732
f 2339/67/3733 2338/66/3733 2342/72/3733
f 2340/68/3734 2339/67/3734 2342/73/3734
f 2341/64/3735 2340/68/3735 2342/74/3735
f 2355/53/3756 2356/54/3756 2357/55/3756
f 2356/54/3757 2355/56/3757 2360/57/3757
f 2355/58/3758 2357/59/3758 2358/60/3758
f 2355/61/3759 2358/60/3759 2359/62/3759
f 2355/63/3760 2359/62/3760 2360/57/3760
f 2356/54/3761 2360/57/3761 2365/64/3761
f 2357/55/3762 2356/54/3762 2361/65/3762
f 2358/60/3763 2357/59/3763 2362/66/3763
f 2359/62/3764 2358/60/3764 2363/67/3764
f 2360/57/3765 2359/62/3765 2364/68/3765
f 2356/54/3766 2365/64/3766 2361/65/3766
f 2357/55/3767 2361/65/3767 2362/69/3767
f 2358/60/3768 2362/66/3768 2363/67/3768
f 2359/62/3769 2363/67/3769 2364/68/3769
f 2360/57/3770 2364/68/3770 2365/64/3770
f 2361/65/3771 2365/64/3771 2366/70/3771
f 2362/69/3772 2361/65/3772 2366/71/3772
f 2363/67/3773 2362/66/3773 2366/72/3773
f 2364/68/3774 2363/67/3774 2366/73/3774
f 2365/64/3775 2364/68/3775 2366/74/3775
f 2403/53/3836 2404/54/3836 2405/55/3836
f 2404/54/3837 2403/56/3837 2408/57/3837
f 2403/58/3838 2405/59/3838 2406/60/3838
f 2403/61/3839 2406/60/3839 2407/62/3839
f 2403/63/3840 2407/62/3840 2408/57/3840
f 2404/54/3841 2408/57/3841 2413/64/3841
f 2405/55/3842 2404/54/3842 2409/65/3842
f 2406/60/3843 2405/59/3843 2410/66/3843
f 2407/62/3844 2406/60/3844 2411/67/3844
f 2408/57/3845 2407/62/3845 2412/68/3845
f 2404/54/3846 2413/64/3846 2409/65/3846
f 2405/55/3847 2409/65/3847 2410/69/3847
f 2406/60/3848 2410/66/3848 2411/67/3848
f 2407/62/3849 2411/67/3849 2412/68/3849
f 2408/57/3850 2412/68/3850 2413/64/3850
f 2409/65/3851 2413/64/3851 2414/70/3851
f 2410/69/3852 2409/65/3852 2414/71/3852
f 2411/67/3853 2410/66/3853 2414/72/3853
f 2412/68/3854 2411/67/3854 2414/73/3854
f 2413/64/3855 2412/68/3855 2414/74/3855
f 2451/53/3916 2452/54/3916 2453/55/3916
f 2452/54/3917 2451/56/3917 2456/57/3917
f 2451/58/3918 2453/59/3918 2454/60/3918
f 2451/61/3919 2454/60/3919 2455/62/3919
f 2451/63/3920 2455/62/3920 2456/57/3920
f 2452/54/3921 2456/57/3921 2461/64/3921
f 2453/55/3922 2452/54/3922 2457/65/3922
f 2454/60/3923 2453/59/3923 2458/66/3923
f 2455/62/3924 2454/60/3924 2459/67/3924
f 2456/57/3925 2455/62/3925 2460/68/3925
f 2452/54/3926 2461/64/3926 2457/65/3926
f 2453/55/3927 2457/65/3927 2458/69/3927
f 2454/60/3928 2458/66/3928 2459/67/3928
f 2455/62/3929 2459/67/3929 2460/68/3929
f 2456/57/3930 2460/68/3930 2461/64/3930
f 2457/65/3931 2461/64/3931 2462/70/3931
f 2458/69/3932 2457/65/3932 2462/71/3932
f 2459/67/3933 2458/66/3933 2462/72/3933
f 2460/68/3934 2459/67/3934 2462/73/3934
f 2461/64/3935 2460/68/3935 2462/74/3935
f 2499/53/3996 2500/54/3996 2501/55/3996
f 2500/54/3997 2499/56/3997 2504/57/3997
f 2499/58/3998 2501/59/3998 2502/60/3998
f 2499/61/3999 2502/60/3999 2503/62/3999
f 2499/63/4000 2503/62/4000 2504/57/4000
f 2500/54/4001 2504/57/4001 2509/64/4001
f 2501/55/4002 2500/54/4002 2505/65/4002
f 2502/60/4003 2501/59/4003 2506/66/4003
f 2503/62/4004 2502/60/4004 2507/67/4004
f 2504/57/4005 2503/62/4005 2508/68/4005
f 2500/54/4006 2509/64/4006 2505/65/4006
f 2501/55/4007 2505/65/4007 2506/69/4007
f 2502/60/4008 2506/66/4008 2507/67/4008
f 2503/62/4009 2507/67/4009 2508/68/4009
f 2504/57/4010 2508/68/4010 2509/64/4010
f 2505/65/4011 2509/64/4011 2510/70/4011
f 2506/69/4012 2505/65/4012 2510/71/4012
f 2507/67/4013 2506/66/4013 2510/72/4013
f 2508/68/4014 2507/67/4014 2510/73/4014
f 2509/64/4015 2508/68/4015 2510/74/4015
f 2523/53/4036 2524/54/4036 2525/55/4036
f 2524/54/4037 2523/56/4037 2528/57/4037
f 2523/58/4038 2525/59/4038 2526/60/4038
f 2523/61/4039 2526/60/4039 2527/62/4039
f 2523/63/4040 2527/62/4040 2528/57/4040
f 2524/54/4041 2528/57/4041 2533/64/4041
f 2525/55/4042 2524/54/4042 2529/65/4042
f 2526/60/4043 2525/59/4043 2530/66/4043
f 2527/62/4044 2526/60/4044 2531/67/4044
f 2528/57/4045 2527/62/4045 2532/68/4045
f 2524/54/4046 2533/64/4046 2529/65/4046
f 2525/55/4047 2529/65/4047 2530/69/4047
f 2526/60/4048 2530/66/4048 2531/67/4048
f 2527/62/4049 2531/67/4049 2532/68/4049
f 2528/57/4050 2532/68/4050 2533/64/4050
f 2529/65/4051 2533/64/4051 2534/70/4051
f 2530/69/4052 2529/65/4052 2534/71/4052
f 2531/67/4053 2530/66/4053 2534/72/4053
f 2532/68/4054 2531/67/4054 2534/73/4054
f 2533/64/4055 2532/68/4055 2534/74/4055
f 2559/53/4096 2560/54/4096 2561/55/4096
f 2560/54/4097 2559/56/4097 2564/57/4097
f 2559/58/4098 2561/59/4098 2562/60/4098
f 2559/61/4099 2562/60/4099 2563/62/4099
f 2559/63/4100 2563/62/4100 2564/57/4100
f 2560/54/4101 2564/57/4101 2569/64/4101
f 2561/55/4102 2560/54/4102 2565/65/4102
f 2562/60/4103 2561/59/4103 2566/66/4103
f 2563/62/4104 2562/60/4104 2567/67/4104
f 2564/57/4105 2563/62/4105 2568/68/4105
f 2560/54/4106 2569/64/4106 2565/65/4106
f 2561/55/4107 2565/65/4107 2566/69/4107
f 2562/60/4108 2566/66/4108 2567/67/4108
f 2563/62/4109 2567/67/4109 2568/68/4109
f 2564/57/4110 2568/68/4110 2569/64/4110
f 2565/65/4111 2569/64/4111 2570/70/4111
f 2566/69/4112 2565/65/4112 2570/71/4112
f 2567/67/4113 2566/66/4113 2570/72/4113
f 2568/68/4114 2567/67/4114 2570/73/4114
f 2569/64/4115 2568/68/4115 2570/74/4115
f 2595/53/4156 2596/54/4156 2597/55/4156
f 2596/54/4157 2595/56/4157 2600/57/4157
f 2595/58/4158 2597/59/4158 2598/60/4158
f 2595/61/4159 2598/60/4159 2599/62/4159
f 2595/63/4160 2599/62/4160 2600/57/4160
f 2596/54/4161 2600/57/4161 2605/64/4161
f 2597/55/4162 2596/54/4162 2601/65/4162
f 2598/60/4163 2597/59/4163 2602/66/4163
f 2599/62/4164 2598/60/4164 2603/67/4164
f 2600/57/4165 2599/62/4165 2604/68/4165
f 2596/54/4166 2605/64/4166 2601/65/4166
f 2597/55/4167 2601/65/4167 2602/69/4167
f 2598/60/4168 2602/66/4168 2603/67/4168
f 2599/62/4169 2603/67/4169 2604/68/4169
f 2600/57/4170 2604/68/4170 2605/64/4170
f 2601/65/4171 2605/64/4171 2606/70/4171
f 2602/69/4172 2601/65/4172 2606/71/4172
f 2603/67/4173 2602/66/4173 2606/72/4173
f 2604/68/4174 2603/67/4174 2606/73/4174
f 2605/64/4175 2604/68/4175 2606/74/4175
f 2631/53/4216 2632/54/4216 2633/55/4216
f 2632/54/4217 2631/56/4217 2636/57/4217
f 2631/58/4218 2633/59/4218 2634/60/4218
f 2631/61/4219 2634/60/4219 2635/62/4219
f 2631/63/4220 2635/62/4220 2636/57/4220
f 2632/54/4221 2636/57/4221 2641/64/4221
f 2633/55/4222 2632/54/4222 2637/65/4222
f 2634/60/4223 2633/59/4223 2638/66/4223
f 2635/62/4224 2634/60/4224 2639/67/4224
f 2636/57/4225 2635/62/4225 2640/68/4225
f 2632/54/4226 2641/64/4226 2637/65/4226
f 2633/55/4227 2637/65/4227 2638/69/4227
f 2634/60/4228 2638/66/4228 2639/67/4228
f 2635/62/4229 2639/67/4229 2640/68/4229
f 2636/57/4230 2640/68/4230 2641/64/4230
f 2637/65/4231 2641/64/4231 2642/70/4231
f 2638/69/4232 2637/65/4232 2642/71/4232
f 2639/67/4233 2638/66/4233 2642/72/4233
f 2640/68/4234 2639/67/4234 2642/73/4234
f 2641/64/4235 2640/68/4235 2642/74/4235
f 2667/53/4276 2668/54/4276 2669/55/4276
f 2668/54/4277 2667/56/4277 2672/57/4277
f 2667/58/4278 2669/59/4278 2670/60/4278
f 2667/61/4279 2670/60/4279 2671/62/4279
f 2667/63/4280 2671/62/4280 2672/57/4280
f 2668/54/4281 2672/57/4281 2677/64/4281
f 2669/55/4282 2668/54/4282 2673/65/4282
f 2670/60/4283 2669/59/4283 2674/66/4283
f 2671/62/4284 2670/60/4284 2675/67/4284
f 2672/57/4285 2671/62/4285 2676/68/4285
f 2668/54/4286 2677/64/4286 2673/65/4286
f 2669/55/4287 2673/65/4287 2674/69/4287
f 2670/60/4288 2674/66/4288 2675/67/4288
f 2671/62/4289 2675/67/4289 2676/68/4289
f 2672/57/4290 2676/68/4290 2677/64/4290
f 2673/65/4291 2677/64/4291 2678/70/4291
f 2674/69/4292 2673/65/4292 2678/71/4292
f 2675/67/4293 2674/66/4293 2678/72/4293
f 2676/68/4294 2675/67/4294 2678/73/4294
f 2677/64/4295 2676/68/4295 2678/74/4295
f 2703/53/4336 2704/54/4336 2705/55/4336
f 2704/54/4337 2703/56/4337 2708/57/4337
f 2703/58/4338 2705/59/4338 2706/60/4338
f 2703/61/4339 2706/60/4339 2707/62/4339
f 2703/63/4340 2707/62/4340 2708/57/4340
f 2704/54/4341 2708/57/4341 2713/64/4341
f 2705/55/4342 2704/54/4342 2709/65/4342
f 2706/60/4343 2705/59/4343 2710/66/4343
f 2707/62/4344 2706/60/4344 2711/67/4344
f 2708/57/4345 2707/62/4345 2712/68/4345
f 2704/54/4346 2713/64/4346 2709/65/4346
f 2705/55/4347 2709/65/4347 2710/69/4347
f 2706/60/4348 2710/66/4348 2711/67/4348
f 2707/62/4349 2711/67/4349 2712/68/4349
f 2708/57/4350 2712/68/4350 2713/64/4350
f 2709/65/4351 2713/64/4351 2714/70/4351
f 2710/69/4352 2709/65/4352 2714/71/4352
f 2711/67/4353 2710/66/4353 2714/72/4353
f 2712/68/4354 2711/67/4354 2714/73/4354
f 2713/64/4355 2712/68/4355 2714/74/4355
f 2739/53/4396 2740/54/4396 2741/55/4396
f 2740/54/4397 2739/56/4397 2744/57/4397
f 2739/58/4398 2741/59/4398 2742/60/4398
f 2739/61/4399 2742/60/4399 2743/62/4399
f 2739/63/4400 2743/62/4400 2744/57/4400
f 2740/54/4401 2744/57/4401 2749/64/4401
f 2741/55/4402 2740/54/4402 2745/65/4402
f 2742/60/4403 2741/59/4403 2746/66/4403
f 2743/62/4404 2742/60/4404 2747/67/4404
f 2744/57/4405 2743/62/4405 2748/68/4405
f 2740/54/4406 2749/64/4406 2745/65/4406
f 2741/55/4407 2745/65/4407 2746/69/4407
f 2742/60/4408 2746/66/4408 2747/67/4408
f 2743/62/4409 2747/67/4409 2748/68/4409
f 2744/57/4410 2748/68/4410 2749/64/4410
f 2745/65/4411 2749/64/4411 2750/70/4411
f 2746/69/4412 2745/65/4412 2750/71/4412
f 2747/67/4413 2746/66/4413 2750/72/4413
f 2748/68/4414 2747/67/4414 2750/73/4414
f 2749/64/4415 2748/68/4415 2750/74/4415
f 2775/53/4456 2776/54/4456 2777/55/4456
f 2776/54/4457 2775/56/4457 2780/57/4457
f 2775/58/4458 2777/59/4458 2778/60/4458
f 2775/61/4459 2778/60/4459 2779/62/4459
f 2775/63/4460 2779/62/4460 2780/57/4460
f 2776/54/4461 2780/57/4461 2785/64/4461
f 2777/55/4462 2776/54/4462 2781/65/4462
f 2778/60/4463 2777/59/4463 2782/66/4463
f 2779/62/4464 2778/60/4464 2783/67/4464
f 2780/57/4465 2779/62/4465 2784/68/4465
f 2776/54/4466 2785/64/4466 2781/65/4466
f 2777/55/4467 2781/65/4467 2782/69/4467
f 2778/60/4468 2782/66/4468 2783/67/4468
f 2779/62/4469 2783/67/4469 2784/68/4469
f 2780/57/4470 2784/68/4470 2785/64/4470
f 2781/65/4471 2785/64/4471 2786/70/4471
f 2782/69/4472 2781/65/4472 2786/71/4472
f 2783/67/4473 2782/66/4473 2786/72/4473
f 2784/68/4474 2783/67/4474 2786/73/4474
f 2785/64/4475 2784/68/4475 2786/74/4475
f 2811/53/4516 2812/54/4516 2813/55/4516
f 2812/54/4517 2811/56/4517 2816/57/4517
f 2811/58/4518 2813/59/4518 2814/60/4518
f 2811/61/4519 2814/60/4519 2815/62/4519
f 2811/63/4520 2815/62/4520 2816/57/4520
f 2812/54/4521 2816/57/4521 2821/64/4521
f 2813/55/4522 2812/54/4522 2817/65/4522
f 2814/60/4523 2813/59/4523 2818/66/4523
f 2815/62/4524 2814/60/4524 2819/67/4524
f 2816/57/4525 2815/62/4525 2820/68/4525
f 2812/54/4526 2821/64/4526 2817/65/4526
f 2813/55/4527 2817/65/4527 2818/69/4527
f 2814/60/4528 2818/66/4528 2819/67/4528
f 2815/62/4529 2819/67/4529 2820/68/4529
f 2816/57/4530 2820/68/4530 2821/64/4530
f 2817/65/4531 2821/64/4531 2822/70/4531
f 2818/69/4532 2817/65/4532 2822/71/4532
f 2819/67/4533 2818/66/4533 2822/72/4533
f 2820/68/4534 2819/67/4534 2822/73/4534
f 2821/64/4535 2820/68/4535 2822/74/4535
usemtl rsc_leaf
f 183/53/136 184/54/136 185/55/136
f 184/54/137 183/56/137 188/57/137
f 183/58/138 185/59/138 186/60/138
f 183/61/139 186/60/139 187/62/139
f 183/63/140 187/62/140 188/57/140
f 184/54/141 188/57/141 193/64/141
f 185/55/142 184/54/142 189/65/142
f 186/60/143 185/59/143 190/66/143
f 187/62/144 186/60/144 191/67/144
f 188/57/145 187/62/145 192/68/145
f 184/54/146 193/64/146 189/65/146
f 185/55/147 189/65/147 190/69/147
f 186/60/148 190/66/148 191/67/148
f 187/62/149 191/67/149 192/68/149
f 188/57/150 192/68/150 193/64/150
f 189/65/151 193/64/151 194/70/151
f 190/69/152 189/65/152 194/71/152
f 191/67/153 190/66/153 194/72/153
f 192/68/154 191/67/154 194/73/154
f 193/64/155 192/68/155 194/74/155
f 195/53/156 196/54/156 197/55/156
f 196/54/157 195/56/157 200/57/157
f 195/58/158 197/59/158 198/60/158
f 195/61/159 198/60/159 199/62/159
f 195/63/160 199/62/160 200/57/160
f 196/54/161 200/57/161 205/64/161
f 197/55/162 196/54/162 201/65/162
f 198/60/163 197/59/163 202/66/163
f 199/62/164 198/60/164 203/67/164
f 200/57/165 199/62/165 204/68/165
f 196/54/166 205/64/166 201/65/166
f 197/55/167 201/65/167 202/69/167
f 198/60/168 202/66/168 203/67/168
f 199/62/169 203/67/169 204/68/169
f 200/57/170 204/68/170 205/64/170
f 201/65/171 205/64/171 206/70/171
f 202/69/172 201/65/172 206/71/172
f 203/67/173 202/66/173 206/72/173
f 204/68/174 203/67/174 206/73/174
f 205/64/175 204/68/175 206/74/175
f 207/53/176 208/54/176 209/55/176
f 208/54/177 207/56/177 212/57/177
f 207/58/178 209/59/178 210/60/178
f 207/61/179 210/60/179 211/62/179
f 207/63/180 211/62/180 212/57/180
f 208/54/181 212/57/181 217/64/181
f 209/55/182 208/54/182 213/65/182
f 210/60/183 209/59/183 214/66/183
f 211/62/184 210/60/184 215/67/184
f 212/57/185 211/62/185 216/68/185
f 208/54/186 217/64/186 213/65/186
f 209/55/187 213/65/187 214/69/187
f 210/60/188 214/66/188 215/67/188
f 211/62/189 215/67/189 216/68/189
f 212/57/190 216/68/190 217/64/190
f 213/65/191 217/64/191 218/70/191
f 214/69/192 213/65/192 218/71/192
f 215/67/193 214/66/193 218/72/193
f 216/68/194 215/67/194 218/73/194
f 217/64/195 216/68/195 218/74/195
f 231/53/216 232/54/216 233/55/216
f 232/54/217 231/56/217 236/57/217
f 231/58/218 233/59/218 234/60/218
f 231/61/219 234/60/219 235/62/219
f 231/63/220 235/62/220 236/57/220
f 232/54/221 236/57/221 241/64/221
f 233/55/222 232/54/222 237/65/222
f 234/60/223 233/59/223 238/66/223
f 235/62/224 234/60/224 239/67/224
f 236/57/225 235/62/225 240/68/225
f 232/54/226 241/64/226 237/65/226
f 233/55/227 237/65/227 238/69/227
f 234/60/228 238/66/228 239/67/228
f 235/62/229 239/67/229 240/68/229
f 236/57/230 240/68/230 241/64/230
f 237/65/231 241/64/231 242/70/231
f 238/69/232 237/65/232 242/71/232
f 239/67/233 238/66/233 242/72/233
f 240/68/234 239/67/234 242/73/234
f 241/64/235 240/68/235 242/74/235
f 243/53/236 244/54/236 245/55/236
f 244/54/237 243/56/237 248/57/237
f 243/58/238 245/59/238 246/60/238
f 243/61/239 246/60/239 247/62/239
f 243/63/240 247/62/240 248/57/240
f 244/54/241 248/57/241 253/64/241
f 245/55/242 244/54/242 249/65/242
f 246/60/243 245/59/243 250/66/243
f 247/62/244 246/60/244 251/67/244
f 248/57/245 247/62/245 252/68/245
f 244/54/246 253/64/246 249/65/246
f 245/55/247 249/65/247 250/69/247
f 246/60/248 250/66/248 251/67/248
f 247/62/249 251/67/249 252/68/249
f 248/57/250 252/68/250 253/64/250
f 249/65/251 253/64/251 254/70/251
f 250/69/252 249/65/252 254/71/252
f 251/67/253 250/66/253 254/72/253
f 252/68/254 251/67/254 254/73/254
f 253/64/255 252/68/255 254/74/255
f 255/53/256 256/54/256 257/55/256
f 256/54/257 255/56/257 260/57/257
f 255/58/258 257/59/258 258/60/258
f 255/61/259 258/60/259 259/62/259
f 255/63/260 259/62/260 260/57/260
f 256/54/261 260/57/261 265/64/261
f 257/55/262 256/54/262 261/65/262
f 258/60/263 257/59/263 262/66/263
f 259/62/264 258/60/264 263/67/264
f 260/57/265 259/62/265 264/68/265
f 256/54/266 265/64/266 261/65/266
f 257/55/267 261/65/267 262/69/267
f 258/60/268 262/66/268 263/67/268
f 259/62/269 263/67/269 264/68/269
f 260/57/270 264/68/270 265/64/270
f 261/65/271 265/64/271 266/70/271
f 262/69/272 261/65/272 266/71/272
f 263/67/273 262/66/273 266/72/273
f 264/68/274 263/67/274 266/73/274
f 265/64/275 264/68/275 266/74/275
f 279/53/296 280/54/296 281/55/296
f 280/54/297 279/56/297 284/57/297
f 279/58/298 281/59/298 282/60/298
f 279/61/299 282/60/299 283/62/299
f 279/63/300 283/62/300 284/57/300
f 280/54/301 284/57/301 289/64/301
f 281/55/302 280/54/302 285/65/302
f 282/60/303 281/59/303 286/66/303
f 283/62/304 282/60/304 287/67/304
f 284/57/305 283/62/305 288/68/305
f 280/54/306 289/64/306 285/65/306
f 281/55/307 285/65/307 286/69/307
f 282/60/308 286/66/308 287/67/308
f 283/62/309 287/67/309 288/68/309
f 284/57/310 288/68/310 289/64/310
f 285/65/311 289/64/311 290/70/311
f 286/69/312 285/65/312 290/71/312
f 287/67/313 286/66/313 290/72/313
f 288/68/314 287/67/314 290/73/314
f 289/64/315 288/68/315 290/74/315
f 291/53/316 292/54/316 293/55/316
f 292/54/317 291/56/317 296/57/317
f 291/58/318 293/59/318 294/60/318
f 291/61/319 294/60/319 295/62/319
f 291/63/320 295/62/320 296/57/320
f 292/54/321 296/57/321 301/64/321
f 293/55/322 292/54/322 297/65/322
f 294/60/323 293/59/323 298/66/323
f 295/62/324 294/60/324 299/67/324
f 296/57/325 295/62/325 300/68/325
f 292/54/326 301/64/326 297/65/326
f 293/55/327 297/65/327 298/69/327
f 294/60/328 298/66/328 299/67/328
f 295/62/329 299/67/329 300/68/329
f 296/57/330 300/68/330 301/64/330
f 297/65/331 301/64/331 302/70/331
f 298/69/332 297/65/332 302/71/332
f 299/67/333 298/66/333 302/72/333
f 300/68/334 299/67/334 302/73/334
f 301/64/335 300/68/335 302/74/335
f 303/53/336 304/54/336 305/55/336
f 304/54/337 303/56/337 308/57/337
f 303/58/338 305/59/338 306/60/338
f 303/61/339 306/60/339 307/62/339
f 303/63/340 307/62/340 308/57/340
f 304/54/341 308/57/341 313/64/341
f 305/55/342 304/54/342 309/65/342
f 306/60/343 305/59/343 310/66/343
f 307/62/344 306/60/344 311/67/344
f 308/57/345 307/62/345 312/68/345
f 304/54/346 313/64/346 309/65/346
f 305/55/347 309/65/347 310/69/347
f 306/60/348 310/66/348 311/67/348
f 307/62/349 311/67/349 312/68/349
f 308/57/350 312/68/350 313/64/350
f 309/65/351 313/64/351 314/70/351
f 310/69/352 309/65/352 314/71/352
f 311/67/353 310/66/353 314/72/353
f 312/68/354 311/67/354 314/73/354
f 313/64/355 312/68/355 314/74/355
f 327/53/376 328/54/376 329/55/376
f 328/54/377 327/56/377 332/57/377
f 327/58/378 329/59/378 330/60/378
f 327/61/379 330/60/379 331/62/379
f 327/63/380 331/62/380 332/57/380
f 328/54/381 332/57/381 337/64/381
f 329/55/382 328/54/382 333/65/382
f 330/60/383 329/59/383 334/66/383
f 331/62/384 330/60/384 335/67/384
f 332/57/385 331/62/385 336/68/385
f 328/54/386 337/64/386 333/65/386
f 329/55/387 333/65/387 334/69/387
f 330/60/388 334/66/388 335/67/388
f 331/62/389 335/67/389 336/68/389
f 332/57/390 336/68/390 337/64/390
f 333/65/391 337/64/391 338/70/391
f 334/69/392 333/65/392 338/71/392
f 335/67/393 334/66/393 338/72/393
f 336/68/394 335/67/394 338/73/394
f 337/64/395 336/68/395 338/74/395
f 351/53/416 352/54/416 353/55/416
f 352/54/417 351/56/417 356/57/417
f 351/58/418 353/59/418 354/60/418
f 351/61/419 354/60/419 355/62/419
f 351/63/420 355/62/420 356/57/420
f 352/54/421 356/57/421 361/64/421
f 353/55/422 352/54/422 357/65/422
f 354/60/423 353/59/423 358/66/423
f 355/62/424 354/60/424 359/67/424
f 356/57/425 355/62/425 360/68/425
f 352/54/426 361/64/426 357/65/426
f 353/55/427 357/65/427 358/69/427
f 354/60/428 358/66/428 359/67/428
f 355/62/429 359/67/429 360/68/429
f 356/57/430 360/68/430 361/64/430
f 357/65/431 361/64/431 362/70/431
f 358/69/432 357/65/432 362/71/432
f 359/67/433 358/66/433 362/72/433
f 360/68/434 359/67/434 362/73/434
f 361/64/435 360/68/435 362/74/435
f 363/53/436 364/54/436 365/55/436
f 364/54/437 363/56/437 368/57/437
f 363/58/438 365/59/438 366/60/438
f 363/61/439 366/60/439 367/62/439
f 363/63/440 367/62/440 368/57/440
f 364/54/441 368/57/441 373/64/441
f 365/55/442 364/54/442 369/65/442
f 366/60/443 365/59/443 370/66/443
f 367/62/444 366/60/444 371/67/444
f 368/57/445 367/62/445 372/68/445
f 364/54/446 373/64/446 369/65/446
f 365/55/447 369/65/447 370/69/447
f 366/60/448 370/66/448 371/67/448
f 367/62/449 371/67/449 372/68/449
f 368/57/450 372/68/450 373/64/450
f 369/65/451 373/64/451 374/70/451
f 370/69/452 369/65/452 374/71/452
f 371/67/453 370/66/453 374/72/453
f 372/68/454 371/67/454 374/73/454
f 373/64/455 372/68/455 374/74/455
f 375/53/456 376/54/456 377/55/456
f 376/54/457 375/56/457 380/57/457
f 375/58/458 377/59/458 378/60/458
f 375/61/459 378/60/459 379/62/459
f 375/63/460 379/62/460 380/57/460
f 376/54/461 380/57/461 385/64/461
f 377/55/462 376/54/462 381/65/462
f 378/60/463 377/59/463 382/66/463
f 379/62/464 378/60/464 383/67/464
f 380/57/465 379/62/465 384/68/465
f 376/54/466 385/64/466 381/65/466
f 377/55/467 381/65/467 382/69/467
f 378/60/468 382/66/468 383/67/468
f 379/62/469 383/67/469 384/68/469
f 380/57/470 384/68/470 385/64/470
f 381/65/471 385/64/471 386/70/471
f 382/69/472 381/65/472 386/71/472
f 383/67/473 382/66/473 386/72/473
f 384/68/474 383/67/474 386/73/474
f 385/64/475 384/68/475 386/74/475
f 399/53/496 400/54/496 401/55/496
f 400/54/497 399/56/497 404/57/497
f 399/58/498 401/59/498 402/60/498
f 399/61/499 402/60/499 403/62/499
f 399/63/500 403/62/500 404/57/500
f 400/54/501 404/57/501 409/64/501
f 401/55/502 400/54/502 405/65/502
f 402/60/503 401/59/503 406/66/503
f 403/62/504 402/60/504 407/67/504
f 404/57/505 403/62/505 408/68/505
f 400/54/506 409/64/506 405/65/506
f 401/55/507 405/65/507 406/69/507
f 402/60/508 406/66/508 407/67/508
f 403/62/509 407/67/509 408/68/509
f 404/57/510 408/68/510 409/64/510
f 405/65/511 409/64/511 410/70/511
f 406/69/512 405/65/512 410/71/512
f 407/67/513 406/66/513 410/72/513
f 408/68/514 407/67/514 410/73/514
f 409/64/515 408/68/515 410/74/515
f 411/53/516 412/54/516 413/55/516
f 412/54/517 411/56/517 416/57/517
f 411/58/518 413/59/518 414/60/518
f 411/61/519 414/60/519 415/62/519
f 411/63/520 415/62/520 416/57/520
f 412/54/521 416/57/521 421/64/521
f 413/55/522 412/54/522 417/65/522
f 414/60/523 413/59/523 418/66/523
f 415/62/524 414/60/524 419/67/524
f 416/57/525 415/62/525 420/68/525
f 412/54/526 421/64/526 417/65/526
f 413/55/527 417/65/527 418/69/527
f 414/60/528 418/66/528 419/67/528
f 415/62/529 419/67/529 420/68/529
f 416/57/530 420/68/530 421/64/530
f 417/65/531 421/64/531 422/70/531
f 418/69/532 417/65/532 422/71/532
f 419/67/533 418/66/533 422/72/533
f 420/68/534 419/67/534 422/73/534
f 421/64/535 420/68/535 422/74/535
f 423/53/536 424/54/536 425/55/536
f 424/54/537 423/56/537 428/57/537
f 423/58/538 425/59/538 426/60/538
f 423/61/539 426/60/539 427/62/539
f 423/63/540 427/62/540 428/57/540
f 424/54/541 428/57/541 433/64/541
f 425/55/542 424/54/542 429/65/542
f 426/60/543 425/59/543 430/66/543
f 427/62/544 426/60/544 431/67/544
f 428/57/545 427/62/545 432/68/545
f 424/54/546 433/64/546 429/65/546
f 425/55/547 429/65/547 430/69/547
f 426/60/548 430/66/548 431/67/548
f 427/62/549 431/67/549 432/68/549
f 428/57/550 432/68/550 433/64/550
f 429/65/551 433/64/551 434/70/551
f 430/69/552 429/65/552 434/71/552
f 431/67/553 430/66/553 434/72/553
f 432/68/554 431/67/554 434/73/554
f 433/64/555 432/68/555 434/74/555
f 447/53/576 448/54/576 449/55/576
f 448/54/577 447/56/577 452/57/577
f 447/58/578 449/59/578 450/60/578
f 447/61/579 450/60/579 451/62/579
f 447/63/580 451/62/580 452/57/580
f 448/54/581 452/57/581 457/64/581
f 449/55/582 448/54/582 453/65/582
f 450/60/583 449/59/583 454/66/583
f 451/62/584 450/60/584 455/67/584
f 452/57/585 451/62/585 456/68/585
f 448/54/586 457/64/586 453/65/586
f 449/55/587 453/65/587 454/69/587
f 450/60/588 454/66/588 455/67/588
f 451/62/589 455/67/589 456/68/589
f 452/57/590 456/68/590 457/64/590
f 453/65/591 457/64/591 458/70/591
f 454/69/592 453/65/592 458/71/592
f 455/67/593 454/66/593 458/72/593
f 456/68/594 455/67/594 458/73/594
f 457/64/595 456/68/595 458/74/595
f 459/53/596 460/54/596 461/55/596
f 460/54/597 459/56/597 464/57/597
f 459/58/598 461/59/598 462/60/598
f 459/61/599 462/60/599 463/62/599
f 459/63/600 463/62/600 464/57/600
f 460/54/601 464/57/601 469/64/601
f 461/55/602 460/54/602 465/65/602
f 462/60/603 461/59/603 466/66/603
f 463/62/604 462/60/604 467/67/604
f 464/57/605 463/62/605 468/68/605
f 460/54/606 469/64/606 465/65/606
f 461/55/607 465/65/607 466/69/607
f 462/60/608 466/66/608 467/67/608
f 463/62/609 467/67/609 468/68/609
f 464/57/610 468/68/610 469/64/610
f 465/65/611 469/64/611 470/70/611
f 466/69/612 465/65/612 470/71/612
f 467/67/613 466/66/613 470/72/613
f 468/68/614 467/67/614 470/73/614
f 469/64/615 468/68/615 470/74/615
f 471/53/616 472/54/616 473/55/616
f 472/54/617 471/56/617 476/57/617
f 471/58/618 473/59/618 474/60/618
f 471/61/619 474/60/619 475/62/619
f 471/63/620 475/62/620 476/57/620
f 472/54/621 476/57/621 481/64/621
f 473/55/622 472/54/622 477/65/622
f 474/60/623 473/59/623 478/66/623
f 475/62/624 474/60/624 479/67/624
f 476/57/625 475/62/625 480/68/625
f 472/54/626 481/64/626 477/65/626
f 473/55/627 477/65/627 478/69/627
f 474/60/628 478/66/628 479/67/628
f 475/62/629 479/67/629 480/68/629
f 476/57/630 480/68/630 481/64/630
f 477/65/631 481/64/631 482/70/631
f 478/69/632 477/65/632 482/71/632
f 479/67/633 478/66/633 482/72/633
f 480/68/634 479/67/634 482/73/634
f 481/64/635 480/68/635 482/74/635
f 495/53/656 496/54/656 497/55/656
f 496/54/657 495/56/657 500/57/657
f 495/58/658 497/59/658 498/60/658
f 495/61/659 498/60/659 499/62/659
f 495/63/660 499/62/660 500/57/660
f 496/54/661 500/57/661 505/64/661
f 497/55/662 496/54/662 501/65/662
f 498/60/663 497/59/663 502/66/663
f 499/62/664 498/60/664 503/67/664
f 500/57/665 499/62/665 504/68/665
f 496/54/666 505/64/666 501/65/666
f 497/55/667 501/65/667 502/69/667
f 498/60/668 502/66/668 503/67/668
f 499/62/669 503/67/669 504/68/669
f 500/57/670 504/68/670 505/64/670
f 501/65/671 505/64/671 506/70/671
f 502/69/672 501/65/672 506/71/672
f 503/67/673 502/66/673 506/72/673
f 504/68/674 503/67/674 506/73/674
f 505/64/675 504/68/675 506/74/675
f 519/53/696 520/54/696 521/55/696
f 520/54/697 519/56/697 524/57/697
f 519/58/698 521/59/698 522/60/698
f 519/61/699 522/60/699 523/62/699
f 519/63/700 523/62/700 524/57/700
f 520/54/701 524/57/701 529/64/701
f 521/55/702 520/54/702 525/65/702
f 522/60/703 521/59/703 526/66/703
f 523/62/704 522/60/704 527/67/704
f 524/57/705 523/62/705 528/68/705
f 520/54/706 529/64/706 525/65/706
f 521/55/707 525/65/707 526/69/707
f 522/60/708 526/66/708 527/67/708
f 523/62/709 527/67/709 528/68/709
f 524/57/710 528/68/710 529/64/710
f 525/65/711 529/64/711 530/70/711
f 526/69/712 525/65/712 530/71/712
f 527/67/713 526/66/713 530/72/713
f 528/68/714 527/67/714 530/73/714
f 529/64/715 528/68/715 530/74/715
f 531/53/716 532/54/716 533/55/716
f 532/54/717 531/56/717 536/57/717
f 531/58/718 533/59/718 534/60/718
f 531/61/719 534/60/719 535/62/719
f 531/63/720 535/62/720 536/57/720
f 532/54/721 536/57/721 541/64/721
f 533/55/722 532/54/722 537/65/722
f 534/60/723 533/59/723 538/66/723
f 535/62/724 534/60/724 539/67/724
f 536/57/725 535/62/725 540/68/725
f 532/54/726 541/64/726 537/65/726
f 533/55/727 537/65/727 538/69/727
f 534/60/728 538/66/728 539/67/728
f 535/62/729 539/67/729 540/68/729
f 536/57/730 540/68/730 541/64/730
f 537/65/731 541/64/731 542/70/731
f 538/69/732 537/65/732 542/71/732
f 539/67/733 538/66/733 542/72/733
f 540/68/734 539/67/734 542/73/734
f 541/64/735 540/68/735 542/74/735
f 543/53/736 544/54/736 545/55/736
f 544/54/737 543/56/737 548/57/737
f 543/58/738 545/59/738 546/60/738
f 543/61/739 546/60/739 547/62/739
f 543/63/740 547/62/740 548/57/740
f 544/54/741 548/57/741 553/64/741
f 545/55/742 544/54/742 549/65/742
f 546/60/743 545/59/743 550/66/743
f 547/62/744 546/60/744 551/67/744
f 548/57/745 547/62/745 552/68/745
f 544/54/746 553/64/746 549/65/746
f 545/55/747 549/65/747 550/69/747
f 546/60/748 550/66/748 551/67/748
f 547/62/749 551/67/749 552/68/749
f 548/57/750 552/68/750 553/64/750
f 549/65/751 553/64/751 554/70/751
f 550/69/752 549/65/752 554/71/752
f 551/67/753 550/66/753 554/72/753
f 552/68/754 551/67/754 554/73/754
f 553/64/755 552/68/755 554/74/755
f 567/53/776 568/54/776 569/55/776
f 568/54/777 567/56/777 572/57/777
f 567/58/778 569/59/778 570/60/778
f 567/61/779 570/60/779 571/62/779
f 567/63/780 571/62/780 572/57/780
f 568/54/781 572/57/781 577/64/781
f 569/55/782 568/54/782 573/65/782
f 570/60/783 569/59/783 574/66/783
f 571/62/784 570/60/784 575/67/784
f 572/57/785 571/62/785 576/68/785
f 568/54/786 577/64/786 573/65/786
f 569/55/787 573/65/787 574/69/787
f 570/60/788 574/66/788 575/67/788
f 571/62/789 575/67/789 576/68/789
f 572/57/790 576/68/790 577/64/790
f 573/65/791 577/64/791 578/70/791
f 574/69/792 573/65/792 578/71/792
f 575/67/793 574/66/793 578/72/793
f 576/68/794 575/67/794 578/73/794
f 577/64/795 576/68/795 578/74/795
f 579/53/796 580/54/796 581/55/796
f 580/54/797 579/56/797 584/57/797
f 579/58/798 581/59/798 582/60/798
f 579/61/799 582/60/799 583/62/799
f 579/63/800 583/62/800 584/57/800
f 580/54/801 584/57/801 589/64/801
f 581/55/802 580/54/802 585/65/802
f 582/60/803 581/59/803 586/66/803
f 583/62/804 582/60/804 587/67/804
f 584/57/805 583/62/805 588/68/805
f 580/54/806 589/64/806 585/65/806
f 581/55/807 585/65/807 586/69/807
f 582/60/808 586/66/808 587/67/808
f 583/62/809 587/67/809 588/68/809
f 584/57/810 588/68/810 589/64/810
f 585/65/811 589/64/811 590/70/811
f 586/69/812 585/65/812 590/71/812
f 587/67/813 586/66/813 590/72/813
f 588/68/814 587/67/814 590/73/814
f 589/64/815 588/68/815 590/74/815
f 591/53/816 592/54/816 593/55/816
f 592/54/817 591/56/817 596/57/817
f 591/58/818 593/59/818 594/60/818
f 591/61/819 594/60/819 595/62/819
f 591/63/820 595/62/820 596/57/820
f 592/54/821 596/57/821 601/64/821
f 593/55/822 592/54/822 597/65/822
f 594/60/823 593/59/823 598/66/823
f 595/62/824 594/60/824 599/67/824
f 596/57/825 595/62/825 600/68/825
f 592/54/826 601/64/826 597/65/826
f 593/55/827 597/65/827 598/69/827
f 594/60/828 598/66/828 599/67/828
f 595/62/829 599/67/829 600/68/829
f 596/57/830 600/68/830 601/64/830
f 597/65/831 601/64/831 602/70/831
f 598/69/832 597/65/832 602/71/832
f 599/67/833 598/66/833 602/72/833
f 600/68/834 599/67/834 602/73/834
f 601/64/835 600/68/835 602/74/835
f 615/53/856 616/54/856 617/55/856
f 616/54/857 615/56/857 620/57/857
f 615/58/858 617/59/858 618/60/858
f 615/61/859 618/60/859 619/62/859
f 615/63/860 619/62/860 620/57/860
f 616/54/861 620/57/861 625/64/861
f 617/55/862 616/54/862 621/65/862
f 618/60/863 617/59/863 622/66/863
f 619/62/864 618/60/864 623/67/864
f 620/57/865 619/62/865 624/68/865
f 616/54/866 625/64/866 621/65/866
f 617/55/867 621/65/867 622/69/867
f 618/60/868 622/66/868 623/67/868
f 619/62/869 623/67/869 624/68/869
f 620/57/870 624/68/870 625/64/870
f 621/65/871 625/64/871 626/70/871
f 622/69/872 621/65/872 626/71/872
f 623/67/873 622/66/873 626/72/873
f 624/68/874 623/67/874 626/73/874
f 625/64/875 624/68/875 626/74/875
f 627/53/876 628/54/876 629/55/876
f 628/54/877 627/56/877 632/57/877
f 627/58/878 629/59/878 630/60/878
f 627/61/879 630/60/879 631/62/879
f 627/63/880 631/62/880 632/57/880
f 628/54/881 632/57/881 637/64/881
f 629/55/882 628/54/882 633/65/882
f 630/60/883 629/59/883 634/66/883
f 631/62/884 630/60/884 635/67/884
f 632/57/885 631/62/885 636/68/885
f 628/54/886 637/64/886 633/65/886
f 629/55/887 633/65/887 634/69/887
f 630/60/888 634/66/888 635/67/888
f 631/62/889 635/67/889 636/68/889
f 632/57/890 636/68/890 637/64/890
f 633/65/891 637/64/891 638/70/891
f 634/69/892 633/65/892 638/71/892
f 635/67/893 634/66/893 638/72/893
f 636/68/894 635/67/894 638/73/894
f 637/64/895 636/68/895 638/74/895
f 639/53/896 640/54/896 641/55/896
f 640/54/897 639/56/897 644/57/897
f 639/58/898 641/59/898 642/60/898
f 639/61/899 642/60/899 643/62/899
f 639/63/900 643/62/900 644/57/900
f 640/54/901 644/57/901 649/64/901
f 641/55/902 640/54/902 645/65/902
f 642/60/903 641/59/903 646/66/903
f 643/62/904 642/60/904 647/67/904
f 644/57/905 643/62/905 648/68/905
f 640/54/906 649/64/906 645/65/906
f 641/55/907 645/65/907 646/69/907
f 642/60/908 646/66/908 647/67/908
f 643/62/909 647/67/909 648/68/909
f 644/57/910 648/68/910 649/64/910
f 645/65/911 649/64/911 650/70/911
f 646/69/912 645/65/912 650/71/912
f 647/67/913 646/66/913 650/72/913
f 648/68/914 647/67/914 650/73/914
f 649/64/915 648/68/915 650/74/915
f 663/53/936 664/54/936 665/55/936
f 664/54/937 663/56/937 668/57/937
f 663/58/938 665/59/938 666/60/938
f 663/61/939 666/60/939 667/62/939
f 663/63/940 667/62/940 668/57/940
f 664/54/941 668/57/941 673/64/941
f 665/55/942 664/54/942 669/65/942
f 666/60/943 665/59/943 670/66/943
f 667/62/944 666/60/944 671/67/944
f 668/57/945 667/62/945 672/68/945
f 664/54/946 673/64/946 669/65/946
f 665/55/947 669/65/947 670/69/947
f 666/60/948 670/66/948 671/67/948
f 667/62/949 671/67/949 672/68/949
f 668/57/950 672/68/950 673/64/950
f 669/65/951 673/64/951 674/70/951
f 670/69/952 669/65/952 674/71/952
f 671/67/953 670/66/953 674/72/953
f 672/68/954 671/67/954 674/73/954
f 673/64/955 672/68/955 674/74/955
f 687/53/976 688/54/976 689/55/976
f 688/54/977 687/56/977 692/57/977
f 687/58/978 689/59/978 690/60/978
f 687/61/979 690/60/979 691/62/979
f 687/63/980 691/62/980 692/57/980
f 688/54/981 692/57/981 697/64/981
f 689/55/982 688/54/982 693/65/982
f 690/60/983 689/59/983 694/66/983
f 691/62/984 690/60/984 695/67/984
f 692/57/985 691/62/985 696/68/985
f 688/54/986 697/64/986 693/65/986
f 689/55/987 693/65/987 694/69/987
f 690/60/988 694/66/988 695/67/988
f 691/62/989 695/67/989 696/68/989
f 692/57/990 696/68/990 697/64/990
f 693/65/991 697/64/991 698/70/991
f 694/69/992 693/65/992 698/71/992
f 695/67/993 694/66/993 698/72/993
f 696/68/994 695/67/994 698/73/994
f 697/64/995 696/68/995 698/74/995
f 699/53/996 700/54/996 701/55/996
f 700/54/997 699/56/997 704/57/997
f 699/58/998 701/59/998 702/60/998
f 699/61/999 702/60/999 703/62/999
f 699/63/1000 703/62/1000 704/57/1000
f 700/54/1001 704/57/1001 709/64/1001
f 701/55/1002 700/54/1002 705/65/1002
f 702/60/1003 701/59/1003 706/66/1003
f 703/62/1004 702/60/1004 707/67/1004
f 704/57/1005 703/62/1005 708/68/1005
f 700/54/1006 709/64/1006 705/65/1006
f 701/55/1007 705/65/1007 706/69/1007
f 702/60/1008 706/66/1008 707/67/1008
f 703/62/1009 707/67/1009 708/68/1009
f 704/57/1010 708/68/1010 709/64/1010
f 705/65/1011 709/64/1011 710/70/1011
f 706/69/1012 705/65/1012 710/71/1012
f 707/67/1013 706/66/1013 710/72/1013
f 708/68/1014 707/67/1014 710/73/1014
f 709/64/1015 708/68/1015 710/74/1015
f 711/53/1016 712/54/1016 713/55/1016
f 712/54/1017 711/56/1017 716/57/1017
f 711/58/1018 713/59/1018 714/60/1018
f 711/61/1019 714/60/1019 715/62/1019
f 711/63/1020 715/62/1020 716/57/1020
f 712/54/1021 716/57/1021 721/64/1021
f 713/55/1022 712/54/1022 717/65/1022
f 714/60/1023 713/59/1023 718/66/1023
f 715/62/1024 714/60/1024 719/67/1024
f 716/57/1025 715/62/1025 720/68/1025
f 712/54/1026 721/64/1026 717/65/1026
f 713/55/1027 717/65/1027 718/69/1027
f 714/60/1028 718/66/1028 719/67/1028
f 715/62/1029 719/67/1029 720/68/1029
f 716/57/1030 720/68/1030 721/64/1030
f 717/65/1031 721/64/1031 722/70/1031
f 718/69/1032 717/65/1032 722/71/1032
f 719/67/1033 718/66/1033 722/72/1033
f 720/68/1034 719/67/1034 722/73/1034
f 721/64/1035 720/68/1035 722/74/1035
f 735/53/1056 736/54/1056 737/55/1056
f 736/54/1057 735/56/1057 740/57/1057
f 735/58/1058 737/59/1058 738/60/1058
f 735/61/1059 738/60/1059 739/62/1059
f 735/63/1060 739/62/1060 740/57/1060
f 736/54/1061 740/57/1061 745/64/1061
f 737/55/1062 736/54/1062 741/65/1062
f 738/60/1063 737/59/1063 742/66/1063
f 739/62/1064 738/60/1064 743/67/1064
f 740/57/1065 739/62/1065 744/68/1065
f 736/54/1066 745/64/1066 741/65/1066
f 737/55/1067 741/65/1067 742/69/1067
f 738/60/1068 742/66/1068 743/67/1068
f 739/62/1069 743/67/1069 744/68/1069
f 740/57/1070 744/68/1070 745/64/1070
f 741/65/1071 745/64/1071 746/70/1071
f 742/69/1072 741/65/1072 746/71/1072
f 743/67/1073 742/66/1073 746/72/1073
f 744/68/1074 743/67/1074 746/73/1074
f 745/64/1075 744/68/1075 746/74/1075
f 747/53/1076 748/54/1076 749/55/1076
f 748/54/1077 747/56/1077 752/57/1077
f 747/58/1078 749/59/1078 750/60/1078
f 747/61/1079 750/60/1079 751/62/1079
f 747/63/1080 751/62/1080 752/57/1080
f 748/54/1081 752/57/1081 757/64/1081
f 749/55/1082 748/54/1082 753/65/1082
f 750/60/1083 749/59/1083 754/66/1083
f 751/62/1084 750/60/1084 755/67/1084
f 752/57/1085 751/62/1085 756/68/1085
f 748/54/1086 757/64/1086 753/65/1086
f 749/55/1087 753/65/1087 754/69/1087
f 750/60/1088 754/66/1088 755/67/1088
f 751/62/1089 755/67/1089 756/68/1089
f 752/57/1090 756/68/1090 757/64/1090
f 753/65/1091 757/64/1091 758/70/1091
f 754/69/1092 753/65/1092 758/71/1092
f 755/67/1093 754/66/1093 758/72/1093
f 756/68/1094 755/67/1094 758/73/1094
f 757/64/1095 756/68/1095 758/74/1095
f 759/53/1096 760/54/1096 761/55/1096
f 760/54/1097 759/56/1097 764/57/1097
f 759/58/1098 761/59/1098 762/60/1098
f 759/61/1099 762/60/1099 763/62/1099
f 759/63/1100 763/62/1100 764/57/1100
f 760/54/1101 764/57/1101 769/64/1101
f 761/55/1102 760/54/1102 765/65/1102
f 762/60/1103 761/59/1103 766/66/1103
f 763/62/1104 762/60/1104 767/67/1104
f 764/57/1105 763/62/1105 768/68/1105
f 760/54/1106 769/64/1106 765/65/1106
f 761/55/1107 765/65/1107 766/69/1107
f 762/60/1108 766/66/1108 767/67/1108
f 763/62/1109 767/67/1109 768/68/1109
f 764/57/1110 768/68/1110 769/64/1110
f 765/65/1111 769/64/1111 770/70/1111
f 766/69/1112 765/65/1112 770/71/1112
f 767/67/1113 766/66/1113 770/72/1113
f 768/68/1114 767/67/1114 770/73/1114
f 769/64/1115 768/68/1115 770/74/1115
f 783/53/1136 784/54/1136 785/55/1136
f 784/54/1137 783/56/1137 788/57/1137
f 783/58/1138 785/59/1138 786/60/1138
f 783/61/1139 786/60/1139 787/62/1139
f 783/63/1140 787/62/1140 788/57/1140
f 784/54/1141 788/57/1141 793/64/1141
f 785/55/1142 784/54/1142 789/65/1142
f 786/60/1143 785/59/1143 790/66/1143
f 787/62/1144 786/60/1144 791/67/1144
f 788/57/1145 787/62/1145 792/68/1145
f 784/54/1146 793/64/1146 789/65/1146
f 785/55/1147 789/65/1147 790/69/1147
f 786/60/1148 790/66/1148 791/67/1148
f 787/62/1149 791/67/1149 792/68/1149
f 788/57/1150 792/68/1150 793/64/1150
f 789/65/1151 793/64/1151 794/70/1151
f 790/69/1152 789/65/1152 794/71/1152
f 791/67/1153 790/66/1153 794/72/1153
f 792/68/1154 791/67/1154 794/73/1154
f 793/64/1155 792/68/1155 794/74/1155
f 795/53/1156 796/54/1156 797/55/1156
f 796/54/1157 795/56/1157 800/57/1157
f 795/58/1158 797/59/1158 798/60/1158
f 795/61/1159 798/60/1159 799/62/1159
f 795/63/1160 799/62/1160 800/57/1160
f 796/54/1161 800/57/1161 805/64/1161
f 797/55/1162 796/54/1162 801/65/1162
f 798/60/1163 797/59/1163 802/66/1163
f 799/62/1164 798/60/1164 803/67/1164
f 800/57/1165 799/62/1165 804/68/1165
f 796/54/1166 805/64/1166 801/65/1166
f 797/55/1167 801/65/1167 802/69/1167
f 798/60/1168 802/66/1168 803/67/1168
f 799/62/1169 803/67/1169 804/68/1169
f 800/57/1170 804/68/1170 805/64/1170
f 801/65/1171 805/64/1171 806/70/1171
f 802/69/1172 801/65/1172 806/71/1172
f 803/67/1173 802/66/1173 806/72/1173
f 804/68/1174 803/67/1174 806/73/1174
f 805/64/1175 804/68/1175 806/74/1175
f 807/53/1176 808/54/1176 809/55/1176
f 808/54/1177 807/56/1177 812/57/1177
f 807/58/1178 809/59/1178 810/60/1178
f 807/61/1179 810/60/1179 811/62/1179
f 807/63/1180 811/62/1180 812/57/1180
f 808/54/1181 812/57/1181 817/64/1181
f 809/55/1182 808/54/1182 813/65/1182
f 810/60/1183 809/59/1183 814/66/1183
f 811/62/1184 810/60/1184 815/67/1184
f 812/57/1185 811/62/1185 816/68/1185
f 808/54/1186 817/64/1186 813/65/1186
f 809/55/1187 813/65/1187 814/69/1187
f 810/60/1188 814/66/1188 815/67/1188
f 811/62/1189 815/67/1189 816/68/1189
f 812/57/1190 816/68/1190 817/64/1190
f 813/65/1191 817/64/1191 818/70/1191
f 814/69/1192 813/65/1192 818/71/1192
f 815/67/1193 814/66/1193 818/72/1193
f 816/68/1194 815/67/1194 818/73/1194
f 817/64/1195 816/68/1195 818/74/1195
f 831/53/1216 832/54/1216 833/55/1216
f 832/54/1217 831/56/1217 836/57/1217
f 831/58/1218 833/59/1218 834/60/1218
f 831/61/1219 834/60/1219 835/62/1219
f 831/63/1220 835/62/1220 836/57/1220
f 832/54/1221 836/57/1221 841/64/1221
f 833/55/1222 832/54/1222 837/65/1222
f 834/60/1223 833/59/1223 838/66/1223
f 835/62/1224 834/60/1224 839/67/1224
f 836/57/1225 835/62/1225 840/68/1225
f 832/54/1226 841/64/1226 837/65/1226
f 833/55/1227 837/65/1227 838/69/1227
f 834/60/1228 838/66/1228 839/67/1228
f 835/62/1229 839/67/1229 840/68/1229
f 836/57/1230 840/68/1230 841/64/1230
f 837/65/1231 841/64/1231 842/70/1231
f 838/69/1232 837/65/1232 842/71/1232
f 839/67/1233 838/66/1233 842/72/1233
f 840/68/1234 839/67/1234 842/73/1234
f 841/64/1235 840/68/1235 842/74/1235
f 855/53/1256 856/54/1256 857/55/1256
f 856/54/1257 855/56/1257 860/57/1257
f 855/58/1258 857/59/1258 858/60/1258
f 855/61/1259 858/60/1259 859/62/1259
f 855/63/1260 859/62/1260 860/57/1260
f 856/54/1261 860/57/1261 865/64/1261
f 857/55/1262 856/54/1262 861/65/1262
f 858/60/1263 857/59/1263 862/66/1263
f 859/62/1264 858/60/1264 863/67/1264
f 860/57/1265 859/62/1265 864/68/1265
f 856/54/1266 865/64/1266 861/65/1266
f 857/55/1267 861/65/1267 862/69/1267
f 858/60/1268 862/66/1268 863/67/1268
f 859/62/1269 863/67/1269 864/68/1269
f 860/57/1270 864/68/1270 865/64/1270
f 861/65/1271 865/64/1271 866/70/1271
f 862/69/1272 861/65/1272 866/71/1272
f 863/67/1273 862/66/1273 866/72/1273
f 864/68/1274 863/67/1274 866/73/1274
f 865/64/1275 864/68/1275 866/74/1275
f 867/53/1276 868/54/1276 869/55/1276
f 868/54/1277 867/56/1277 872/57/1277
f 867/58/1278 869/59/1278 870/60/1278
f 867/61/1279 870/60/1279 871/62/1279
f 867/63/1280 871/62/1280 872/57/1280
f 868/54/1281 872/57/1281 877/64/1281
f 869/55/1282 868/54/1282 873/65/1282
f 870/60/1283 869/59/1283 874/66/1283
f 871/62/1284 870/60/1284 875/67/1284
f 872/57/1285 871/62/1285 876/68/1285
f 868/54/1286 877/64/1286 873/65/1286
f 869/55/1287 873/65/1287 874/69/1287
f 870/60/1288 874/66/1288 875/67/1288
f 871/62/1289 875/67/1289 876/68/1289
f 872/57/1290 876/68/1290 877/64/1290
f 873/65/1291 877/64/1291 878/70/1291
f 874/69/1292 873/65/1292 878/71/1292
f 875/67/1293 874/66/1293 878/72/1293
f 876/68/1294 875/67/1294 878/73/1294
f 877/64/1295 876/68/1295 878/74/1295
f 879/53/1296 880/54/1296 881/55/1296
f 880/54/1297 879/56/1297 884/57/1297
f 879/58/1298 881/59/1298 882/60/1298
f 879/61/1299 882/60/1299 883/62/1299
f 879/63/1300 883/62/1300 884/57/1300
f 880/54/1301 884/57/1301 889/64/1301
f 881/55/1302 880/54/1302 885/65/1302
f 882/60/1303 881/59/1303 886/66/1303
f 883/62/1304 882/60/1304 887/67/1304
f 884/57/1305 883/62/1305 888/68/1305
f 880/54/1306 889/64/1306 885/65/1306
f 881/55/1307 885/65/1307 886/69/1307
f 882/60/1308 886/66/1308 887/67/1308
f 883/62/1309 887/67/1309 888/68/1309
f 884/57/1310 888/68/1310 889/64/1310
f 885/65/1311 889/64/1311 890/70/1311
f 886/69/1312 885/65/1312 890/71/1312
f 887/67/1313 886/66/1313 890/72/1313
f 888/68/1314 887/67/1314 890/73/1314
f 889/64/1315 888/68/1315 890/74/1315
f 903/53/1336 904/54/1336 905/55/1336
f 904/54/1337 903/56/1337 908/57/1337
f 903/58/1338 905/59/1338 906/60/1338
f 903/61/1339 906/60/1339 907/62/1339
f 903/63/1340 907/62/1340 908/57/1340
f 904/54/1341 908/57/1341 913/64/1341
f 905/55/1342 904/54/1342 909/65/1342
f 906/60/1343 905/59/1343 910/66/1343
f 907/62/1344 906/60/1344 911/67/1344
f 908/57/1345 907/62/1345 912/68/1345
f 904/54/1346 913/64/1346 909/65/1346
f 905/55/1347 909/65/1347 910/69/1347
f 906/60/1348 910/66/1348 911/67/1348
f 907/62/1349 911/67/1349 912/68/1349
f 908/57/1350 912/68/1350 913/64/1350
f 909/65/1351 913/64/1351 914/70/1351
f 910/69/1352 909/65/1352 914/71/1352
f 911/67/1353 910/66/1353 914/72/1353
f 912/68/1354 911/67/1354 914/73/1354
f 913/64/1355 912/68/1355 914/74/1355
f 915/53/1356 916/54/1356 917/55/1356
f 916/54/1357 915/56/1357 920/57/1357
f 915/58/1358 917/59/1358 918/60/1358
f 915/61/1359 918/60/1359 919/62/1359
f 915/63/1360 919/62/1360 920/57/1360
f 916/54/1361 920/57/1361 925/64/1361
f 917/55/1362 916/54/1362 921/65/1362
f 918/60/1363 917/59/1363 922/66/1363
f 919/62/1364 918/60/1364 923/67/1364
f 920/57/1365 919/62/1365 924/68/1365
f 916/54/1366 925/64/1366 921/65/1366
f 917/55/1367 921/65/1367 922/69/1367
f 918/60/1368 922/66/1368 923/67/1368
f 919/62/1369 923/67/1369 924/68/1369
f 920/57/1370 924/68/1370 925/64/1370
f 921/65/1371 925/64/1371 926/70/1371
f 922/69/1372 921/65/1372 926/71/1372
f 923/67/1373 922/66/1373 926/72/1373
f 924/68/1374 923/67/1374 926/73/1374
f 925/64/1375 924/68/1375 926/74/1375
f 927/53/1376 928/54/1376 929/55/1376
f 928/54/1377 927/56/1377 932/57/1377
f 927/58/1378 929/59/1378 930/60/1378
f 927/61/1379 930/60/1379 931/62/1379
f 927/63/1380 931/62/1380 932/57/1380
f 928/54/1381 932/57/1381 937/64/1381
f 929/55/1382 928/54/1382 933/65/1382
f 930/60/1383 929/59/1383 934/66/1383
f 931/62/1384 930/60/1384 935/67/1384
f 932/57/1385 931/62/1385 936/68/1385
f 928/54/1386 937/64/1386 933/65/1386
f 929/55/1387 933/65/1387 934/69/1387
f 930/60/1388 934/66/1388 935/67/1388
f 931/62/1389 935/67/1389 936/68/1389
f 932/57/1390 936/68/1390 937/64/1390
f 933/65/1391 937/64/1391 938/70/1391
f 934/69/1392 933/65/1392 938/71/1392
f 935/67/1393 934/66/1393 938/72/1393
f 936/68/1394 935/67/1394 938/73/1394
f 937/64/1395 936/68/1395 938/74/1395
f 951/53/1416 952/54/1416 953/55/1416
f 952/54/1417 951/56/1417 956/57/1417
f 951/58/1418 953/59/1418 954/60/1418
f 951/61/1419 954/60/1419 955/62/1419
f 951/63/1420 955/62/1420 956/57/1420
f 952/54/1421 956/57/1421 961/64/1421
f 953/55/1422 952/54/1422 957/65/1422
f 954/60/1423 953/59/1423 958/66/1423
f 955/62/1424 954/60/1424 959/67/1424
f 956/57/1425 955/62/1425 960/68/1425
f 952/54/1426 961/64/1426 957/65/1426
f 953/55/1427 957/65/1427 958/69/1427
f 954/60/1428 958/66/1428 959/67/1428
f 955/62/1429 959/67/1429 960/68/1429
f 956/57/1430 960/68/1430 961/64/1430
f 957/65/1431 961/64/1431 962/70/1431
f 958/69/1432 957/65/1432 962/71/1432
f 959/67/1433 958/66/1433 962/72/1433
f 960/68/1434 959/67/1434 962/73/1434
f 961/64/1435 960/68/1435 962/74/1435
f 963/53/1436 964/54/1436 965/55/1436
f 964/54/1437 963/56/1437 968/57/1437
f 963/58/1438 965/59/1438 966/60/1438
f 963/61/1439 966/60/1439 967/62/1439
f 963/63/1440 967/62/1440 968/57/1440
f 964/54/1441 968/57/1441 973/64/1441
f 965/55/1442 964/54/1442 969/65/1442
f 966/60/1443 965/59/1443 970/66/1443
f 967/62/1444 966/60/1444 971/67/1444
f 968/57/1445 967/62/1445 972/68/1445
f 964/54/1446 973/64/1446 969/65/1446
f 965/55/1447 969/65/1447 970/69/1447
f 966/60/1448 970/66/1448 971/67/1448
f 967/62/1449 971/67/1449 972/68/1449
f 968/57/1450 972/68/1450 973/64/1450
f 969/65/1451 973/64/1451 974/70/1451
f 970/69/1452 969/65/1452 974/71/1452
f 971/67/1453 970/66/1453 974/72/1453
f 972/68/1454 971/67/1454 974/73/1454
f 973/64/1455 972/68/1455 974/74/1455
f 975/53/1456 976/54/1456 977/55/1456
f 976/54/1457 975/56/1457 980/57/1457
f 975/58/1458 977/59/1458 978/60/1458
f 975/61/1459 978/60/1459 979/62/1459
f 975/63/1460 979/62/1460 980/57/1460
f 976/54/1461 980/57/1461 985/64/1461
f 977/55/1462 976/54/1462 981/65/1462
f 978/60/1463 977/59/1463 982/66/1463
f 979/62/1464 978/60/1464 983/67/1464
f 980/57/1465 979/62/1465 984/68/1465
f 976/54/1466 985/64/1466 981/65/1466
f 977/55/1467 981/65/1467 982/69/1467
f 978/60/1468 982/66/1468 983/67/1468
f 979/62/1469 983/67/1469 984/68/1469
f 980/57/1470 984/68/1470 985/64/1470
f 981/65/1471 985/64/1471 986/70/1471
f 982/69/1472 981/65/1472 986/71/1472
f 983/67/1473 982/66/1473 986/72/1473
f 984/68/1474 983/67/1474 986/73/1474
f 985/64/1475 984/68/1475 986/74/1475
f 999/53/1496 1000/54/1496 1001/55/1496
f 1000/54/1497 999/56/1497 1004/57/1497
f 999/58/1498 1001/59/1498 1002/60/1498
f 999/61/1499 1002/60/1499 1003/62/1499
f 999/63/1500 1003/62/1500 1004/57/1500
f 1000/54/1501 1004/57/1501 1009/64/1501
f 1001/55/1502 1000/54/1502 1005/65/1502
f 1002/60/1503 1001/59/1503 1006/66/1503
f 1003/62/1504 1002/60/1504 1007/67/1504
f 1004/57/1505 1003/62/1505 1008/68/1505
f 1000/54/1506 1009/64/1506 1005/65/1506
f 1001/55/1507 1005/65/1507 1006/69/1507
f 1002/60/1508 1006/66/1508 1007/67/1508
f 1003/62/1509 1007/67/1509 1008/68/1509
f 1004/57/1510 1008/68/1510 1009/64/1510
f 1005/65/1511 1009/64/1511 1010/70/1511
f 1006/69/1512 1005/65/1512 1010/71/1512
f 1007/67/1513 1006/66/1513 1010/72/1513
f 1008/68/1514 1007/67/1514 1010/73/1514
f 1009/64/1515 1008/68/1515 1010/74/1515
f 1023/53/1536 1024/54/1536 1025/55/1536
f 1024/54/1537 1023/56/1537 1028/57/1537
f 1023/58/1538 1025/59/1538 1026/60/1538
f 1023/61/1539 1026/60/1539 1027/62/1539
f 1023/63/1540 1027/62/1540 1028/57/1540
f 1024/54/1541 1028/57/1541 1033/64/1541
f 1025/55/1542 1024/54/1542 1029/65/1542
f 1026/60/1543 1025/59/1543 1030/66/1543
f 1027/62/1544 1026/60/1544 1031/67/1544
f 1028/57/1545 1027/62/1545 1032/68/1545
f 1024/54/1546 1033/64/1546 1029/65/1546
f 1025/55/1547 1029/65/1547 1030/69/1547
f 1026/60/1548 1030/66/1548 1031/67/1548
f 1027/62/1549 1031/67/1549 1032/68/1549
f 1028/57/1550 1032/68/1550 1033/64/1550
f 1029/65/1551 1033/64/1551 1034/70/1551
f 1030/69/1552 1029/65/1552 1034/71/1552
f 1031/67/1553 1030/66/1553 1034/72/1553
f 1032/68/1554 1031/67/1554 1034/73/1554
f 1033/64/1555 1032/68/1555 1034/74/1555
f 1035/53/1556 1036/54/1556 1037/55/1556
f 1036/54/1557 1035/56/1557 1040/57/1557
f 1035/58/1558 1037/59/1558 1038/60/1558
f 1035/61/1559 1038/60/1559 1039/62/1559
f 1035/63/1560 1039/62/1560 1040/57/1560
f 1036/54/1561 1040/57/1561 1045/64/1561
f 1037/55/1562 1036/54/1562 1041/65/1562
f 1038/60/1563 1037/59/1563 1042/66/1563
f 1039/62/1564 1038/60/1564 1043/67/1564
f 1040/57/1565 1039/62/1565 1044/68/1565
f 1036/54/1566 1045/64/1566 1041/65/1566
f 1037/55/1567 1041/65/1567 1042/69/1567
f 1038/60/1568 1042/66/1568 1043/67/1568
f 1039/62/1569 1043/67/1569 1044/68/1569
f 1040/57/1570 1044/68/1570 1045/64/1570
f 1041/65/1571 1045/64/1571 1046/70/1571
f 1042/69/1572 1041/65/1572 1046/71/1572
f 1043/67/1573 1042/66/1573 1046/72/1573
f 1044/68/1574 1043/67/1574 1046/73/1574
f 1045/64/1575 1044/68/1575 1046/74/1575
f 1047/53/1576 1048/54/1576 1049/55/1576
f 1048/54/1577 1047/56/1577 1052/57/1577
f 1047/58/1578 1049/59/1578 1050/60/1578
f 1047/61/1579 1050/60/1579 1051/62/1579
f 1047/63/1580 1051/62/1580 1052/57/1580
f 1048/54/1581 1052/57/1581 1057/64/1581
f 1049/55/1582 1048/54/1582 1053/65/1582
f 1050/60/1583 1049/59/1583 1054/66/1583
f 1051/62/1584 1050/60/1584 1055/67/1584
f 1052/57/1585 1051/62/1585 1056/68/1585
f 1048/54/1586 1057/64/1586 1053/65/1586
f 1049/55/1587 1053/65/1587 1054/69/1587
f 1050/60/1588 1054/66/1588 1055/67/1588
f 1051/62/1589 1055/67/1589 1056/68/1589
f 1052/57/1590 1056/68/1590 1057/64/1590
f 1053/65/1591 1057/64/1591 1058/70/1591
f 1054/69/1592 1053/65/1592 1058/71/1592
f 1055/67/1593 1054/66/1593 1058/72/1593
f 1056/68/1594 1055/67/1594 1058/73/1594
f 1057/64/1595 1056/68/1595 1058/74/1595
f 1071/53/1616 1072/54/1616 1073/55/1616
f 1072/54/1617 1071/56/1617 1076/57/1617
f 1071/58/1618 1073/59/1618 1074/60/1618
f 1071/61/1619 1074/60/1619 1075/62/1619
f 1071/63/1620 1075/62/1620 1076/57/1620
f 1072/54/1621 1076/57/1621 1081/64/1621
f 1073/55/1622 1072/54/1622 1077/65/1622
f 1074/60/1623 1073/59/1623 1078/66/1623
f 1075/62/1624 1074/60/1624 1079/67/1624
f 1076/57/1625 1075/62/1625 1080/68/1625
f 1072/54/1626 1081/64/1626 1077/65/1626
f 1073/55/1627 1077/65/1627 1078/69/1627
f 1074/60/1628 1078/66/1628 1079/67/1628
f 1075/62/1629 1079/67/1629 1080/68/1629
f 1076/57/1630 1080/68/1630 1081/64/1630
f 1077/65/1631 1081/64/1631 1082/70/1631
f 1078/69/1632 1077/65/1632 1082/71/1632
f 1079/67/1633 1078/66/1633 1082/72/1633
f 1080/68/1634 1079/67/1634 1082/73/1634
f 1081/64/1635 1080/68/1635 1082/74/1635
f 1083/53/1636 1084/54/1636 1085/55/1636
f 1084/54/1637 1083/56/1637 1088/57/1637
f 1083/58/1638 1085/59/1638 1086/60/1638
f 1083/61/1639 1086/60/1639 1087/62/1639
f 1083/63/1640 1087/62/1640 1088/57/1640
f 1084/54/1641 1088/57/1641 1093/64/1641
f 1085/55/1642 1084/54/1642 1089/65/1642
f 1086/60/1643 1085/59/1643 1090/66/1643
f 1087/62/1644 1086/60/1644 1091/67/1644
f 1088/57/1645 1087/62/1645 1092/68/1645
f 1084/54/1646 1093/64/1646 1089/65/1646
f 1085/55/1647 1089/65/1647 1090/69/1647
f 1086/60/1648 1090/66/1648 1091/67/1648
f 1087/62/1649 1091/67/1649 1092/68/1649
f 1088/57/1650 1092/68/1650 1093/64/1650
f 1089/65/1651 1093/64/1651 1094/70/1651
f 1090/69/1652 1089/65/1652 1094/71/1652
f 1091/67/1653 1090/66/1653 1094/72/1653
f 1092/68/1654 1091/67/1654 1094/73/1654
f 1093/64/1655 1092/68/1655 1094/74/1655
f 1095/53/1656 1096/54/1656 1097/55/1656
f 1096/54/1657 1095/56/1657 1100/57/1657
f 1095/58/1658 1097/59/1658 1098/60/1658
f 1095/61/1659 1098/60/1659 1099/62/1659
f 1095/63/1660 1099/62/1660 1100/57/1660
f 1096/54/1661 1100/57/1661 1105/64/1661
f 1097/55/1662 1096/54/1662 1101/65/1662
f 1098/60/1663 1097/59/1663 1102/66/1663
f 1099/62/1664 1098/60/1664 1103/67/1664
f 1100/57/1665 1099/62/1665 1104/68/1665
f 1096/54/1666 1105/64/1666 1101/65/1666
f 1097/55/1667 1101/65/1667 1102/69/1667
f 1098/60/1668 1102/66/1668 1103/67/1668
f 1099/62/1669 1103/67/1669 1104/68/1669
f 1100/57/1670 1104/68/1670 1105/64/1670
f 1101/65/1671 1105/64/1671 1106/70/1671
f 1102/69/1672 1101/65/1672 1106/71/1672
f 1103/67/1673 1102/66/1673 1106/72/1673
f 1104/68/1674 1103/67/1674 1106/73/1674
f 1105/64/1675 1104/68/1675 1106/74/1675
f 1119/53/1696 1120/54/1696 1121/55/1696
f 1120/54/1697 1119/56/1697 1124/57/1697
f 1119/58/1698 1121/59/1698 1122/60/1698
f 1119/61/1699 1122/60/1699 1123/62/1699
f 1119/63/1700 1123/62/1700 1124/57/1700
f 1120/54/1701 1124/57/1701 1129/64/1701
f 1121/55/1702 1120/54/1702 1125/65/1702
f 1122/60/1703 1121/59/1703 1126/66/1703
f 1123/62/1704 1122/60/1704 1127/67/1704
f 1124/57/1705 1123/62/1705 1128/68/1705
f 1120/54/1706 1129/64/1706 1125/65/1706
f 1121/55/1707 1125/65/1707 1126/69/1707
f 1122/60/1708 1126/66/1708 1127/67/1708
f 1123/62/1709 1127/67/1709 1128/68/1709
f 1124/57/1710 1128/68/1710 1129/64/1710
f 1125/65/1711 1129/64/1711 1130/70/1711
f 1126/69/1712 1125/65/1712 1130/71/1712
f 1127/67/1713 1126/66/1713 1130/72/1713
f 1128/68/1714 1127/67/1714 1130/73/1714
f 1129/64/1715 1128/68/1715 1130/74/1715
f 1131/53/1716 1132/54/1716 1133/55/1716
f 1132/54/1717 1131/56/1717 1136/57/1717
f 1131/58/1718 1133/59/1718 1134/60/1718
f 1131/61/1719 1134/60/1719 1135/62/1719
f 1131/63/1720 1135/62/1720 1136/57/1720
f 1132/54/1721 1136/57/1721 1141/64/1721
f 1133/55/1722 1132/54/1722 1137/65/1722
f 1134/60/1723 1133/59/1723 1138/66/1723
f 1135/62/1724 1134/60/1724 1139/67/1724
f 1136/57/1725 1135/62/1725 1140/68/1725
f 1132/54/1726 1141/64/1726 1137/65/1726
f 1133/55/1727 1137/65/1727 1138/69/1727
f 1134/60/1728 1138/66/1728 1139/67/1728
f 1135/62/1729 1139/67/1729 1140/68/1729
f 1136/57/1730 1140/68/1730 1141/64/1730
f 1137/65/1731 1141/64/1731 1142/70/1731
f 1138/69/1732 1137/65/1732 1142/71/1732
f 1139/67/1733 1138/66/1733 1142/72/1733
f 1140/68/1734 1139/67/1734 1142/73/1734
f 1141/64/1735 1140/68/1735 1142/74/1735
f 1143/53/1736 1144/54/1736 1145/55/1736
f 1144/54/1737 1143/56/1737 1148/57/1737
f 1143/58/1738 1145/59/1738 1146/60/1738
f 1143/61/1739 1146/60/1739 1147/62/1739
f 1143/63/1740 1147/62/1740 1148/57/1740
f 1144/54/1741 1148/57/1741 1153/64/1741
f 1145/55/1742 1144/54/1742 1149/65/1742
f 1146/60/1743 1145/59/1743 1150/66/1743
f 1147/62/1744 1146/60/1744 1151/67/1744
f 1148/57/1745 1147/62/1745 1152/68/1745
f 1144/54/1746 1153/64/1746 1149/65/1746
f 1145/55/1747 1149/65/1747 1150/69/1747
f 1146/60/1748 1150/66/1748 1151/67/1748
f 1147/62/1749 1151/67/1749 1152/68/1749
f 1148/57/1750 1152/68/1750 1153/64/1750
f 1149/65/1751 1153/64/1751 1154/70/1751
f 1150/69/1752 1149/65/1752 1154/71/1752
f 1151/67/1753 1150/66/1753 1154/72/1753
f 1152/68/1754 1151/67/1754 1154/73/1754
f 1153/64/1755 1152/68/1755 1154/74/1755
f 1167/53/1776 1168/54/1776 1169/55/1776
f 1168/54/1777 1167/56/1777 1172/57/1777
f 1167/58/1778 1169/59/1778 1170/60/1778
f 1167/61/1779 1170/60/1779 1171/62/1779
f 1167/63/1780 1171/62/1780 1172/57/1780
f 1168/54/1781 1172/57/1781 1177/64/1781
f 1169/55/1782 1168/54/1782 1173/65/1782
f 1170/60/1783 1169/59/1783 1174/66/1783
f 1171/62/1784 1170/60/1784 1175/67/1784
f 1172/57/1785 1171/62/1785 1176/68/1785
f 1168/54/1786 1177/64/1786 1173/65/1786
f 1169/55/1787 1173/65/1787 1174/69/1787
f 1170/60/1788 1174/66/1788 1175/67/1788
f 1171/62/1789 1175/67/1789 1176/68/1789
f 1172/57/1790 1176/68/1790 1177/64/1790
f 1173/65/1791 1177/64/1791 1178/70/1791
f 1174/69/1792 1173/65/1792 1178/71/1792
f 1175/67/1793 1174/66/1793 1178/72/1793
f 1176/68/1794 1175/67/1794 1178/73/1794
f 1177/64/1795 1176/68/1795 1178/74/1795
f 1191/53/1816 1192/54/1816 1193/55/1816
f 1192/54/1817 1191/56/1817 1196/57/1817
f 1191/58/1818 1193/59/1818 1194/60/1818
f 1191/61/1819 1194/60/1819 1195/62/1819
f 1191/63/1820 1195/62/1820 1196/57/1820
f 1192/54/1821 1196/57/1821 1201/64/1821
f 1193/55/1822 1192/54/1822 1197/65/1822
f 1194/60/1823 1193/59/1823 1198/66/1823
f 1195/62/1824 1194/60/1824 1199/67/1824
f 1196/57/1825 1195/62/1825 1200/68/1825
f 1192/54/1826 1201/64/1826 1197/65/1826
f 1193/55/1827 1197/65/1827 1198/69/1827
f 1194/60/1828 1198/66/1828 1199/67/1828
f 1195/62/1829 1199/67/1829 1200/68/1829
f 1196/57/1830 1200/68/1830 1201/64/1830
f 1197/65/1831 1201/64/1831 1202/70/1831
f 1198/69/1832 1197/65/1832 1202/71/1832
f 1199/67/1833 1198/66/1833 1202/72/1833
f 1200/68/1834 1199/67/1834 1202/73/1834
f 1201/64/1835 1200/68/1835 1202/74/1835
f 1203/53/1836 1204/54/1836 1205/55/1836
f 1204/54/1837 1203/56/1837 1208/57/1837
f 1203/58/1838 1205/59/1838 1206/60/1838
f 1203/61/1839 1206/60/1839 1207/62/1839
f 1203/63/1840 1207/62/1840 1208/57/1840
f 1204/54/1841 1208/57/1841 1213/64/1841
f 1205/55/1842 1204/54/1842 1209/65/1842
f 1206/60/1843 1205/59/1843 1210/66/1843
f 1207/62/1844 1206/60/1844 1211/67/1844
f 1208/57/1845 1207/62/1845 1212/68/1845
f 1204/54/1846 1213/64/1846 1209/65/1846
f 1205/55/1847 1209/65/1847 1210/69/1847
f 1206/60/1848 1210/66/1848 1211/67/1848
f 1207/62/1849 1211/67/1849 1212/68/1849
f 1208/57/1850 1212/68/1850 1213/64/1850
f 1209/65/1851 1213/64/1851 1214/70/1851
f 1210/69/1852 1209/65/1852 1214/71/1852
f 1211/67/1853 1210/66/1853 1214/72/1853
f 1212/68/1854 1211/67/1854 1214/73/1854
f 1213/64/1855 1212/68/1855 1214/74/1855
f 1215/53/1856 1216/54/1856 1217/55/1856
f 1216/54/1857 1215/56/1857 1220/57/1857
f 1215/58/1858 1217/59/1858 1218/60/1858
f 1215/61/1859 1218/60/1859 1219/62/1859
f 1215/63/1860 1219/62/1860 1220/57/1860
f 1216/54/1861 1220/57/1861 1225/64/1861
f 1217/55/1862 1216/54/1862 1221/65/1862
f 1218/60/1863 1217/59/1863 1222/66/1863
f 1219/62/1864 1218/60/1864 1223/67/1864
f 1220/57/1865 1219/62/1865 1224/68/1865
f 1216/54/1866 1225/64/1866 1221/65/1866
f 1217/55/1867 1221/65/1867 1222/69/1867
f 1218/60/1868 1222/66/1868 1223/67/1868
f 1219/62/1869 1223/67/1869 1224/68/1869
f 1220/57/1870 1224/68/1870 1225/64/1870
f 1221/65/1871 1225/64/1871 1226/70/1871
f 1222/69/1872 1221/65/1872 1226/71/1872
f 1223/67/1873 1222/66/1873 1226/72/1873
f 1224/68/1874 1223/67/1874 1226/73/1874
f 1225/64/1875 1224/68/1875 1226/74/1875
f 1239/53/1896 1240/54/1896 1241/55/1896
f 1240/54/1897 1239/56/1897 1244/57/1897
f 1239/58/1898 1241/59/1898 1242/60/1898
f 1239/61/1899 1242/60/1899 1243/62/1899
f 1239/63/1900 1243/62/1900 1244/57/1900
f 1240/54/1901 1244/57/1901 1249/64/1901
f 1241/55/1902 1240/54/1902 1245/65/1902
f 1242/60/1903 1241/59/1903 1246/66/1903
f 1243/62/1904 1242/60/1904 1247/67/1904
f 1244/57/1905 1243/62/1905 1248/68/1905
f 1240/54/1906 1249/64/1906 1245/65/1906
f 1241/55/1907 1245/65/1907 1246/69/1907
f 1242/60/1908 1246/66/1908 1247/67/1908
f 1243/62/1909 1247/67/1909 1248/68/1909
f 1244/57/1910 1248/68/1910 1249/64/1910
f 1245/65/1911 1249/64/1911 1250/70/1911
f 1246/69/1912 1245/65/1912 1250/71/1912
f 1247/67/1913 1246/66/1913 1250/72/1913
f 1248/68/1914 1247/67/1914 1250/73/1914
f 1249/64/1915 1248/68/1915 1250/74/1915
f 1251/53/1916 1252/54/1916 1253/55/1916
f 1252/54/1917 1251/56/1917 1256/57/1917
f 1251/58/1918 1253/59/1918 1254/60/1918
f 1251/61/1919 1254/60/1919 1255/62/1919
f 1251/63/1920 1255/62/1920 1256/57/1920
f 1252/54/1921 1256/57/1921 1261/64/1921
f 1253/55/1922 1252/54/1922 1257/65/1922
f 1254/60/1923 1253/59/1923 1258/66/1923
f 1255/62/1924 1254/60/1924 1259/67/1924
f 1256/57/1925 1255/62/1925 1260/68/1925
f 1252/54/1926 1261/64/1926 1257/65/1926
f 1253/55/1927 1257/65/1927 1258/69/1927
f 1254/60/1928 1258/66/1928 1259/67/1928
f 1255/62/1929 1259/67/1929 1260/68/1929
f 1256/57/1930 1260/68/1930 1261/64/1930
f 1257/65/1931 1261/64/1931 1262/70/1931
f 1258/69/1932 1257/65/1932 1262/71/1932
f 1259/67/1933 1258/66/1933 1262/72/1933
f 1260/68/1934 1259/67/1934 1262/73/1934
f 1261/64/1935 1260/68/1935 1262/74/1935
f 1263/53/1936 1264/54/1936 1265/55/1936
f 1264/54/1937 1263/56/1937 1268/57/1937
f 1263/58/1938 1265/59/1938 1266/60/1938
f 1263/61/1939 1266/60/1939 1267/62/1939
f 1263/63/1940 1267/62/1940 1268/57/1940
f 1264/54/1941 1268/57/1941 1273/64/1941
f 1265/55/1942 1264/54/1942 1269/65/1942
f 1266/60/1943 1265/59/1943 1270/66/1943
f 1267/62/1944 1266/60/1944 1271/67/1944
f 1268/57/1945 1267/62/1945 1272/68/1945
f 1264/54/1946 1273/64/1946 1269/65/1946
f 1265/55/1947 1269/65/1947 1270/69/1947
f 1266/60/1948 1270/66/1948 1271/67/1948
f 1267/62/1949 1271/67/1949 1272/68/1949
f 1268/57/1950 1272/68/1950 1273/64/1950
f 1269/65/1951 1273/64/1951 1274/70/1951
f 1270/69/1952 1269/65/1952 1274/71/1952
f 1271/67/1953 1270/66/1953 1274/72/1953
f 1272/68/1954 1271/67/1954 1274/73/1954
f 1273/64/1955 1272/68/1955 1274/74/1955
f 1287/53/1976 1288/54/1976 1289/55/1976
f 1288/54/1977 1287/56/1977 1292/57/1977
f 1287/58/1978 1289/59/1978 1290/60/1978
f 1287/61/1979 1290/60/1979 1291/62/1979
f 1287/63/1980 1291/62/1980 1292/57/1980
f 1288/54/1981 1292/57/1981 1297/64/1981
f 1289/55/1982 1288/54/1982 1293/65/1982
f 1290/60/1983 1289/59/1983 1294/66/1983
f 1291/62/1984 1290/60/1984 1295/67/1984
f 1292/57/1985 1291/62/1985 1296/68/1985
f 1288/54/1986 1297/64/1986 1293/65/1986
f 1289/55/1987 1293/65/1987 1294/69/1987
f 1290/60/1988 1294/66/1988 1295/67/1988
f 1291/62/1989 1295/67/1989 1296/68/1989
f 1292/57/1990 1296/68/1990 1297/64/1990
f 1293/65/1991 1297/64/1991 1298/70/1991
f 1294/69/1992 1293/65/1992 1298/71/1992
f 1295/67/1993 1294/66/1993 1298/72/1993
f 1296/68/1994 1295/67/1994 1298/73/1994
f 1297/64/1995 1296/68/1995 1298/74/1995
f 1299/53/1996 1300/54/1996 1301/55/1996
f 1300/54/1997 1299/56/1997 1304/57/1997
f 1299/58/1998 1301/59/1998 1302/60/1998
f 1299/61/1999 1302/60/1999 1303/62/1999
f 1299/63/2000 1303/62/2000 1304/57/2000
f 1300/54/2001 1304/57/2001 1309/64/2001
f 1301/55/2002 1300/54/2002 1305/65/2002
f 1302/60/2003 1301/59/2003 1306/66/2003
f 1303/62/2004 1302/60/2004 1307/67/2004
f 1304/57/2005 1303/62/2005 1308/68/2005
f 1300/54/2006 1309/64/2006 1305/65/2006
f 1301/55/2007 1305/65/2007 1306/69/2007
f 1302/60/2008 1306/66/2008 1307/67/2008
f 1303/62/2009 1307/67/2009 1308/68/2009
f 1304/57/2010 1308/68/2010 1309/64/2010
f 1305/65/2011 1309/64/2011 1310/70/2011
f 1306/69/2012 1305/65/2012 1310/71/2012
f 1307/67/2013 1306/66/2013 1310/72/2013
f 1308/68/2014 1307/67/2014 1310/73/2014
f 1309/64/2015 1308/68/2015 1310/74/2015
f 1311/53/2016 1312/54/2016 1313/55/2016
f 1312/54/2017 1311/56/2017 1316/57/2017
f 1311/58/2018 1313/59/2018 1314/60/2018
f 1311/61/2019 1314/60/2019 1315/62/2019
f 1311/63/2020 1315/62/2020 1316/57/2020
f 1312/54/2021 1316/57/2021 1321/64/2021
f 1313/55/2022 1312/54/2022 1317/65/2022
f 1314/60/2023 1313/59/2023 1318/66/2023
f 1315/62/2024 1314/60/2024 1319/67/2024
f 1316/57/2025 1315/62/2025 1320/68/2025
f 1312/54/2026 1321/64/2026 1317/65/2026
f 1313/55/2027 1317/65/2027 1318/69/2027
f 1314/60/2028 1318/66/2028 1319/67/2028
f 1315/62/2029 1319/67/2029 1320/68/2029
f 1316/57/2030 1320/68/2030 1321/64/2030
f 1317/65/2031 1321/64/2031 1322/70/2031
f 1318/69/2032 1317/65/2032 1322/71/2032
f 1319/67/2033 1318/66/2033 1322/72/2033
f 1320/68/2034 1319/67/2034 1322/73/2034
f 1321/64/2035 1320/68/2035 1322/74/2035
f 1335/53/2056 1336/54/2056 1337/55/2056
f 1336/54/2057 1335/56/2057 1340/57/2057
f 1335/58/2058 1337/59/2058 1338/60/2058
f 1335/61/2059 1338/60/2059 1339/62/2059
f 1335/63/2060 1339/62/2060 1340/57/2060
f 1336/54/2061 1340/57/2061 1345/64/2061
f 1337/55/2062 1336/54/2062 1341/65/2062
f 1338/60/2063 1337/59/2063 1342/66/2063
f 1339/62/2064 1338/60/2064 1343/67/2064
f 1340/57/2065 1339/62/2065 1344/68/2065
f 1336/54/2066 1345/64/2066 1341/65/2066
f 1337/55/2067 1341/65/2067 1342/69/2067
f 1338/60/2068 1342/66/2068 1343/67/2068
f 1339/62/2069 1343/67/2069 1344/68/2069
f 1340/57/2070 1344/68/2070 1345/64/2070
f 1341/65/2071 1345/64/2071 1346/70/2071
f 1342/69/2072 1341/65/2072 1346/71/2072
f 1343/67/2073 1342/66/2073 1346/72/2073
f 1344/68/2074 1343/67/2074 1346/73/2074
f 1345/64/2075 1344/68/2075 1346/74/2075
f 1359/53/2096 1360/54/2096 1361/55/2096
f 1360/54/2097 1359/56/2097 1364/57/2097
f 1359/58/2098 1361/59/2098 1362/60/2098
f 1359/61/2099 1362/60/2099 1363/62/2099
f 1359/63/2100 1363/62/2100 1364/57/2100
f 1360/54/2101 1364/57/2101 1369/64/2101
f 1361/55/2102 1360/54/2102 1365/65/2102
f 1362/60/2103 1361/59/2103 1366/66/2103
f 1363/62/2104 1362/60/2104 1367/67/2104
f 1364/57/2105 1363/62/2105 1368/68/2105
f 1360/54/2106 1369/64/2106 1365/65/2106
f 1361/55/2107 1365/65/2107 1366/69/2107
f 1362/60/2108 1366/66/2108 1367/67/2108
f 1363/62/2109 1367/67/2109 1368/68/2109
f 1364/57/2110 1368/68/2110 1369/64/2110
f 1365/65/2111 1369/64/2111 1370/70/2111
f 1366/69/2112 1365/65/2112 1370/71/2112
f 1367/67/2113 1366/66/2113 1370/72/2113
f 1368/68/2114 1367/67/2114 1370/73/2114
f 1369/64/2115 1368/68/2115 1370/74/2115
f 1371/53/2116 1372/54/2116 1373/55/2116
f 1372/54/2117 1371/56/2117 1376/57/2117
f 1371/58/2118 1373/59/2118 1374/60/2118
f 1371/61/2119 1374/60/2119 1375/62/2119
f 1371/63/2120 1375/62/2120 1376/57/2120
f 1372/54/2121 1376/57/2121 1381/64/2121
f 1373/55/2122 1372/54/2122 1377/65/2122
f 1374/60/2123 1373/59/2123 1378/66/2123
f 1375/62/2124 1374/60/2124 1379/67/2124
f 1376/57/2125 1375/62/2125 1380/68/2125
f 1372/54/2126 1381/64/2126 1377/65/2126
f 1373/55/2127 1377/65/2127 1378/69/2127
f 1374/60/2128 1378/66/2128 1379/67/2128
f 1375/62/2129 1379/67/2129 1380/68/2129
f 1376/57/2130 1380/68/2130 1381/64/2130
f 1377/65/2131 1381/64/2131 1382/70/2131
f 1378/69/2132 1377/65/2132 1382/71/2132
f 1379/67/2133 1378/66/2133 1382/72/2133
f 1380/68/2134 1379/67/2134 1382/73/2134
f 1381/64/2135 1380/68/2135 1382/74/2135
f 1383/53/2136 1384/54/2136 1385/55/2136
f 1384/54/2137 1383/56/2137 1388/57/2137
f 1383/58/2138 1385/59/2138 1386/60/2138
f 1383/61/2139 1386/60/2139 1387/62/2139
f 1383/63/2140 1387/62/2140 1388/57/2140
f 1384/54/2141 1388/57/2141 1393/64/2141
f 1385/55/2142 1384/54/2142 1389/65/2142
f 1386/60/2143 1385/59/2143 1390/66/2143
f 1387/62/2144 1386/60/2144 1391/67/2144
f 1388/57/2145 1387/62/2145 1392/68/2145
f 1384/54/2146 1393/64/2146 1389/65/2146
f 1385/55/2147 1389/65/2147 1390/69/2147
f 1386/60/2148 1390/66/2148 1391/67/2148
f 1387/62/2149 1391/67/2149 1392/68/2149
f 1388/57/2150 1392/68/2150 1393/64/2150
f 1389/65/2151 1393/64/2151 1394/70/2151
f 1390/69/2152 1389/65/2152 1394/71/2152
f 1391/67/2153 1390/66/2153 1394/72/2153
f 1392/68/2154 1391/67/2154 1394/73/2154
f 1393/64/2155 1392/68/2155 1394/74/2155
f 1407/53/2176 1408/54/2176 1409/55/2176
f 1408/54/2177 1407/56/2177 1412/57/2177
f 1407/58/2178 1409/59/2178 1410/60/2178
f 1407/61/2179 1410/60/2179 1411/62/2179
f 1407/63/2180 1411/62/2180 1412/57/2180
f 1408/54/2181 1412/57/2181 1417/64/2181
f 1409/55/2182 1408/54/2182 1413/65/2182
f 1410/60/2183 1409/59/2183 1414/66/2183
f 1411/62/2184 1410/60/2184 1415/67/2184
f 1412/57/2185 1411/62/2185 1416/68/2185
f 1408/54/2186 1417/64/2186 1413/65/2186
f 1409/55/2187 1413/65/2187 1414/69/2187
f 1410/60/2188 1414/66/2188 1415/67/2188
f 1411/62/2189 1415/67/2189 1416/68/2189
f 1412/57/2190 1416/68/2190 1417/64/2190
f 1413/65/2191 1417/64/2191 1418/70/2191
f 1414/69/2192 1413/65/2192 1418/71/2192
f 1415/67/2193 1414/66/2193 1418/72/2193
f 1416/68/2194 1415/67/2194 1418/73/2194
f 1417/64/2195 1416/68/2195 1418/74/2195
f 1419/53/2196 1420/54/2196 1421/55/2196
f 1420/54/2197 1419/56/2197 1424/57/2197
f 1419/58/2198 1421/59/2198 1422/60/2198
f 1419/61/2199 1422/60/2199 1423/62/2199
f 1419/63/2200 1423/62/2200 1424/57/2200
f 1420/54/2201 1424/57/2201 1429/64/2201
f 1421/55/2202 1420/54/2202 1425/65/2202
f 1422/60/2203 1421/59/2203 1426/66/2203
f 1423/62/2204 1422/60/2204 1427/67/2204
f 1424/57/2205 1423/62/2205 1428/68/2205
f 1420/54/2206 1429/64/2206 1425/65/2206
f 1421/55/2207 1425/65/2207 1426/69/2207
f 1422/60/2208 1426/66/2208 1427/67/2208
f 1423/62/2209 1427/67/2209 1428/68/2209
f 1424/57/2210 1428/68/2210 1429/64/2210
f 1425/65/2211 1429/64/2211 1430/70/2211
f 1426/69/2212 1425/65/2212 1430/71/2212
f 1427/67/2213 1426/66/2213 1430/72/2213
f 1428/68/2214 1427/67/2214 1430/73/2214
f 1429/64/2215 1428/68/2215 1430/74/2215
f 1431/53/2216 1432/54/2216 1433/55/2216
f 1432/54/2217 1431/56/2217 1436/57/2217
f 1431/58/2218 1433/59/2218 1434/60/2218
f 1431/61/2219 1434/60/2219 1435/62/2219
f 1431/63/2220 1435/62/2220 1436/57/2220
f 1432/54/2221 1436/57/2221 1441/64/2221
f 1433/55/2222 1432/54/2222 1437/65/2222
f 1434/60/2223 1433/59/2223 1438/66/2223
f 1435/62/2224 1434/60/2224 1439/67/2224
f 1436/57/2225 1435/62/2225 1440/68/2225
f 1432/54/2226 1441/64/2226 1437/65/2226
f 1433/55/2227 1437/65/2227 1438/69/2227
f 1434/60/2228 1438/66/2228 1439/67/2228
f 1435/62/2229 1439/67/2229 1440/68/2229
f 1436/57/2230 1440/68/2230 1441/64/2230
f 1437/65/2231 1441/64/2231 1442/70/2231
f 1438/69/2232 1437/65/2232 1442/71/2232
f 1439/67/2233 1438/66/2233 1442/72/2233
f 1440/68/2234 1439/67/2234 1442/73/2234
f 1441/64/2235 1440/68/2235 1442/74/2235
f 1455/53/2256 1456/54/2256 1457/55/2256
f 1456/54/2257 1455/56/2257 1460/57/2257
f 1455/58/2258 1457/59/2258 1458/60/2258
f 1455/61/2259 1458/60/2259 1459/62/2259
f 1455/63/2260 1459/62/2260 1460/57/2260
f 1456/54/2261 1460/57/2261 1465/64/2261
f 1457/55/2262 1456/54/2262 1461/65/2262
f 1458/60/2263 1457/59/2263 1462/66/2263
f 1459/62/2264 1458/60/2264 1463/67/2264
f 1460/57/2265 1459/62/2265 1464/68/2265
f 1456/54/2266 1465/64/2266 1461/65/2266
f 1457/55/2267 1461/65/2267 1462/69/2267
f 1458/60/2268 1462/66/2268 1463/67/2268
f 1459/62/2269 1463/67/2269 1464/68/2269
f 1460/57/2270 1464/68/2270 1465/64/2270
f 1461/65/2271 1465/64/2271 1466/70/2271
f 1462/69/2272 1461/65/2272 1466/71/2272
f 1463/67/2273 1462/66/2273 1466/72/2273
f 1464/68/2274 1463/67/2274 1466/73/2274
f 1465/64/2275 1464/68/2275 1466/74/2275
f 1467/53/2276 1468/54/2276 1469/55/2276
f 1468/54/2277 1467/56/2277 1472/57/2277
f 1467/58/2278 1469/59/2278 1470/60/2278
f 1467/61/2279 1470/60/2279 1471/62/2279
f 1467/63/2280 1471/62/2280 1472/57/2280
f 1468/54/2281 1472/57/2281 1477/64/2281
f 1469/55/2282 1468/54/2282 1473/65/2282
f 1470/60/2283 1469/59/2283 1474/66/2283
f 1471/62/2284 1470/60/2284 1475/67/2284
f 1472/57/2285 1471/62/2285 1476/68/2285
f 1468/54/2286 1477/64/2286 1473/65/2286
f 1469/55/2287 1473/65/2287 1474/69/2287
f 1470/60/2288 1474/66/2288 1475/67/2288
f 1471/62/2289 1475/67/2289 1476/68/2289
f 1472/57/2290 1476/68/2290 1477/64/2290
f 1473/65/2291 1477/64/2291 1478/70/2291
f 1474/69/2292 1473/65/2292 1478/71/2292
f 1475/67/2293 1474/66/2293 1478/72/2293
f 1476/68/2294 1475/67/2294 1478/73/2294
f 1477/64/2295 1476/68/2295 1478/74/2295
f 1479/53/2296 1480/54/2296 1481/55/2296
f 1480/54/2297 1479/56/2297 1484/57/2297
f 1479/58/2298 1481/59/2298 1482/60/2298
f 1479/61/2299 1482/60/2299 1483/62/2299
f 1479/63/2300 1483/62/2300 1484/57/2300
f 1480/54/2301 1484/57/2301 1489/64/2301
f 1481/55/2302 1480/54/2302 1485/65/2302
f 1482/60/2303 1481/59/2303 1486/66/2303
f 1483/62/2304 1482/60/2304 1487/67/2304
f 1484/57/2305 1483/62/2305 1488/68/2305
f 1480/54/2306 1489/64/2306 1485/65/2306
f 1481/55/2307 1485/65/2307 1486/69/2307
f 1482/60/2308 1486/66/2308 1487/67/2308
f 1483/62/2309 1487/67/2309 1488/68/2309
f 1484/57/2310 1488/68/2310 1489/64/2310
f 1485/65/2311 1489/64/2311 1490/70/2311
f 1486/69/2312 1485/65/2312 1490/71/2312
f 1487/67/2313 1486/66/2313 1490/72/2313
f 1488/68/2314 1487/67/2314 1490/73/2314
f 1489/64/2315 1488/68/2315 1490/74/2315
f 1503/53/2336 1504/54/2336 1505/55/2336
f 1504/54/2337 1503/56/2337 1508/57/2337
f 1503/58/2338 1505/59/2338 1506/60/2338
f 1503/61/2339 1506/60/2339 1507/62/2339
f 1503/63/2340 1507/62/2340 1508/57/2340
f 1504/54/2341 1508/57/2341 1513/64/2341
f 1505/55/2342 1504/54/2342 1509/65/2342
f 1506/60/2343 1505/59/2343 1510/66/2343
f 1507/62/2344 1506/60/2344 1511/67/2344
f 1508/57/2345 1507/62/2345 1512/68/2345
f 1504/54/2346 1513/64/2346 1509/65/2346
f 1505/55/2347 1509/65/2347 1510/69/2347
f 1506/60/2348 1510/66/2348 1511/67/2348
f 1507/62/2349 1511/67/2349 1512/68/2349
f 1508/57/2350 1512/68/2350 1513/64/2350
f 1509/65/2351 1513/64/2351 1514/70/2351
f 1510/69/2352 1509/65/2352 1514/71/2352
f 1511/67/2353 1510/66/2353 1514/72/2353
f 1512/68/2354 1511/67/2354 1514/73/2354
f 1513/64/2355 1512/68/2355 1514/74/2355
f 1527/53/2376 1528/54/2376 1529/55/2376
f 1528/54/2377 1527/56/2377 1532/57/2377
f 1527/58/2378 1529/59/2378 1530/60/2378
f 1527/61/2379 1530/60/2379 1531/62/2379
f 1527/63/2380 1531/62/2380 1532/57/2380
f 1528/54/2381 1532/57/2381 1537/64/2381
f 1529/55/2382 1528/54/2382 1533/65/2382
f 1530/60/2383 1529/59/2383 1534/66/2383
f 1531/62/2384 1530/60/2384 1535/67/2384
f 1532/57/2385 1531/62/2385 1536/68/2385
f 1528/54/2386 1537/64/2386 1533/65/2386
f 1529/55/2387 1533/65/2387 1534/69/2387
f 1530/60/2388 1534/66/2388 1535/67/2388
f 1531/62/2389 1535/67/2389 1536/68/2389
f 1532/57/2390 1536/68/2390 1537/64/2390
f 1533/65/2391 1537/64/2391 1538/70/2391
f 1534/69/2392 1533/65/2392 1538/71/2392
f 1535/67/2393 1534/66/2393 1538/72/2393
f 1536/68/2394 1535/67/2394 1538/73/2394
f 1537/64/2395 1536/68/2395 1538/74/2395
f 1539/53/2396 1540/54/2396 1541/55/2396
f 1540/54/2397 1539/56/2397 1544/57/2397
f 1539/58/2398 1541/59/2398 1542/60/2398
f 1539/61/2399 1542/60/2399 1543/62/2399
f 1539/63/2400 1543/62/2400 1544/57/2400
f 1540/54/2401 1544/57/2401 1549/64/2401
f 1541/55/2402 1540/54/2402 1545/65/2402
f 1542/60/2403 1541/59/2403 1546/66/2403
f 1543/62/2404 1542/60/2404 1547/67/2404
f 1544/57/2405 1543/62/2405 1548/68/2405
f 1540/54/2406 1549/64/2406 1545/65/2406
f 1541/55/2407 1545/65/2407 1546/69/2407
f 1542/60/2408 1546/66/2408 1547/67/2408
f 1543/62/2409 1547/67/2409 1548/68/2409
f 1544/57/2410 1548/68/2410 1549/64/2410
f 1545/65/2411 1549/64/2411 1550/70/2411
f 1546/69/2412 1545/65/2412 1550/71/2412
f 1547/67/2413 1546/66/2413 1550/72/2413
f 1548/68/2414 1547/67/2414 1550/73/2414
f 1549/64/2415 1548/68/2415 1550/74/2415
f 1551/53/2416 1552/54/2416 1553/55/2416
f 1552/54/2417 1551/56/2417 1556/57/2417
f 1551/58/2418 1553/59/2418 1554/60/2418
f 1551/61/2419 1554/60/2419 1555/62/2419
f 1551/63/2420 1555/62/2420 1556/57/2420
f 1552/54/2421 1556/57/2421 1561/64/2421
f 1553/55/2422 1552/54/2422 1557/65/2422
f 1554/60/2423 1553/59/2423 1558/66/2423
f 1555/62/2424 1554/60/2424 1559/67/2424
f 1556/57/2425 1555/62/2425 1560/68/2425
f 1552/54/2426 1561/64/2426 1557/65/2426
f 1553/55/2427 1557/65/2427 1558/69/2427
f 1554/60/2428 1558/66/2428 1559/67/2428
f 1555/62/2429 1559/67/2429 1560/68/2429
f 1556/57/2430 1560/68/2430 1561/64/2430
f 1557/65/2431 1561/64/2431 1562/70/2431
f 1558/69/2432 1557/65/2432 1562/71/2432
f 1559/67/2433 1558/66/2433 1562/72/2433
f 1560/68/2434 1559/67/2434 1562/73/2434
f 1561/64/2435 1560/68/2435 1562/74/2435
f 1575/53/2456 1576/54/2456 1577/55/2456
f 1576/54/2457 1575/56/2457 1580/57/2457
f 1575/58/2458 1577/59/2458 1578/60/2458
f 1575/61/2459 1578/60/2459 1579/62/2459
f 1575/63/2460 1579/62/2460 1580/57/2460
f 1576/54/2461 1580/57/2461 1585/64/2461
f 1577/55/2462 1576/54/2462 1581/65/2462
f 1578/60/2463 1577/59/2463 1582/66/2463
f 1579/62/2464 1578/60/2464 1583/67/2464
f 1580/57/2465 1579/62/2465 1584/68/2465
f 1576/54/2466 1585/64/2466 1581/65/2466
f 1577/55/2467 1581/65/2467 1582/69/2467
f 1578/60/2468 1582/66/2468 1583/67/2468
f 1579/62/2469 1583/67/2469 1584/68/2469
f 1580/57/2470 1584/68/2470 1585/64/2470
f 1581/65/2471 1585/64/2471 1586/70/2471
f 1582/69/2472 1581/65/2472 1586/71/2472
f 1583/67/2473 1582/66/2473 1586/72/2473
f 1584/68/2474 1583/67/2474 1586/73/2474
f 1585/64/2475 1584/68/2475 1586/74/2475
f 1587/53/2476 1588/54/2476 1589/55/2476
f 1588/54/2477 1587/56/2477 1592/57/2477
f 1587/58/2478 1589/59/2478 1590/60/2478
f 1587/61/2479 1590/60/2479 1591/62/2479
f 1587/63/2480 1591/62/2480 1592/57/2480
f 1588/54/2481 1592/57/2481 1597/64/2481
f 1589/55/2482 1588/54/2482 1593/65/2482
f 1590/60/2483 1589/59/2483 1594/66/2483
f 1591/62/2484 1590/60/2484 1595/67/2484
f 1592/57/2485 1591/62/2485 1596/68/2485
f 1588/54/2486 1597/64/2486 1593/65/2486
f 1589/55/2487 1593/65/2487 1594/69/2487
f 1590/60/2488 1594/66/2488 1595/67/2488
f 1591/62/2489 1595/67/2489 1596/68/2489
f 1592/57/2490 1596/68/2490 1597/64/2490
f 1593/65/2491 1597/64/2491 1598/70/2491
f 1594/69/2492 1593/65/2492 1598/71/2492
f 1595/67/2493 1594/66/2493 1598/72/2493
f 1596/68/2494 1595/67/2494 1598/73/2494
f 1597/64/2495 1596/68/2495 1598/74/2495
f 1599/53/2496 1600/54/2496 1601/55/2496
f 1600/54/2497 1599/56/2497 1604/57/2497
f 1599/58/2498 1601/59/2498 1602/60/2498
f 1599/61/2499 1602/60/2499 1603/62/2499
f 1599/63/2500 1603/62/2500 1604/57/2500
f 1600/54/2501 1604/57/2501 1609/64/2501
f 1601/55/2502 1600/54/2502 1605/65/2502
f 1602/60/2503 1601/59/2503 1606/66/2503
f 1603/62/2504 1602/60/2504 1607/67/2504
f 1604/57/2505 1603/62/2505 1608/68/2505
f 1600/54/2506 1609/64/2506 1605/65/2506
f 1601/55/2507 1605/65/2507 1606/69/2507
f 1602/60/2508 1606/66/2508 1607/67/2508
f 1603/62/2509 1607/67/2509 1608/68/2509
f 1604/57/2510 1608/68/2510 1609/64/2510
f 1605/65/2511 1609/64/2511 1610/70/2511
f 1606/69/2512 1605/65/2512 1610/71/2512
f 1607/67/2513 1606/66/2513 1610/72/2513
f 1608/68/2514 1607/67/2514 1610/73/2514
f 1609/64/2515 1608/68/2515 1610/74/2515
f 1623/53/2536 1624/54/2536 1625/55/2536
f 1624/54/2537 1623/56/2537 1628/57/2537
f 1623/58/2538 1625/59/2538 1626/60/2538
f 1623/61/2539 1626/60/2539 1627/62/2539
f 1623/63/2540 1627/62/2540 1628/57/2540
f 1624/54/2541 1628/57/2541 1633/64/2541
f 1625/55/2542 1624/54/2542 1629/65/2542
f 1626/60/2543 1625/59/2543 1630/66/2543
f 1627/62/2544 1626/60/2544 1631/67/2544
f 1628/57/2545 1627/62/2545 1632/68/2545
f 1624/54/2546 1633/64/2546 1629/65/2546
f 1625/55/2547 1629/65/2547 1630/69/2547
f 1626/60/2548 1630/66/2548 1631/67/2548
f 1627/62/2549 1631/67/2549 1632/68/2549
f 1628/57/2550 1632/68/2550 1633/64/2550
f 1629/65/2551 1633/64/2551 1634/70/2551
f 1630/69/2552 1629/65/2552 1634/71/2552
f 1631/67/2553 1630/66/2553 1634/72/2553
f 1632/68/2554 1631/67/2554 1634/73/2554
f 1633/64/2555 1632/68/2555 1634/74/2555
f 1635/53/2556 1636/54/2556 1637/55/2556
f 1636/54/2557 1635/56/2557 1640/57/2557
f 1635/58/2558 1637/59/2558 1638/60/2558
f 1635/61/2559 1638/60/2559 1639/62/2559
f 1635/63/2560 1639/62/2560 1640/57/2560
f 1636/54/2561 1640/57/2561 1645/64/2561
f 1637/55/2562 1636/54/2562 1641/65/2562
f 1638/60/2563 1637/59/2563 1642/66/2563
f 1639/62/2564 1638/60/2564 1643/67/2564
f 1640/57/2565 1639/62/2565 1644/68/2565
f 1636/54/2566 1645/64/2566 1641/65/2566
f 1637/55/2567 1641/65/2567 1642/69/2567
f 1638/60/2568 1642/66/2568 1643/67/2568
f 1639/62/2569 1643/67/2569 1644/68/2569
f 1640/57/2570 1644/68/2570 1645/64/2570
f 1641/65/2571 1645/64/2571 1646/70/2571
f 1642/69/2572 1641/65/2572 1646/71/2572
f 1643/67/2573 1642/66/2573 1646/72/2573
f 1644/68/2574 1643/67/2574 1646/73/2574
f 1645/64/2575 1644/68/2575 1646/74/2575
f 1647/53/2576 1648/54/2576 1649/55/2576
f 1648/54/2577 1647/56/2577 1652/57/2577
f 1647/58/2578 1649/59/2578 1650/60/2578
f 1647/61/2579 1650/60/2579 1651/62/2579
f 1647/63/2580 1651/62/2580 1652/57/2580
f 1648/54/2581 1652/57/2581 1657/64/2581
f 1649/55/2582 1648/54/2582 1653/65/2582
f 1650/60/2583 1649/59/2583 1654/66/2583
f 1651/62/2584 1650/60/2584 1655/67/2584
f 1652/57/2585 1651/62/2585 1656/68/2585
f 1648/54/2586 1657/64/2586 1653/65/2586
f 1649/55/2587 1653/65/2587 1654/69/2587
f 1650/60/2588 1654/66/2588 1655/67/2588
f 1651/62/2589 1655/67/2589 1656/68/2589
f 1652/57/2590 1656/68/2590 1657/64/2590
f 1653/65/2591 1657/64/2591 1658/70/2591
f 1654/69/2592 1653/65/2592 1658/71/2592
f 1655/67/2593 1654/66/2593 1658/72/2593
f 1656/68/2594 1655/67/2594 1658/73/2594
f 1657/64/2595 1656/68/2595 1658/74/2595
f 1671/53/2616 1672/54/2616 1673/55/2616
f 1672/54/2617 1671/56/2617 1676/57/2617
f 1671/58/2618 1673/59/2618 1674/60/2618
f 1671/61/2619 1674/60/2619 1675/62/2619
f 1671/63/2620 1675/62/2620 1676/57/2620
f 1672/54/2621 1676/57/2621 1681/64/2621
f 1673/55/2622 1672/54/2622 1677/65/2622
f 1674/60/2623 1673/59/2623 1678/66/2623
f 1675/62/2624 1674/60/2624 1679/67/2624
f 1676/57/2625 1675/62/2625 1680/68/2625
f 1672/54/2626 1681/64/2626 1677/65/2626
f 1673/55/2627 1677/65/2627 1678/69/2627
f 1674/60/2628 1678/66/2628 1679/67/2628
f 1675/62/2629 1679/67/2629 1680/68/2629
f 1676/57/2630 1680/68/2630 1681/64/2630
f 1677/65/2631 1681/64/2631 1682/70/2631
f 1678/69/2632 1677/65/2632 1682/71/2632
f 1679/67/2633 1678/66/2633 1682/72/2633
f 1680/68/2634 1679/67/2634 1682/73/2634
f 1681/64/2635 1680/68/2635 1682/74/2635
f 1695/53/2656 1696/54/2656 1697/55/2656
f 1696/54/2657 1695/56/2657 1700/57/2657
f 1695/58/2658 1697/59/2658 1698/60/2658
f 1695/61/2659 1698/60/2659 1699/62/2659
f 1695/63/2660 1699/62/2660 1700/57/2660
f 1696/54/2661 1700/57/2661 1705/64/2661
f 1697/55/2662 1696/54/2662 1701/65/2662
f 1698/60/2663 1697/59/2663 1702/66/2663
f 1699/62/2664 1698/60/2664 1703/67/2664
f 1700/57/2665 1699/62/2665 1704/68/2665
f 1696/54/2666 1705/64/2666 1701/65/2666
f 1697/55/2667 1701/65/2667 1702/69/2667
f 1698/60/2668 1702/66/2668 1703/67/2668
f 1699/62/2669 1703/67/2669 1704/68/2669
f 1700/57/2670 1704/68/2670 1705/64/2670
f 1701/65/2671 1705/64/2671 1706/70/2671
f 1702/69/2672 1701/65/2672 1706/71/2672
f 1703/67/2673 1702/66/2673 1706/72/2673
f 1704/68/2674 1703/67/2674 1706/73/2674
f 1705/64/2675 1704/68/2675 1706/74/2675
f 1707/53/2676 1708/54/2676 1709/55/2676
f 1708/54/2677 1707/56/2677 1712/57/2677
f 1707/58/2678 1709/59/2678 1710/60/2678
f 1707/61/2679 1710/60/2679 1711/62/2679
f 1707/63/2680 1711/62/2680 1712/57/2680
f 1708/54/2681 1712/57/2681 1717/64/2681
f 1709/55/2682 1708/54/2682 1713/65/2682
f 1710/60/2683 1709/59/2683 1714/66/2683
f 1711/62/2684 1710/60/2684 1715/67/2684
f 1712/57/2685 1711/62/2685 1716/68/2685
f 1708/54/2686 1717/64/2686 1713/65/2686
f 1709/55/2687 1713/65/2687 1714/69/2687
f 1710/60/2688 1714/66/2688 1715/67/2688
f 1711/62/2689 1715/67/2689 1716/68/2689
f 1712/57/2690 1716/68/2690 1717/64/2690
f 1713/65/2691 1717/64/2691 1718/70/2691
f 1714/69/2692 1713/65/2692 1718/71/2692
f 1715/67/2693 1714/66/2693 1718/72/2693
f 1716/68/2694 1715/67/2694 1718/73/2694
f 1717/64/2695 1716/68/2695 1718/74/2695
f 1719/53/2696 1720/54/2696 1721/55/2696
f 1720/54/2697 1719/56/2697 1724/57/2697
f 1719/58/2698 1721/59/2698 1722/60/2698
f 1719/61/2699 1722/60/2699 1723/62/2699
f 1719/63/2700 1723/62/2700 1724/57/2700
f 1720/54/2701 1724/57/2701 1729/64/2701
f 1721/55/2702 1720/54/2702 1725/65/2702
f 1722/60/2703 1721/59/2703 1726/66/2703
f 1723/62/2704 1722/60/2704 1727/67/2704
f 1724/57/2705 1723/62/2705 1728/68/2705
f 1720/54/2706 1729/64/2706 1725/65/2706
f 1721/55/2707 1725/65/2707 1726/69/2707
f 1722/60/2708 1726/66/2708 1727/67/2708
f 1723/62/2709 1727/67/2709 1728/68/2709
f 1724/57/2710 1728/68/2710 1729/64/2710
f 1725/65/2711 1729/64/2711 1730/70/2711
f 1726/69/2712 1725/65/2712 1730/71/2712
f 1727/67/2713 1726/66/2713 1730/72/2713
f 1728/68/2714 1727/67/2714 1730/73/2714
f 1729/64/2715 1728/68/2715 1730/74/2715
f 1743/53/2736 1744/54/2736 1745/55/2736
f 1744/54/2737 1743/56/2737 1748/57/2737
f 1743/58/2738 1745/59/2738 1746/60/2738
f 1743/61/2739 1746/60/2739 1747/62/2739
f 1743/63/2740 1747/62/2740 1748/57/2740
f 1744/54/2741 1748/57/2741 1753/64/2741
f 1745/55/2742 1744/54/2742 1749/65/2742
f 1746/60/2743 1745/59/2743 1750/66/2743
f 1747/62/2744 1746/60/2744 1751/67/2744
f 1748/57/2745 1747/62/2745 1752/68/2745
f 1744/54/2746 1753/64/2746 1749/65/2746
f 1745/55/2747 1749/65/2747 1750/69/2747
f 1746/60/2748 1750/66/2748 1751/67/2748
f 1747/62/2749 1751/67/2749 1752/68/2749
f 1748/57/2750 1752/68/2750 1753/64/2750
f 1749/65/2751 1753/64/2751 1754/70/2751
f 1750/69/2752 1749/65/2752 1754/71/2752
f 1751/67/2753 1750/66/2753 1754/72/2753
f 1752/68/2754 1751/67/2754 1754/73/2754
f 1753/64/2755 1752/68/2755 1754/74/2755
f 1755/53/2756 1756/54/2756 1757/55/2756
f 1756/54/2757 1755/56/2757 1760/57/2757
f 1755/58/2758 1757/59/2758 1758/60/2758
f 1755/61/2759 1758/60/2759 1759/62/2759
f 1755/63/2760 1759/62/2760 1760/57/2760
f 1756/54/2761 1760/57/2761 1765/64/2761
f 1757/55/2762 1756/54/2762 1761/65/2762
f 1758/60/2763 1757/59/2763 1762/66/2763
f 1759/62/2764 1758/60/2764 1763/67/2764
f 1760/57/2765 1759/62/2765 1764/68/2765
f 1756/54/2766 1765/64/2766 1761/65/2766
f 1757/55/2767 1761/65/2767 1762/69/2767
f 1758/60/2768 1762/66/2768 1763/67/2768
f 1759/62/2769 1763/67/2769 1764/68/2769
f 1760/57/2770 1764/68/2770 1765/64/2770
f 1761/65/2771 1765/64/2771 1766/70/2771
f 1762/69/2772 1761/65/2772 1766/71/2772
f 1763/67/2773 1762/66/2773 1766/72/2773
f 1764/68/2774 1763/67/2774 1766/73/2774
f 1765/64/2775 1764/68/2775 1766/74/2775
f 1767/53/2776 1768/54/2776 1769/55/2776
f 1768/54/2777 1767/56/2777 1772/57/2777
f 1767/58/2778 1769/59/2778 1770/60/2778
f 1767/61/2779 1770/60/2779 1771/62/2779
f 1767/63/2780 1771/62/2780 1772/57/2780
f 1768/54/2781 1772/57/2781 1777/64/2781
f 1769/55/2782 1768/54/2782 1773/65/2782
f 1770/60/2783 1769/59/2783 1774/66/2783
f 1771/62/2784 1770/60/2784 1775/67/2784
f 1772/57/2785 1771/62/2785 1776/68/2785
f 1768/54/2786 1777/64/2786 1773/65/2786
f 1769/55/2787 1773/65/2787 1774/69/2787
f 1770/60/2788 1774/66/2788 1775/67/2788
f 1771/62/2789 1775/67/2789 1776/68/2789
f 1772/57/2790 1776/68/2790 1777/64/2790
f 1773/65/2791 1777/64/2791 1778/70/2791
f 1774/69/2792 1773/65/2792 1778/71/2792
f 1775/67/2793 1774/66/2793 1778/72/2793
f 1776/68/2794 1775/67/2794 1778/73/2794
f 1777/64/2795 1776/68/2795 1778/74/2795
f 1791/53/2816 1792/54/2816 1793/55/2816
f 1792/54/2817 1791/56/2817 1796/57/2817
f 1791/58/2818 1793/59/2818 1794/60/2818
f 1791/61/2819 1794/60/2819 1795/62/2819
f 1791/63/2820 1795/62/2820 1796/57/2820
f 1792/54/2821 1796/57/2821 1801/64/2821
f 1793/55/2822 1792/54/2822 1797/65/2822
f 1794/60/2823 1793/59/2823 1798/66/2823
f 1795/62/2824 1794/60/2824 1799/67/2824
f 1796/57/2825 1795/62/2825 1800/68/2825
f 1792/54/2826 1801/64/2826 1797/65/2826
f 1793/55/2827 1797/65/2827 1798/69/2827
f 1794/60/2828 1798/66/2828 1799/67/2828
f 1795/62/2829 1799/67/2829 1800/68/2829
f 1796/57/2830 1800/68/2830 1801/64/2830
f 1797/65/2831 1801/64/2831 1802/70/2831
f 1798/69/2832 1797/65/2832 1802/71/2832
f 1799/67/2833 1798/66/2833 1802/72/2833
f 1800/68/2834 1799/67/2834 1802/73/2834
f 1801/64/2835 1800/68/2835 1802/74/2835
f 1803/53/2836 1804/54/2836 1805/55/2836
f 1804/54/2837 1803/56/2837 1808/57/2837
f 1803/58/2838 1805/59/2838 1806/60/2838
f 1803/61/2839 1806/60/2839 1807/62/2839
f 1803/63/2840 1807/62/2840 1808/57/2840
f 1804/54/2841 1808/57/2841 1813/64/2841
f 1805/55/2842 1804/54/2842 1809/65/2842
f 1806/60/2843 1805/59/2843 1810/66/2843
f 1807/62/2844 1806/60/2844 1811/67/2844
f 1808/57/2845 1807/62/2845 1812/68/2845
f 1804/54/2846 1813/64/2846 1809/65/2846
f 1805/55/2847 1809/65/2847 1810/69/2847
f 1806/60/2848 1810/66/2848 1811/67/2848
f 1807/62/2849 1811/67/2849 1812/68/2849
f 1808/57/2850 1812/68/2850 1813/64/2850
f 1809/65/2851 1813/64/2851 1814/70/2851
f 1810/69/2852 1809/65/2852 1814/71/2852
f 1811/67/2853 1810/66/2853 1814/72/2853
f 1812/68/2854 1811/67/2854 1814/73/2854
f 1813/64/2855 1812/68/2855 1814/74/2855
f 1815/53/2856 1816/54/2856 1817/55/2856
f 1816/54/2857 1815/56/2857 1820/57/2857
f 1815/58/2858 1817/59/2858 1818/60/2858
f 1815/61/2859 1818/60/2859 1819/62/2859
f 1815/63/2860 1819/62/2860 1820/57/2860
f 1816/54/2861 1820/57/2861 1825/64/2861
f 1817/55/2862 1816/54/2862 1821/65/2862
f 1818/60/2863 1817/59/2863 1822/66/2863
f 1819/62/2864 1818/60/2864 1823/67/2864
f 1820/57/2865 1819/62/2865 1824/68/2865
f 1816/54/2866 1825/64/2866 1821/65/2866
f 1817/55/2867 1821/65/2867 1822/69/2867
f 1818/60/2868 1822/66/2868 1823/67/2868
f 1819/62/2869 1823/67/2869 1824/68/2869
f 1820/57/2870 1824/68/2870 1825/64/2870
f 1821/65/2871 1825/64/2871 1826/70/2871
f 1822/69/2872 1821/65/2872 1826/71/2872
f 1823/67/2873 1822/66/2873 1826/72/2873
f 1824/68/2874 1823/67/2874 1826/73/2874
f 1825/64/2875 1824/68/2875 1826/74/2875
f 1839/53/2896 1840/54/2896 1841/55/2896
f 1840/54/2897 1839/56/2897 1844/57/2897
f 1839/58/2898 1841/59/2898 1842/60/2898
f 1839/61/2899 1842/60/2899 1843/62/2899
f 1839/63/2900 1843/62/2900 1844/57/2900
f 1840/54/2901 1844/57/2901 1849/64/2901
f 1841/55/2902 1840/54/2902 1845/65/2902
f 1842/60/2903 1841/59/2903 1846/66/2903
f 1843/62/2904 1842/60/2904 1847/67/2904
f 1844/57/2905 1843/62/2905 1848/68/2905
f 1840/54/2906 1849/64/2906 1845/65/2906
f 1841/55/2907 1845/65/2907 1846/69/2907
f 1842/60/2908 1846/66/2908 1847/67/2908
f 1843/62/2909 1847/67/2909 1848/68/2909
f 1844/57/2910 1848/68/2910 1849/64/2910
f 1845/65/2911 1849/64/2911 1850/70/2911
f 1846/69/2912 1845/65/2912 1850/71/2912
f 1847/67/2913 1846/66/2913 1850/72/2913
f 1848/68/2914 1847/67/2914 1850/73/2914
f 1849/64/2915 1848/68/2915 1850/74/2915
f 1863/53/2936 1864/54/2936 1865/55/2936
f 1864/54/2937 1863/56/2937 1868/57/2937
f 1863/58/2938 1865/59/2938 1866/60/2938
f 1863/61/2939 1866/60/2939 1867/62/2939
f 1863/63/2940 1867/62/2940 1868/57/2940
f 1864/54/2941 1868/57/2941 1873/64/2941
f 1865/55/2942 1864/54/2942 1869/65/2942
f 1866/60/2943 1865/59/2943 1870/66/2943
f 1867/62/2944 1866/60/2944 1871/67/2944
f 1868/57/2945 1867/62/2945 1872/68/2945
f 1864/54/2946 1873/64/2946 1869/65/2946
f 1865/55/2947 1869/65/2947 1870/69/2947
f 1866/60/2948 1870/66/2948 1871/67/2948
f 1867/62/2949 1871/67/2949 1872/68/2949
f 1868/57/2950 1872/68/2950 1873/64/2950
f 1869/65/2951 1873/64/2951 1874/70/2951
f 1870/69/2952 1869/65/2952 1874/71/2952
f 1871/67/2953 1870/66/2953 1874/72/2953
f 1872/68/2954 1871/67/2954 1874/73/2954
f 1873/64/2955 1872/68/2955 1874/74/2955
f 1875/53/2956 1876/54/2956 1877/55/2956
f 1876/54/2957 1875/56/2957 1880/57/2957
f 1875/58/2958 1877/59/2958 1878/60/2958
f 1875/61/2959 1878/60/2959 1879/62/2959
f 1875/63/2960 1879/62/2960 1880/57/2960
f 1876/54/2961 1880/57/2961 1885/64/2961
f 1877/55/2962 1876/54/2962 1881/65/2962
f 1878/60/2963 1877/59/2963 1882/66/2963
f 1879/62/2964 1878/60/2964 1883/67/2964
f 1880/57/2965 1879/62/2965 1884/68/2965
f 1876/54/2966 1885/64/2966 1881/65/2966
f 1877/55/2967 1881/65/2967 1882/69/2967
f 1878/60/2968 1882/66/2968 1883/67/2968
f 1879/62/2969 1883/67/2969 1884/68/2969
f 1880/57/2970 1884/68/2970 1885/64/2970
f 1881/65/2971 1885/64/2971 1886/70/2971
f 1882/69/2972 1881/65/2972 1886/71/2972
f 1883/67/2973 1882/66/2973 1886/72/2973
f 1884/68/2974 1883/67/2974 1886/73/2974
f 1885/64/2975 1884/68/2975 1886/74/2975
f 1887/53/2976 1888/54/2976 1889/55/2976
f 1888/54/2977 1887/56/2977 1892/57/2977
f 1887/58/2978 1889/59/2978 1890/60/2978
f 1887/61/2979 1890/60/2979 1891/62/2979
f 1887/63/2980 1891/62/2980 1892/57/2980
f 1888/54/2981 1892/57/2981 1897/64/2981
f 1889/55/2982 1888/54/2982 1893/65/2982
f 1890/60/2983 1889/59/2983 1894/66/2983
f 1891/62/2984 1890/60/2984 1895/67/2984
f 1892/57/2985 1891/62/2985 1896/68/2985
f 1888/54/2986 1897/64/2986 1893/65/2986
f 1889/55/2987 1893/65/2987 1894/69/2987
f 1890/60/2988 1894/66/2988 1895/67/2988
f 1891/62/2989 1895/67/2989 1896/68/2989
f 1892/57/2990 1896/68/2990 1897/64/2990
f 1893/65/2991 1897/64/2991 1898/70/2991
f 1894/69/2992 1893/65/2992 1898/71/2992
f 1895/67/2993 1894/66/2993 1898/72/2993
f 1896/68/2994 1895/67/2994 1898/73/2994
f 1897/64/2995 1896/68/2995 1898/74/2995
f 1911/53/3016 1912/54/3016 1913/55/3016
f 1912/54/3017 1911/56/3017 1916/57/3017
f 1911/58/3018 1913/59/3018 1914/60/3018
f 1911/61/3019 1914/60/3019 1915/62/3019
f 1911/63/3020 1915/62/3020 1916/57/3020
f 1912/54/3021 1916/57/3021 1921/64/3021
f 1913/55/3022 1912/54/3022 1917/65/3022
f 1914/60/3023 1913/59/3023 1918/66/3023
f 1915/62/3024 1914/60/3024 1919/67/3024
f 1916/57/3025 1915/62/3025 1920/68/3025
f 1912/54/3026 1921/64/3026 1917/65/3026
f 1913/55/3027 1917/65/3027 1918/69/3027
f 1914/60/3028 1918/66/3028 1919/67/3028
f 1915/62/3029 1919/67/3029 1920/68/3029
f 1916/57/3030 1920/68/3030 1921/64/3030
f 1917/65/3031 1921/64/3031 1922/70/3031
f 1918/69/3032 1917/65/3032 1922/71/3032
f 1919/67/3033 1918/66/3033 1922/72/3033
f 1920/68/3034 1919/67/3034 1922/73/3034
f 1921/64/3035 1920/68/3035 1922/74/3035
f 1923/53/3036 1924/54/3036 1925/55/3036
f 1924/54/3037 1923/56/3037 1928/57/3037
f 1923/58/3038 1925/59/3038 1926/60/3038
f 1923/61/3039 1926/60/3039 1927/62/3039
f 1923/63/3040 1927/62/3040 1928/57/3040
f 1924/54/3041 1928/57/3041 1933/64/3041
f 1925/55/3042 1924/54/3042 1929/65/3042
f 1926/60/3043 1925/59/3043 1930/66/3043
f 1927/62/3044 1926/60/3044 1931/67/3044
f 1928/57/3045 1927/62/3045 1932/68/3045
f 1924/54/3046 1933/64/3046 1929/65/3046
f 1925/55/3047 1929/65/3047 1930/69/3047
f 1926/60/3048 1930/66/3048 1931/67/3048
f 1927/62/3049 1931/67/3049 1932/68/3049
f 1928/57/3050 1932/68/3050 1933/64/3050
f 1929/65/3051 1933/64/3051 1934/70/3051
f 1930/69/3052 1929/65/3052 1934/71/3052
f 1931/67/3053 1930/66/3053 1934/72/3053
f 1932/68/3054 1931/67/3054 1934/73/3054
f 1933/64/3055 1932/68/3055 1934/74/3055
f 1935/53/3056 1936/54/3056 1937/55/3056
f 1936/54/3057 1935/56/3057 1940/57/3057
f 1935/58/3058 1937/59/3058 1938/60/3058
f 1935/61/3059 1938/60/3059 1939/62/3059
f 1935/63/3060 1939/62/3060 1940/57/3060
f 1936/54/3061 1940/57/3061 1945/64/3061
f 1937/55/3062 1936/54/3062 1941/65/3062
f 1938/60/3063 1937/59/3063 1942/66/3063
f 1939/62/3064 1938/60/3064 1943/67/3064
f 1940/57/3065 1939/62/3065 1944/68/3065
f 1936/54/3066 1945/64/3066 1941/65/3066
f 1937/55/3067 1941/65/3067 1942/69/3067
f 1938/60/3068 1942/66/3068 1943/67/3068
f 1939/62/3069 1943/67/3069 1944/68/3069
f 1940/57/3070 1944/68/3070 1945/64/3070
f 1941/65/3071 1945/64/3071 1946/70/3071
f 1942/69/3072 1941/65/3072 1946/71/3072
f 1943/67/3073 1942/66/3073 1946/72/3073
f 1944/68/3074 1943/67/3074 1946/73/3074
f 1945/64/3075 1944/68/3075 1946/74/3075
f 1959/53/3096 1960/54/3096 1961/55/3096
f 1960/54/3097 1959/56/3097 1964/57/3097
f 1959/58/3098 1961/59/3098 1962/60/3098
f 1959/61/3099 1962/60/3099 1963/62/3099
f 1959/63/3100 1963/62/3100 1964/57/3100
f 1960/54/3101 1964/57/3101 1969/64/3101
f 1961/55/3102 1960/54/3102 1965/65/3102
f 1962/60/3103 1961/59/3103 1966/66/3103
f 1963/62/3104 1962/60/3104 1967/67/3104
f 1964/57/3105 1963/62/3105 1968/68/3105
f 1960/54/3106 1969/64/3106 1965/65/3106
f 1961/55/3107 1965/65/3107 1966/69/3107
f 1962/60/3108 1966/66/3108 1967/67/3108
f 1963/62/3109 1967/67/3109 1968/68/3109
f 1964/57/3110 1968/68/3110 1969/64/3110
f 1965/65/3111 1969/64/3111 1970/70/3111
f 1966/69/3112 1965/65/3112 1970/71/3112
f 1967/67/3113 1966/66/3113 1970/72/3113
f 1968/68/3114 1967/67/3114 1970/73/3114
f 1969/64/3115 1968/68/3115 1970/74/3115
f 1971/53/3116 1972/54/3116 1973/55/3116
f 1972/54/3117 1971/56/3117 1976/57/3117
f 1971/58/3118 1973/59/3118 1974/60/3118
f 1971/61/3119 1974/60/3119 1975/62/3119
f 1971/63/3120 1975/62/3120 1976/57/3120
f 1972/54/3121 1976/57/3121 1981/64/3121
f 1973/55/3122 1972/54/3122 1977/65/3122
f 1974/60/3123 1973/59/3123 1978/66/3123
f 1975/62/3124 1974/60/3124 1979/67/3124
f 1976/57/3125 1975/62/3125 1980/68/3125
f 1972/54/3126 1981/64/3126 1977/65/3126
f 1973/55/3127 1977/65/3127 1978/69/3127
f 1974/60/3128 1978/66/3128 1979/67/3128
f 1975/62/3129 1979/67/3129 1980/68/3129
f 1976/57/3130 1980/68/3130 1981/64/3130
f 1977/65/3131 1981/64/3131 1982/70/3131
f 1978/69/3132 1977/65/3132 1982/71/3132
f 1979/67/3133 1978/66/3133 1982/72/3133
f 1980/68/3134 1979/67/3134 1982/73/3134
f 1981/64/3135 1980/68/3135 1982/74/3135
f 1983/53/3136 1984/54/3136 1985/55/3136
f 1984/54/3137 1983/56/3137 1988/57/3137
f 1983/58/3138 1985/59/3138 1986/60/3138
f 1983/61/3139 1986/60/3139 1987/62/3139
f 1983/63/3140 1987/62/3140 1988/57/3140
f 1984/54/3141 1988/57/3141 1993/64/3141
f 1985/55/3142 1984/54/3142 1989/65/3142
f 1986/60/3143 1985/59/3143 1990/66/3143
f 1987/62/3144 1986/60/3144 1991/67/3144
f 1988/57/3145 1987/62/3145 1992/68/3145
f 1984/54/3146 1993/64/3146 1989/65/3146
f 1985/55/3147 1989/65/3147 1990/69/3147
f 1986/60/3148 1990/66/3148 1991/67/3148
f 1987/62/3149 1991/67/3149 1992/68/3149
f 1988/57/3150 1992/68/3150 1993/64/3150
f 1989/65/3151 1993/64/3151 1994/70/3151
f 1990/69/3152 1989/65/3152 1994/71/3152
f 1991/67/3153 1990/66/3153 1994/72/3153
f 1992/68/3154 1991/67/3154 1994/73/3154
f 1993/64/3155 1992/68/3155 1994/74/3155
f 2007/53/3176 2008/54/3176 2009/55/3176
f 2008/54/3177 2007/56/3177 2012/57/3177
f 2007/58/3178 2009/59/3178 2010/60/3178
f 2007/61/3179 2010/60/3179 2011/62/3179
f 2007/63/3180 2011/62/3180 2012/57/3180
f 2008/54/3181 2012/57/3181 2017/64/3181
f 2009/55/3182 2008/54/3182 2013/65/3182
f 2010/60/3183 2009/59/3183 2014/66/3183
f 2011/62/3184 2010/60/3184 2015/67/3184
f 2012/57/3185 2011/62/3185 2016/68/3185
f 2008/54/3186 2017/64/3186 2013/65/3186
f 2009/55/3187 2013/65/3187 2014/69/3187
f 2010/60/3188 2014/66/3188 2015/67/3188
f 2011/62/3189 2015/67/3189 2016/68/3189
f 2012/57/3190 2016/68/3190 2017/64/3190
f 2013/65/3191 2017/64/3191 2018/70/3191
f 2014/69/3192 2013/65/3192 2018/71/3192
f 2015/67/3193 2014/66/3193 2018/72/3193
f 2016/68/3194 2015/67/3194 2018/73/3194
f 2017/64/3195 2016/68/3195 2018/74/3195
f 2031/53/3216 2032/54/3216 2033/55/3216
f 2032/54/3217 2031/56/3217 2036/57/3217
f 2031/58/3218 2033/59/3218 2034/60/3218
f 2031/61/3219 2034/60/3219 2035/62/3219
f 2031/63/3220 2035/62/3220 2036/57/3220
f 2032/54/3221 2036/57/3221 2041/64/3221
f 2033/55/3222 2032/54/3222 2037/65/3222
f 2034/60/3223 2033/59/3223 2038/66/3223
f 2035/62/3224 2034/60/3224 2039/67/3224
f 2036/57/3225 2035/62/3225 2040/68/3225
f 2032/54/3226 2041/64/3226 2037/65/3226
f 2033/55/3227 2037/65/3227 2038/69/3227
f 2034/60/3228 2038/66/3228 2039/67/3228
f 2035/62/3229 2039/67/3229 2040/68/3229
f 2036/57/3230 2040/68/3230 2041/64/3230
f 2037/65/3231 2041/64/3231 2042/70/3231
f 2038/69/3232 2037/65/3232 2042/71/3232
f 2039/67/3233 2038/66/3233 2042/72/3233
f 2040/68/3234 2039/67/3234 2042/73/3234
f 2041/64/3235 2040/68/3235 2042/74/3235
f 2043/53/3236 2044/54/3236 2045/55/3236
f 2044/54/3237 2043/56/3237 2048/57/3237
f 2043/58/3238 2045/59/3238 2046/60/3238
f 2043/61/3239 2046/60/3239 2047/62/3239
f 2043/63/3240 2047/62/3240 2048/57/3240
f 2044/54/3241 2048/57/3241 2053/64/3241
f 2045/55/3242 2044/54/3242 2049/65/3242
f 2046/60/3243 2045/59/3243 2050/66/3243
f 2047/62/3244 2046/60/3244 2051/67/3244
f 2048/57/3245 2047/62/3245 2052/68/3245
f 2044/54/3246 2053/64/3246 2049/65/3246
f 2045/55/3247 2049/65/3247 2050/69/3247
f 2046/60/3248 2050/66/3248 2051/67/3248
f 2047/62/3249 2051/67/3249 2052/68/3249
f 2048/57/3250 2052/68/3250 2053/64/3250
f 2049/65/3251 2053/64/3251 2054/70/3251
f 2050/69/3252 2049/65/3252 2054/71/3252
f 2051/67/3253 2050/66/3253 2054/72/3253
f 2052/68/3254 2051/67/3254 2054/73/3254
f 2053/64/3255 2052/68/3255 2054/74/3255
f 2055/53/3256 2056/54/3256 2057/55/3256
f 2056/54/3257 2055/56/3257 2060/57/3257
f 2055/58/3258 2057/59/3258 2058/60/3258
f 2055/61/3259 2058/60/3259 2059/62/3259
f 2055/63/3260 2059/62/3260 2060/57/3260
f 2056/54/3261 2060/57/3261 2065/64/3261
f 2057/55/3262 2056/54/3262 2061/65/3262
f 2058/60/3263 2057/59/3263 2062/66/3263
f 2059/62/3264 2058/60/3264 2063/67/3264
f 2060/57/3265 2059/62/3265 2064/68/3265
f 2056/54/3266 2065/64/3266 2061/65/3266
f 2057/55/3267 2061/65/3267 2062/69/3267
f 2058/60/3268 2062/66/3268 2063/67/3268
f 2059/62/3269 2063/67/3269 2064/68/3269
f 2060/57/3270 2064/68/3270 2065/64/3270
f 2061/65/3271 2065/64/3271 2066/70/3271
f 2062/69/3272 2061/65/3272 2066/71/3272
f 2063/67/3273 2062/66/3273 2066/72/3273
f 2064/68/3274 2063/67/3274 2066/73/3274
f 2065/64/3275 2064/68/3275 2066/74/3275
f 2079/53/3296 2080/54/3296 2081/55/3296
f 2080/54/3297 2079/56/3297 2084/57/3297
f 2079/58/3298 2081/59/3298 2082/60/3298
f 2079/61/3299 2082/60/3299 2083/62/3299
f 2079/63/3300 2083/62/3300 2084/57/3300
f 2080/54/3301 2084/57/3301 2089/64/3301
f 2081/55/3302 2080/54/3302 2085/65/3302
f 2082/60/3303 2081/59/3303 2086/66/3303
f 2083/62/3304 2082/60/3304 2087/67/3304
f 2084/57/3305 2083/62/3305 2088/68/3305
f 2080/54/3306 2089/64/3306 2085/65/3306
f 2081/55/3307 2085/65/3307 2086/69/3307
f 2082/60/3308 2086/66/3308 2087/67/3308
f 2083/62/3309 2087/67/3309 2088/68/3309
f 2084/57/3310 2088/68/3310 2089/64/3310
f 2085/65/3311 2089/64/3311 2090/70/3311
f 2086/69/3312 2085/65/3312 2090/71/3312
f 2087/67/3313 2086/66/3313 2090/72/3313
f 2088/68/3314 2087/67/3314 2090/73/3314
f 2089/64/3315 2088/68/3315 2090/74/3315
f 2091/53/3316 2092/54/3316 2093/55/3316
f 2092/54/3317 2091/56/3317 2096/57/3317
f 2091/58/3318 2093/59/3318 2094/60/3318
f 2091/61/3319 2094/60/3319 2095/62/3319
f 2091/63/3320 2095/62/3320 2096/57/3320
f 2092/54/3321 2096/57/3321 2101/64/3321
f 2093/55/3322 2092/54/3322 2097/65/3322
f 2094/60/3323 2093/59/3323 2098/66/3323
f 2095/62/3324 2094/60/3324 2099/67/3324
f 2096/57/3325 2095/62/3325 2100/68/3325
f 2092/54/3326 2101/64/3326 2097/65/3326
f 2093/55/3327 2097/65/3327 2098/69/3327
f 2094/60/3328 2098/66/3328 2099/67/3328
f 2095/62/3329 2099/67/3329 2100/68/3329
f 2096/57/3330 2100/68/3330 2101/64/3330
f 2097/65/3331 2101/64/3331 2102/70/3331
f 2098/69/3332 2097/65/3332 2102/71/3332
f 2099/67/3333 2098/66/3333 2102/72/3333
f 2100/68/3334 2099/67/3334 2102/73/3334
f 2101/64/3335 2100/68/3335 2102/74/3335
f 2103/53/3336 2104/54/3336 2105/55/3336
f 2104/54/3337 2103/56/3337 2108/57/3337
f 2103/58/3338 2105/59/3338 2106/60/3338
f 2103/61/3339 2106/60/3339 2107/62/3339
f 2103/63/3340 2107/62/3340 2108/57/3340
f 2104/54/3341 2108/57/3341 2113/64/3341
f 2105/55/3342 2104/54/3342 2109/65/3342
f 2106/60/3343 2105/59/3343 2110/66/3343
f 2107/62/3344 2106/60/3344 2111/67/3344
f 2108/57/3345 2107/62/3345 2112/68/3345
f 2104/54/3346 2113/64/3346 2109/65/3346
f 2105/55/3347 2109/65/3347 2110/69/3347
f 2106/60/3348 2110/66/3348 2111/67/3348
f 2107/62/3349 2111/67/3349 2112/68/3349
f 2108/57/3350 2112/68/3350 2113/64/3350
f 2109/65/3351 2113/64/3351 2114/70/3351
f 2110/69/3352 2109/65/3352 2114/71/3352
f 2111/67/3353 2110/66/3353 2114/72/3353
f 2112/68/3354 2111/67/3354 2114/73/3354
f 2113/64/3355 2112/68/3355 2114/74/3355
f 2127/53/3376 2128/54/3376 2129/55/3376
f 2128/54/3377 2127/56/3377 2132/57/3377
f 2127/58/3378 2129/59/3378 2130/60/3378
f 2127/61/3379 2130/60/3379 2131/62/3379
f 2127/63/3380 2131/62/3380 2132/57/3380
f 2128/54/3381 2132/57/3381 2137/64/3381
f 2129/55/3382 2128/54/3382 2133/65/3382
f 2130/60/3383 2129/59/3383 2134/66/3383
f 2131/62/3384 2130/60/3384 2135/67/3384
f 2132/57/3385 2131/62/3385 2136/68/3385
f 2128/54/3386 2137/64/3386 2133/65/3386
f 2129/55/3387 2133/65/3387 2134/69/3387
f 2130/60/3388 2134/66/3388 2135/67/3388
f 2131/62/3389 2135/67/3389 2136/68/3389
f 2132/57/3390 2136/68/3390 2137/64/3390
f 2133/65/3391 2137/64/3391 2138/70/3391
f 2134/69/3392 2133/65/3392 2138/71/3392
f 2135/67/3393 2134/66/3393 2138/72/3393
f 2136/68/3394 2135/67/3394 2138/73/3394
f 2137/64/3395 2136/68/3395 2138/74/3395
f 2139/53/3396 2140/54/3396 2141/55/3396
f 2140/54/3397 2139/56/3397 2144/57/3397
f 2139/58/3398 2141/59/3398 2142/60/3398
f 2139/61/3399 2142/60/3399 2143/62/3399
f 2139/63/3400 2143/62/3400 2144/57/3400
f 2140/54/3401 2144/57/3401 2149/64/3401
f 2141/55/3402 2140/54/3402 2145/65/3402
f 2142/60/3403 2141/59/3403 2146/66/3403
f 2143/62/3404 2142/60/3404 2147/67/3404
f 2144/57/3405 2143/62/3405 2148/68/3405
f 2140/54/3406 2149/64/3406 2145/65/3406
f 2141/55/3407 2145/65/3407 2146/69/3407
f 2142/60/3408 2146/66/3408 2147/67/3408
f 2143/62/3409 2147/67/3409 2148/68/3409
f 2144/57/3410 2148/68/3410 2149/64/3410
f 2145/65/3411 2149/64/3411 2150/70/3411
f 2146/69/3412 2145/65/3412 2150/71/3412
f 2147/67/3413 2146/66/3413 2150/72/3413
f 2148/68/3414 2147/67/3414 2150/73/3414
f 2149/64/3415 2148/68/3415 2150/74/3415
f 2151/53/3416 2152/54/3416 2153/55/3416
f 2152/54/3417 2151/56/3417 2156/57/3417
f 2151/58/3418 2153/59/3418 2154/60/3418
f 2151/61/3419 2154/60/3419 2155/62/3419
f 2151/63/3420 2155/62/3420 2156/57/3420
f 2152/54/3421 2156/57/3421 2161/64/3421
f 2153/55/3422 2152/54/3422 2157/65/3422
f 2154/60/3423 2153/59/3423 2158/66/3423
f 2155/62/3424 2154/60/3424 2159/67/3424
f 2156/57/3425 2155/62/3425 2160/68/3425
f 2152/54/3426 2161/64/3426 2157/65/3426
f 2153/55/3427 2157/65/3427 2158/69/3427
f 2154/60/3428 2158/66/3428 2159/67/3428
f 2155/62/3429 2159/67/3429 2160/68/3429
f 2156/57/3430 2160/68/3430 2161/64/3430
f 2157/65/3431 2161/64/3431 2162/70/3431
f 2158/69/3432 2157/65/3432 2162/71/3432
f 2159/67/3433 2158/66/3433 2162/72/3433
f 2160/68/3434 2159/67/3434 2162/73/3434
f 2161/64/3435 2160/68/3435 2162/74/3435
f 2175/53/3456 2176/54/3456 2177/55/3456
f 2176/54/3457 2175/56/3457 2180/57/3457
f 2175/58/3458 2177/59/3458 2178/60/3458
f 2175/61/3459 2178/60/3459 2179/62/3459
f 2175/63/3460 2179/62/3460 2180/57/3460
f 2176/54/3461 2180/57/3461 2185/64/3461
f 2177/55/3462 2176/54/3462 2181/65/3462
f 2178/60/3463 2177/59/3463 2182/66/3463
f 2179/62/3464 2178/60/3464 2183/67/3464
f 2180/57/3465 2179/62/3465 2184/68/3465
f 2176/54/3466 2185/64/3466 2181/65/3466
f 2177/55/3467 2181/65/3467 2182/69/3467
f 2178/60/3468 2182/66/3468 2183/67/3468
f 2179/62/3469 2183/67/3469 2184/68/3469
f 2180/57/3470 2184/68/3470 2185/64/3470
f 2181/65/3471 2185/64/3471 2186/70/3471
f 2182/69/3472 2181/65/3472 2186/71/3472
f 2183/67/3473 2182/66/3473 2186/72/3473
f 2184/68/3474 2183/67/3474 2186/73/3474
f 2185/64/3475 2184/68/3475 2186/74/3475
f 2199/53/3496 2200/54/3496 2201/55/3496
f 2200/54/3497 2199/56/3497 2204/57/3497
f 2199/58/3498 2201/59/3498 2202/60/3498
f 2199/61/3499 2202/60/3499 2203/62/3499
f 2199/63/3500 2203/62/3500 2204/57/3500
f 2200/54/3501 2204/57/3501 2209/64/3501
f 2201/55/3502 2200/54/3502 2205/65/3502
f 2202/60/3503 2201/59/3503 2206/66/3503
f 2203/62/3504 2202/60/3504 2207/67/3504
f 2204/57/3505 2203/62/3505 2208/68/3505
f 2200/54/3506 2209/64/3506 2205/65/3506
f 2201/55/3507 2205/65/3507 2206/69/3507
f 2202/60/3508 2206/66/3508 2207/67/3508
f 2203/62/3509 2207/67/3509 2208/68/3509
f 2204/57/3510 2208/68/3510 2209/64/3510
f 2205/65/3511 2209/64/3511 2210/70/3511
f 2206/69/3512 2205/65/3512 2210/71/3512
f 2207/67/3513 2206/66/3513 2210/72/3513
f 2208/68/3514 2207/67/3514 2210/73/3514
f 2209/64/3515 2208/68/3515 2210/74/3515
f 2211/53/3516 2212/54/3516 2213/55/3516
f 2212/54/3517 2211/56/3517 2216/57/3517
f 2211/58/3518 2213/59/3518 2214/60/3518
f 2211/61/3519 2214/60/3519 2215/62/3519
f 2211/63/3520 2215/62/3520 2216/57/3520
f 2212/54/3521 2216/57/3521 2221/64/3521
f 2213/55/3522 2212/54/3522 2217/65/3522
f 2214/60/3523 2213/59/3523 2218/66/3523
f 2215/62/3524 2214/60/3524 2219/67/3524
f 2216/57/3525 2215/62/3525 2220/68/3525
f 2212/54/3526 2221/64/3526 2217/65/3526
f 2213/55/3527 2217/65/3527 2218/69/3527
f 2214/60/3528 2218/66/3528 2219/67/3528
f 2215/62/3529 2219/67/3529 2220/68/3529
f 2216/57/3530 2220/68/3530 2221/64/3530
f 2217/65/3531 2221/64/3531 2222/70/3531
f 2218/69/3532 2217/65/3532 2222/71/3532
f 2219/67/3533 2218/66/3533 2222/72/3533
f 2220/68/3534 2219/67/3534 2222/73/3534
f 2221/64/3535 2220/68/3535 2222/74/3535
f 2223/53/3536 2224/54/3536 2225/55/3536
f 2224/54/3537 2223/56/3537 2228/57/3537
f 2223/58/3538 2225/59/3538 2226/60/3538
f 2223/61/3539 2226/60/3539 2227/62/3539
f 2223/63/3540 2227/62/3540 2228/57/3540
f 2224/54/3541 2228/57/3541 2233/64/3541
f 2225/55/3542 2224/54/3542 2229/65/3542
f 2226/60/3543 2225/59/3543 2230/66/3543
f 2227/62/3544 2226/60/3544 2231/67/3544
f 2228/57/3545 2227/62/3545 2232/68/3545
f 2224/54/3546 2233/64/3546 2229/65/3546
f 2225/55/3547 2229/65/3547 2230/69/3547
f 2226/60/3548 2230/66/3548 2231/67/3548
f 2227/62/3549 2231/67/3549 2232/68/3549
f 2228/57/3550 2232/68/3550 2233/64/3550
f 2229/65/3551 2233/64/3551 2234/70/3551
f 2230/69/3552 2229/65/3552 2234/71/3552
f 2231/67/3553 2230/66/3553 2234/72/3553
f 2232/68/3554 2231/67/3554 2234/73/3554
f 2233/64/3555 2232/68/3555 2234/74/3555
f 2247/53/3576 2248/54/3576 2249/55/3576
f 2248/54/3577 2247/56/3577 2252/57/3577
f 2247/58/3578 2249/59/3578 2250/60/3578
f 2247/61/3579 2250/60/3579 2251/62/3579
f 2247/63/3580 2251/62/3580 2252/57/3580
f 2248/54/3581 2252/57/3581 2257/64/3581
f 2249/55/3582 2248/54/3582 2253/65/3582
f 2250/60/3583 2249/59/3583 2254/66/3583
f 2251/62/3584 2250/60/3584 2255/67/3584
f 2252/57/3585 2251/62/3585 2256/68/3585
f 2248/54/3586 2257/64/3586 2253/65/3586
f 2249/55/3587 2253/65/3587 2254/69/3587
f 2250/60/3588 2254/66/3588 2255/67/3588
f 2251/62/3589 2255/67/3589 2256/68/3589
f 2252/57/3590 2256/68/3590 2257/64/3590
f 2253/65/3591 2257/64/3591 2258/70/3591
f 2254/69/3592 2253/65/3592 2258/71/3592
f 2255/67/3593 2254/66/3593 2258/72/3593
f 2256/68/3594 2255/67/3594 2258/73/3594
f 2257/64/3595 2256/68/3595 2258/74/3595
f 2259/53/3596 2260/54/3596 2261/55/3596
f 2260/54/3597 2259/56/3597 2264/57/3597
f 2259/58/3598 2261/59/3598 2262/60/3598
f 2259/61/3599 2262/60/3599 2263/62/3599
f 2259/63/3600 2263/62/3600 2264/57/3600
f 2260/54/3601 2264/57/3601 2269/64/3601
f 2261/55/3602 2260/54/3602 2265/65/3602
f 2262/60/3603 2261/59/3603 2266/66/3603
f 2263/62/3604 2262/60/3604 2267/67/3604
f 2264/57/3605 2263/62/3605 2268/68/3605
f 2260/54/3606 2269/64/3606 2265/65/3606
f 2261/55/3607 2265/65/3607 2266/69/3607
f 2262/60/3608 2266/66/3608 2267/67/3608
f 2263/62/3609 2267/67/3609 2268/68/3609
f 2264/57/3610 2268/68/3610 2269/64/3610
f 2265/65/3611 2269/64/3611 2270/70/3611
f 2266/69/3612 2265/65/3612 2270/71/3612
f 2267/67/3613 2266/66/3613 2270/72/3613
f 2268/68/3614 2267/67/3614 2270/73/3614
f 2269/64/3615 2268/68/3615 2270/74/3615
f 2271/53/3616 2272/54/3616 2273/55/3616
f 2272/54/3617 2271/56/3617 2276/57/3617
f 2271/58/3618 2273/59/3618 2274/60/3618
f 2271/61/3619 2274/60/3619 2275/62/3619
f 2271/63/3620 2275/62/3620 2276/57/3620
f 2272/54/3621 2276/57/3621 2281/64/3621
f 2273/55/3622 2272/54/3622 2277/65/3622
f 2274/60/3623 2273/59/3623 2278/66/3623
f 2275/62/3624 2274/60/3624 2279/67/3624
f 2276/57/3625 2275/62/3625 2280/68/3625
f 2272/54/3626 2281/64/3626 2277/65/3626
f 2273/55/3627 2277/65/3627 2278/69/3627
f 2274/60/3628 2278/66/3628 2279/67/3628
f 2275/62/3629 2279/67/3629 2280/68/3629
f 2276/57/3630 2280/68/3630 2281/64/3630
f 2277/65/3631 2281/64/3631 2282/70/3631
f 2278/69/3632 2277/65/3632 2282/71/3632
f 2279/67/3633 2278/66/3633 2282/72/3633
f 2280/68/3634 2279/67/3634 2282/73/3634
f 2281/64/3635 2280/68/3635 2282/74/3635
f 2295/53/3656 2296/54/3656 2297/55/3656
f 2296/54/3657 2295/56/3657 2300/57/3657
f 2295/58/3658 2297/59/3658 2298/60/3658
f 2295/61/3659 2298/60/3659 2299/62/3659
f 2295/63/3660 2299/62/3660 2300/57/3660
f 2296/54/3661 2300/57/3661 2305/64/3661
f 2297/55/3662 2296/54/3662 2301/65/3662
f 2298/60/3663 2297/59/3663 2302/66/3663
f 2299/62/3664 2298/60/3664 2303/67/3664
f 2300/57/3665 2299/62/3665 2304/68/3665
f 2296/54/3666 2305/64/3666 2301/65/3666
f 2297/55/3667 2301/65/3667 2302/69/3667
f 2298/60/3668 2302/66/3668 2303/67/3668
f 2299/62/3669 2303/67/3669 2304/68/3669
f 2300/57/3670 2304/68/3670 2305/64/3670
f 2301/65/3671 2305/64/3671 2306/70/3671
f 2302/69/3672 2301/65/3672 2306/71/3672
f 2303/67/3673 2302/66/3673 2306/72/3673
f 2304/68/3674 2303/67/3674 2306/73/3674
f 2305/64/3675 2304/68/3675 2306/74/3675
f 2307/53/3676 2308/54/3676 2309/55/3676
f 2308/54/3677 2307/56/3677 2312/57/3677
f 2307/58/3678 2309/59/3678 2310/60/3678
f 2307/61/3679 2310/60/3679 2311/62/3679
f 2307/63/3680 2311/62/3680 2312/57/3680
f 2308/54/3681 2312/57/3681 2317/64/3681
f 2309/55/3682 2308/54/3682 2313/65/3682
f 2310/60/3683 2309/59/3683 2314/66/3683
f 2311/62/3684 2310/60/3684 2315/67/3684
f 2312/57/3685 2311/62/3685 2316/68/3685
f 2308/54/3686 2317/64/3686 2313/65/3686
f 2309/55/3687 2313/65/3687 2314/69/3687
f 2310/60/3688 2314/66/3688 2315/67/3688
f 2311/62/3689 2315/67/3689 2316/68/3689
f 2312/57/3690 2316/68/3690 2317/64/3690
f 2313/65/3691 2317/64/3691 2318/70/3691
f 2314/69/3692 2313/65/3692 2318/71/3692
f 2315/67/3693 2314/66/3693 2318/72/3693
f 2316/68/3694 2315/67/3694 2318/73/3694
f 2317/64/3695 2316/68/3695 2318/74/3695
f 2319/53/3696 2320/54/3696 2321/55/3696
f 2320/54/3697 2319/56/3697 2324/57/3697
f 2319/58/3698 2321/59/3698 2322/60/3698
f 2319/61/3699 2322/60/3699 2323/62/3699
f 2319/63/3700 2323/62/3700 2324/57/3700
f 2320/54/3701 2324/57/3701 2329/64/3701
f 2321/55/3702 2320/54/3702 2325/65/3702
f 2322/60/3703 2321/59/3703 2326/66/3703
f 2323/62/3704 2322/60/3704 2327/67/3704
f 2324/57/3705 2323/62/3705 2328/68/3705
f 2320/54/3706 2329/64/3706 2325/65/3706
f 2321/55/3707 2325/65/3707 2326/69/3707
f 2322/60/3708 2326/66/3708 2327/67/3708
f 2323/62/3709 2327/67/3709 2328/68/3709
f 2324/57/3710 2328/68/3710 2329/64/3710
f 2325/65/3711 2329/64/3711 2330/70/3711
f 2326/69/3712 2325/65/3712 2330/71/3712
f 2327/67/3713 2326/66/3713 2330/72/3713
f 2328/68/3714 2327/67/3714 2330/73/3714
f 2329/64/3715 2328/68/3715 2330/74/3715
f 2343/53/3736 2344/54/3736 2345/55/3736
f 2344/54/3737 2343/56/3737 2348/57/3737
f 2343/58/3738 2345/59/3738 2346/60/3738
f 2343/61/3739 2346/60/3739 2347/62/3739
f 2343/63/3740 2347/62/3740 2348/57/3740
f 2344/54/3741 2348/57/3741 2353/64/3741
f 2345/55/3742 2344/54/3742 2349/65/3742
f 2346/60/3743 2345/59/3743 2350/66/3743
f 2347/62/3744 2346/60/3744 2351/67/3744
f 2348/57/3745 2347/62/3745 2352/68/3745
f 2344/54/3746 2353/64/3746 2349/65/3746
f 2345/55/3747 2349/65/3747 2350/69/3747
f 2346/60/3748 2350/66/3748 2351/67/3748
f 2347/62/3749 2351/67/3749 2352/68/3749
f 2348/57/3750 2352/68/3750 2353/64/3750
f 2349/65/3751 2353/64/3751 2354/70/3751
f 2350/69/3752 2349/65/3752 2354/71/3752
f 2351/67/3753 2350/66/3753 2354/72/3753
f 2352/68/3754 2351/67/3754 2354/73/3754
f 2353/64/3755 2352/68/3755 2354/74/3755
f 2367/53/3776 2368/54/3776 2369/55/3776
f 2368/54/3777 2367/56/3777 2372/57/3777
f 2367/58/3778 2369/59/3778 2370/60/3778
f 2367/61/3779 2370/60/3779 2371/62/3779
f 2367/63/3780 2371/62/3780 2372/57/3780
f 2368/54/3781 2372/57/3781 2377/64/3781
f 2369/55/3782 2368/54/3782 2373/65/3782
f 2370/60/3783 2369/59/3783 2374/66/3783
f 2371/62/3784 2370/60/3784 2375/67/3784
f 2372/57/3785 2371/62/3785 2376/68/3785
f 2368/54/3786 2377/64/3786 2373/65/3786
f 2369/55/3787 2373/65/3787 2374/69/3787
f 2370/60/3788 2374/66/3788 2375/67/3788
f 2371/62/3789 2375/67/3789 2376/68/3789
f 2372/57/3790 2376/68/3790 2377/64/3790
f 2373/65/3791 2377/64/3791 2378/70/3791
f 2374/69/3792 2373/65/3792 2378/71/3792
f 2375/67/3793 2374/66/3793 2378/72/3793
f 2376/68/3794 2375/67/3794 2378/73/3794
f 2377/64/3795 2376/68/3795 2378/74/3795
f 2379/53/3796 2380/54/3796 2381/55/3796
f 2380/54/3797 2379/56/3797 2384/57/3797
f 2379/58/3798 2381/59/3798 2382/60/3798
f 2379/61/3799 2382/60/3799 2383/62/3799
f 2379/63/3800 2383/62/3800 2384/57/3800
f 2380/54/3801 2384/57/3801 2389/64/3801
f 2381/55/3802 2380/54/3802 2385/65/3802
f 2382/60/3803 2381/59/3803 2386/66/3803
f 2383/62/3804 2382/60/3804 2387/67/3804
f 2384/57/3805 2383/62/3805 2388/68/3805
f 2380/54/3806 2389/64/3806 2385/65/3806
f 2381/55/3807 2385/65/3807 2386/69/3807
f 2382/60/3808 2386/66/3808 2387/67/3808
f 2383/62/3809 2387/67/3809 2388/68/3809
f 2384/57/3810 2388/68/3810 2389/64/3810
f 2385/65/3811 2389/64/3811 2390/70/3811
f 2386/69/3812 2385/65/3812 2390/71/3812
f 2387/67/3813 2386/66/3813 2390/72/3813
f 2388/68/3814 2387/67/3814 2390/73/3814
f 2389/64/3815 2388/68/3815 2390/74/3815
f 2391/53/3816 2392/54/3816 2393/55/3816
f 2392/54/3817 2391/56/3817 2396/57/3817
f 2391/58/3818 2393/59/3818 2394/60/3818
f 2391/61/3819 2394/60/3819 2395/62/3819
f 2391/63/3820 2395/62/3820 2396/57/3820
f 2392/54/3821 2396/57/3821 2401/64/3821
f 2393/55/3822 2392/54/3822 2397/65/3822
f 2394/60/3823 2393/59/3823 2398/66/3823
f 2395/62/3824 2394/60/3824 2399/67/3824
f 2396/57/3825 2395/62/3825 2400/68/3825
f 2392/54/3826 2401/64/3826 2397/65/3826
f 2393/55/3827 2397/65/3827 2398/69/3827
f 2394/60/3828 2398/66/3828 2399/67/3828
f 2395/62/3829 2399/67/3829 2400/68/3829
f 2396/57/3830 2400/68/3830 2401/64/3830
f 2397/65/3831 2401/64/3831 2402/70/3831
f 2398/69/3832 2397/65/3832 2402/71/3832
f 2399/67/3833 2398/66/3833 2402/72/3833
f 2400/68/3834 2399/67/3834 2402/73/3834
f 2401/64/3835 2400/68/3835 2402/74/3835
f 2415/53/3856 2416/54/3856 2417/55/3856
f 2416/54/3857 2415/56/3857 2420/57/3857
f 2415/58/3858 2417/59/3858 2418/60/3858
f 2415/61/3859 2418/60/3859 2419/62/3859
f 2415/63/3860 2419/62/3860 2420/57/3860
f 2416/54/3861 2420/57/3861 2425/64/3861
f 2417/55/3862 2416/54/3862 2421/65/3862
f 2418/60/3863 2417/59/3863 2422/66/3863
f 2419/62/3864 2418/60/3864 2423/67/3864
f 2420/57/3865 2419/62/3865 2424/68/3865
f 2416/54/3866 2425/64/3866 2421/65/3866
f 2417/55/3867 2421/65/3867 2422/69/3867
f 2418/60/3868 2422/66/3868 2423/67/3868
f 2419/62/3869 2423/67/3869 2424/68/3869
f 2420/57/3870 2424/68/3870 2425/64/3870
f 2421/65/3871 2425/64/3871 2426/70/3871
f 2422/69/3872 2421/65/3872 2426/71/3872
f 2423/67/3873 2422/66/3873 2426/72/3873
f 2424/68/3874 2423/67/3874 2426/73/3874
f 2425/64/3875 2424/68/3875 2426/74/3875
f 2427/53/3876 2428/54/3876 2429/55/3876
f 2428/54/3877 2427/56/3877 2432/57/3877
f 2427/58/3878 2429/59/3878 2430/60/3878
f 2427/61/3879 2430/60/3879 2431/62/3879
f 2427/63/3880 2431/62/3880 2432/57/3880
f 2428/54/3881 2432/57/3881 2437/64/3881
f 2429/55/3882 2428/54/3882 2433/65/3882
f 2430/60/3883 2429/59/3883 2434/66/3883
f 2431/62/3884 2430/60/3884 2435/67/3884
f 2432/57/3885 2431/62/3885 2436/68/3885
f 2428/54/3886 2437/64/3886 2433/65/3886
f 2429/55/3887 2433/65/3887 2434/69/3887
f 2430/60/3888 2434/66/3888 2435/67/3888
f 2431/62/3889 2435/67/3889 2436/68/3889
f 2432/57/3890 2436/68/3890 2437/64/3890
f 2433/65/3891 2437/64/3891 2438/70/3891
f 2434/69/3892 2433/65/3892 2438/71/3892
f 2435/67/3893 2434/66/3893 2438/72/3893
f 2436/68/3894 2435/67/3894 2438/73/3894
f 2437/64/3895 2436/68/3895 2438/74/3895
f 2439/53/3896 2440/54/3896 2441/55/3896
f 2440/54/3897 2439/56/3897 2444/57/3897
f 2439/58/3898 2441/59/3898 2442/60/3898
f 2439/61/3899 2442/60/3899 2443/62/3899
f 2439/63/3900 2443/62/3900 2444/57/3900
f 2440/54/3901 2444/57/3901 2449/64/3901
f 2441/55/3902 2440/54/3902 2445/65/3902
f 2442/60/3903 2441/59/3903 2446/66/3903
f 2443/62/3904 2442/60/3904 2447/67/3904
f 2444/57/3905 2443/62/3905 2448/68/3905
f 2440/54/3906 2449/64/3906 2445/65/3906
f 2441/55/3907 2445/65/3907 2446/69/3907
f 2442/60/3908 2446/66/3908 2447/67/3908
f 2443/62/3909 2447/67/3909 2448/68/3909
f 2444/57/3910 2448/68/3910 2449/64/3910
f 2445/65/3911 2449/64/3911 2450/70/3911
f 2446/69/3912 2445/65/3912 2450/71/3912
f 2447/67/3913 2446/66/3913 2450/72/3913
f 2448/68/3914 2447/67/3914 2450/73/3914
f 2449/64/3915 2448/68/3915 2450/74/3915
f 2463/53/3936 2464/54/3936 2465/55/3936
f 2464/54/3937 2463/56/3937 2468/57/3937
f 2463/58/3938 2465/59/3938 2466/60/3938
f 2463/61/3939 2466/60/3939 2467/62/3939
f 2463/63/3940 2467/62/3940 2468/57/3940
f 2464/54/3941 2468/57/3941 2473/64/3941
f 2465/55/3942 2464/54/3942 2469/65/3942
f 2466/60/3943 2465/59/3943 2470/66/3943
f 2467/62/3944 2466/60/3944 2471/67/3944
f 2468/57/3945 2467/62/3945 2472/68/3945
f 2464/54/3946 2473/64/3946 2469/65/3946
f 2465/55/3947 2469/65/3947 2470/69/3947
f 2466/60/3948 2470/66/3948 2471/67/3948
f 2467/62/3949 2471/67/3949 2472/68/3949
f 2468/57/3950 2472/68/3950 2473/64/3950
f 2469/65/3951 2473/64/3951 2474/70/3951
f 2470/69/3952 2469/65/3952 2474/71/3952
f 2471/67/3953 2470/66/3953 2474/72/3953
f 2472/68/3954 2471/67/3954 2474/73/3954
f 2473/64/3955 2472/68/3955 2474/74/3955
f 2475/53/3956 2476/54/3956 2477/55/3956
f 2476/54/3957 2475/56/3957 2480/57/3957
f 2475/58/3958 2477/59/3958 2478/60/3958
f 2475/61/3959 2478/60/3959 2479/62/3959
f 2475/63/3960 2479/62/3960 2480/57/3960
f 2476/54/3961 2480/57/3961 2485/64/3961
f 2477/55/3962 2476/54/3962 2481/65/3962
f 2478/60/3963 2477/59/3963 2482/66/3963
f 2479/62/3964 2478/60/3964 2483/67/3964
f 2480/57/3965 2479/62/3965 2484/68/3965
f 2476/54/3966 2485/64/3966 2481/65/3966
f 2477/55/3967 2481/65/3967 2482/69/3967
f 2478/60/3968 2482/66/3968 2483/67/3968
f 2479/62/3969 2483/67/3969 2484/68/3969
f 2480/57/3970 2484/68/3970 2485/64/3970
f 2481/65/3971 2485/64/3971 2486/70/3971
f 2482/69/3972 2481/65/3972 2486/71/3972
f 2483/67/3973 2482/66/3973 2486/72/3973
f 2484/68/3974 2483/67/3974 2486/73/3974
f 2485/64/3975 2484/68/3975 2486/74/3975
f 2487/53/3976 2488/54/3976 2489/55/3976
f 2488/54/3977 2487/56/3977 2492/57/3977
f 2487/58/3978 2489/59/3978 2490/60/3978
f 2487/61/3979 2490/60/3979 2491/62/3979
f 2487/63/3980 2491/62/3980 2492/57/3980
f 2488/54/3981 2492/57/3981 2497/64/3981
f 2489/55/3982 2488/54/3982 2493/65/3982
f 2490/60/3983 2489/59/3983 2494/66/3983
f 2491/62/3984 2490/60/3984 2495/67/3984
f 2492/57/3985 2491/62/3985 2496/68/3985
f 2488/54/3986 2497/64/3986 2493/65/3986
f 2489/55/3987 2493/65/3987 2494/69/3987
f 2490/60/3988 2494/66/3988 2495/67/3988
f 2491/62/3989 2495/67/3989 2496/68/3989
f 2492/57/3990 2496/68/3990 2497/64/3990
f 2493/65/3991 2497/64/3991 2498/70/3991
f 2494/69/3992 2493/65/3992 2498/71/3992
f 2495/67/3993 2494/66/3993 2498/72/3993
f 2496/68/3994 2495/67/3994 2498/73/3994
f 2497/64/3995 2496/68/3995 2498/74/3995
f 2511/53/4016 2512/54/4016 2513/55/4016
f 2512/54/4017 2511/56/4017 2516/57/4017
f 2511/58/4018 2513/59/4018 2514/60/4018
f 2511/61/4019 2514/60/4019 2515/62/4019
f 2511/63/4020 2515/62/4020 2516/57/4020
f 2512/54/4021 2516/57/4021 2521/64/4021
f 2513/55/4022 2512/54/4022 2517/65/4022
f 2514/60/4023 2513/59/4023 2518/66/4023
f 2515/62/4024 2514/60/4024 2519/67/4024
f 2516/57/4025 2515/62/4025 2520/68/4025
f 2512/54/4026 2521/64/4026 2517/65/4026
f 2513/55/4027 2517/65/4027 2518/69/4027
f 2514/60/4028 2518/66/4028 2519/67/4028
f 2515/62/4029 2519/67/4029 2520/68/4029
f 2516/57/4030 2520/68/4030 2521/64/4030
f 2517/65/4031 2521/64/4031 2522/70/4031
f 2518/69/4032 2517/65/4032 2522/71/4032
f 2519/67/4033 2518/66/4033 2522/72/4033
f 2520/68/4034 2519/67/4034 2522/73/4034
f 2521/64/4035 2520/68/4035 2522/74/4035
f 2535/53/4056 2536/54/4056 2537/55/4056
f 2536/54/4057 2535/56/4057 2540/57/4057
f 2535/58/4058 2537/59/4058 2538/60/4058
f 2535/61/4059 2538/60/4059 2539/62/4059
f 2535/63/4060 2539/62/4060 2540/57/4060
f 2536/54/4061 2540/57/4061 2545/64/4061
f 2537/55/4062 2536/54/4062 2541/65/4062
f 2538/60/4063 2537/59/4063 2542/66/4063
f 2539/62/4064 2538/60/4064 2543/67/4064
f 2540/57/4065 2539/62/4065 2544/68/4065
f 2536/54/4066 2545/64/4066 2541/65/4066
f 2537/55/4067 2541/65/4067 2542/69/4067
f 2538/60/4068 2542/66/4068 2543/67/4068
f 2539/62/4069 2543/67/4069 2544/68/4069
f 2540/57/4070 2544/68/4070 2545/64/4070
f 2541/65/4071 2545/64/4071 2546/70/4071
f 2542/69/4072 2541/65/4072 2546/71/4072
f 2543/67/4073 2542/66/4073 2546/72/4073
f 2544/68/4074 2543/67/4074 2546/73/4074
f 2545/64/4075 2544/68/4075 2546/74/4075
f 2547/53/4076 2548/54/4076 2549/55/4076
f 2548/54/4077 2547/56/4077 2552/57/4077
f 2547/58/4078 2549/59/4078 2550/60/4078
f 2547/61/4079 2550/60/4079 2551/62/4079
f 2547/63/4080 2551/62/4080 2552/57/4080
f 2548/54/4081 2552/57/4081 2557/64/4081
f 2549/55/4082 2548/54/4082 2553/65/4082
f 2550/60/4083 2549/59/4083 2554/66/4083
f 2551/62/4084 2550/60/4084 2555/67/4084
f 2552/57/4085 2551/62/4085 2556/68/4085
f 2548/54/4086 2557/64/4086 2553/65/4086
f 2549/55/4087 2553/65/4087 2554/69/4087
f 2550/60/4088 2554/66/4088 2555/67/4088
f 2551/62/4089 2555/67/4089 2556/68/4089
f 2552/57/4090 2556/68/4090 2557/64/4090
f 2553/65/4091 2557/64/4091 2558/70/4091
f 2554/69/4092 2553/65/4092 2558/71/4092
f 2555/67/4093 2554/66/4093 2558/72/4093
f 2556/68/4094 2555/67/4094 2558/73/4094
f 2557/64/4095 2556/68/4095 2558/74/4095
f 2571/53/4116 2572/54/4116 2573/55/4116
f 2572/54/4117 2571/56/4117 2576/57/4117
f 2571/58/4118 2573/59/4118 2574/60/4118
f 2571/61/4119 2574/60/4119 2575/62/4119
f 2571/63/4120 2575/62/4120 2576/57/4120
f 2572/54/4121 2576/57/4121 2581/64/4121
f 2573/55/4122 2572/54/4122 2577/65/4122
f 2574/60/4123 2573/59/4123 2578/66/4123
f 2575/62/4124 2574/60/4124 2579/67/4124
f 2576/57/4125 2575/62/4125 2580/68/4125
f 2572/54/4126 2581/64/4126 2577/65/4126
f 2573/55/4127 2577/65/4127 2578/69/4127
f 2574/60/4128 2578/66/4128 2579/67/4128
f 2575/62/4129 2579/67/4129 2580/68/4129
f 2576/57/4130 2580/68/4130 2581/64/4130
f 2577/65/4131 2581/64/4131 2582/70/4131
f 2578/69/4132 2577/65/4132 2582/71/4132
f 2579/67/4133 2578/66/4133 2582/72/4133
f 2580/68/4134 2579/67/4134 2582/73/4134
f 2581/64/4135 2580/68/4135 2582/74/4135
f 2583/53/4136 2584/54/4136 2585/55/4136
f 2584/54/4137 2583/56/4137 2588/57/4137
f 2583/58/4138 2585/59/4138 2586/60/4138
f 2583/61/4139 2586/60/4139 2587/62/4139
f 2583/63/4140 2587/62/4140 2588/57/4140
f 2584/54/4141 2588/57/4141 2593/64/4141
f 2585/55/4142 2584/54/4142 2589/65/4142
f 2586/60/4143 2585/59/4143 2590/66/4143
f 2587/62/4144 2586/60/4144 2591/67/4144
f 2588/57/4145 2587/62/4145 2592/68/4145
f 2584/54/4146 2593/64/4146 2589/65/4146
f 2585/55/4147 2589/65/4147 2590/69/4147
f 2586/60/4148 2590/66/4148 2591/67/4148
f 2587/62/4149 2591/67/4149 2592/68/4149
f 2588/57/4150 2592/68/4150 2593/64/4150
f 2589/65/4151 2593/64/4151 2594/70/4151
f 2590/69/4152 2589/65/4152 2594/71/4152
f 2591/67/4153 2590/66/4153 2594/72/4153
f 2592/68/4154 2591/67/4154 2594/73/4154
f 2593/64/4155 2592/68/4155 2594/74/4155
f 2607/53/4176 2608/54/4176 2609/55/4176
f 2608/54/4177 2607/56/4177 2612/57/4177
f 2607/58/4178 2609/59/4178 2610/60/4178
f 2607/61/4179 2610/60/4179 2611/62/4179
f 2607/63/4180 2611/62/4180 2612/57/4180
f 2608/54/4181 2612/57/4181 2617/64/4181
f 2609/55/4182 2608/54/4182 2613/65/4182
f 2610/60/4183 2609/59/4183 2614/66/4183
f 2611/62/4184 2610/60/4184 2615/67/4184
f 2612/57/4185 2611/62/4185 2616/68/4185
f 2608/54/4186 2617/64/4186 2613/65/4186
f 2609/55/4187 2613/65/4187 2614/69/4187
f 2610/60/4188 2614/66/4188 2615/67/4188
f 2611/62/4189 2615/67/4189 2616/68/4189
f 2612/57/4190 2616/68/4190 2617/64/4190
f 2613/65/4191 2617/64/4191 2618/70/4191
f 2614/69/4192 2613/65/4192 2618/71/4192
f 2615/67/4193 2614/66/4193 2618/72/4193
f 2616/68/4194 2615/67/4194 2618/73/4194
f 2617/64/4195 2616/68/4195 2618/74/4195
f 2619/53/4196 2620/54/4196 2621/55/4196
f 2620/54/4197 2619/56/4197 2624/57/4197
f 2619/58/4198 2621/59/4198 2622/60/4198
f 2619/61/4199 2622/60/4199 2623/62/4199
f 2619/63/4200 2623/62/4200 2624/57/4200
f 2620/54/4201 2624/57/4201 2629/64/4201
f 2621/55/4202 2620/54/4202 2625/65/4202
f 2622/60/4203 2621/59/4203 2626/66/4203
f 2623/62/4204 2622/60/4204 2627/67/4204
f 2624/57/4205 2623/62/4205 2628/68/4205
f 2620/54/4206 2629/64/4206 2625/65/4206
f 2621/55/4207 2625/65/4207 2626/69/4207
f 2622/60/4208 2626/66/4208 2627/67/4208
f 2623/62/4209 2627/67/4209 2628/68/4209
f 2624/57/4210 2628/68/4210 2629/64/4210
f 2625/65/4211 2629/64/4211 2630/70/4211
f 2626/69/4212 2625/65/4212 2630/71/4212
f 2627/67/4213 2626/66/4213 2630/72/4213
f 2628/68/4214 2627/67/4214 2630/73/4214
f 2629/64/4215 2628/68/4215 2630/74/4215
f 2643/53/4236 2644/54/4236 2645/55/4236
f 2644/54/4237 2643/56/4237 2648/57/4237
f 2643/58/4238 2645/59/4238 2646/60/4238
f 2643/61/4239 2646/60/4239 2647/62/4239
f 2643/63/4240 2647/62/4240 2648/57/4240
f 2644/54/4241 2648/57/4241 2653/64/4241
f 2645/55/4242 2644/54/4242 2649/65/4242
f 2646/60/4243 2645/59/4243 2650/66/4243
f 2647/62/4244 2646/60/4244 2651/67/4244
f 2648/57/4245 2647/62/4245 2652/68/4245
f 2644/54/4246 2653/64/4246 2649/65/4246
f 2645/55/4247 2649/65/4247 2650/69/4247
f 2646/60/4248 2650/66/4248 2651/67/4248
f 2647/62/4249 2651/67/4249 2652/68/4249
f 2648/57/4250 2652/68/4250 2653/64/4250
f 2649/65/4251 2653/64/4251 2654/70/4251
f 2650/69/4252 2649/65/4252 2654/71/4252
f 2651/67/4253 2650/66/4253 2654/72/4253
f 2652/68/4254 2651/67/4254 2654/73/4254
f 2653/64/4255 2652/68/4255 2654/74/4255
f 2655/53/4256 2656/54/4256 2657/55/4256
f 2656/54/4257 2655/56/4257 2660/57/4257
f 2655/58/4258 2657/59/4258 2658/60/4258
f 2655/61/4259 2658/60/4259 2659/62/4259
f 2655/63/4260 2659/62/4260 2660/57/4260
f 2656/54/4261 2660/57/4261 2665/64/4261
f 2657/55/4262 2656/54/4262 2661/65/4262
f 2658/60/4263 2657/59/4263 2662/66/4263
f 2659/62/4264 2658/60/4264 2663/67/4264
f 2660/57/4265 2659/62/4265 2664/68/4265
f 2656/54/4266 2665/64/4266 2661/65/4266
f 2657/55/4267 2661/65/4267 2662/69/4267
f 2658/60/4268 2662/66/4268 2663/67/4268
f 2659/62/4269 2663/67/4269 2664/68/4269
f 2660/57/4270 2664/68/4270 2665/64/4270
f 2661/65/4271 2665/64/4271 2666/70/4271
f 2662/69/4272 2661/65/4272 2666/71/4272
f 2663/67/4273 2662/66/4273 2666/72/4273
f 2664/68/4274 2663/67/4274 2666/73/4274
f 2665/64/4275 2664/68/4275 2666/74/4275
f 2679/53/4296 2680/54/4296 2681/55/4296
f 2680/54/4297 2679/56/4297 2684/57/4297
f 2679/58/4298 2681/59/4298 2682/60/4298
f 2679/61/4299 2682/60/4299 2683/62/4299
f 2679/63/4300 2683/62/4300 2684/57/4300
f 2680/54/4301 2684/57/4301 2689/64/4301
f 2681/55/4302 2680/54/4302 2685/65/4302
f 2682/60/4303 2681/59/4303 2686/66/4303
f 2683/62/4304 2682/60/4304 2687/67/4304
f 2684/57/4305 2683/62/4305 2688/68/4305
f 2680/54/4306 2689/64/4306 2685/65/4306
f 2681/55/4307 2685/65/4307 2686/69/4307
f 2682/60/4308 2686/66/4308 2687/67/4308
f 2683/62/4309 2687/67/4309 2688/68/4309
f 2684/57/4310 2688/68/4310 2689/64/4310
f 2685/65/4311 2689/64/4311 2690/70/4311
f 2686/69/4312 2685/65/4312 2690/71/4312
f 2687/67/4313 2686/66/4313 2690/72/4313
f 2688/68/4314 2687/67/4314 2690/73/4314
f 2689/64/4315 2688/68/4315 2690/74/4315
f 2691/53/4316 2692/54/4316 2693/55/4316
f 2692/54/4317 2691/56/4317 2696/57/4317
f 2691/58/4318 2693/59/4318 2694/60/4318
f 2691/61/4319 2694/60/4319 2695/62/4319
f 2691/63/4320 2695/62/4320 2696/57/4320
f 2692/54/4321 2696/57/4321 2701/64/4321
f 2693/55/4322 2692/54/4322 2697/65/4322
f 2694/60/4323 2693/59/4323 2698/66/4323
f 2695/62/4324 2694/60/4324 2699/67/4324
f 2696/57/4325 2695/62/4325 2700/68/4325
f 2692/54/4326 2701/64/4326 2697/65/4326
f 2693/55/4327 2697/65/4327 2698/69/4327
f 2694/60/4328 2698/66/4328 2699/67/4328
f 2695/62/4329 2699/67/4329 2700/68/4329
f 2696/57/4330 2700/68/4330 2701/64/4330
f 2697/65/4331 2701/64/4331 2702/70/4331
f 2698/69/4332 2697/65/4332 2702/71/4332
f 2699/67/4333 2698/66/4333 2702/72/4333
f 2700/68/4334 2699/67/4334 2702/73/4334
f 2701/64/4335 2700/68/4335 2702/74/4335
f 2715/53/4356 2716/54/4356 2717/55/4356
f 2716/54/4357 2715/56/4357 2720/57/4357
f 2715/58/4358 2717/59/4358 2718/60/4358
f 2715/61/4359 2718/60/4359 2719/62/4359
f 2715/63/4360 2719/62/4360 2720/57/4360
f 2716/54/4361 2720/57/4361 2725/64/4361
f 2717/55/4362 2716/54/4362 2721/65/4362
f 2718/60/4363 2717/59/4363 2722/66/4363
f 2719/62/4364 2718/60/4364 2723/67/4364
f 2720/57/4365 2719/62/4365 2724/68/4365
f 2716/54/4366 2725/64/4366 2721/65/4366
f 2717/55/4367 2721/65/4367 2722/69/4367
f 2718/60/4368 2722/66/4368 2723/67/4368
f 2719/62/4369 2723/67/4369 2724/68/4369
f 2720/57/4370 2724/68/4370 2725/64/4370
f 2721/65/4371 2725/64/4371 2726/70/4371
f 2722/69/4372 2721/65/4372 2726/71/4372
f 2723/67/4373 2722/66/4373 2726/72/4373
f 2724/68/4374 2723/67/4374 2726/73/4374
f 2725/64/4375 2724/68/4375 2726/74/4375
f 2727/53/4376 2728/54/4376 2729/55/4376
f 2728/54/4377 2727/56/4377 2732/57/4377
f 2727/58/4378 2729/59/4378 2730/60/4378
f 2727/61/4379 2730/60/4379 2731/62/4379
f 2727/63/4380 2731/62/4380 2732/57/4380
f 2728/54/4381 2732/57/4381 2737/64/4381
f 2729/55/4382 2728/54/4382 2733/65/4382
f 2730/60/4383 2729/59/4383 2734/66/4383
f 2731/62/4384 2730/60/4384 2735/67/4384
f 2732/57/4385 2731/62/4385 2736/68/4385
f 2728/54/4386 2737/64/4386 2733/65/4386
f 2729/55/4387 2733/65/4387 2734/69/4387
f 2730/60/4388 2734/66/4388 2735/67/4388
f 2731/62/4389 2735/67/4389 2736/68/4389
f 2732/57/4390 2736/68/4390 2737/64/4390
f 2733/65/4391 2737/64/4391 2738/70/4391
f 2734/69/4392 2733/65/4392 2738/71/4392
f 2735/67/4393 2734/66/4393 2738/72/4393
f 2736/68/4394 2735/67/4394 2738/73/4394
f 2737/64/4395 2736/68/4395 2738/74/4395
f 2751/53/4416 2752/54/4416 2753/55/4416
f 2752/54/4417 2751/56/4417 2756/57/4417
f 2751/58/4418 2753/59/4418 2754/60/4418
f 2751/61/4419 2754/60/4419 2755/62/4419
f 2751/63/4420 2755/62/4420 2756/57/4420
f 2752/54/4421 2756/57/4421 2761/64/4421
f 2753/55/4422 2752/54/4422 2757/65/4422
f 2754/60/4423 2753/59/4423 2758/66/4423
f 2755/62/4424 2754/60/4424 2759/67/4424
f 2756/57/4425 2755/62/4425 2760/68/4425
f 2752/54/4426 2761/64/4426 2757/65/4426
f 2753/55/4427 2757/65/4427 2758/69/4427
f 2754/60/4428 2758/66/4428 2759/67/4428
f 2755/62/4429 2759/67/4429 2760/68/4429
f 2756/57/4430 2760/68/4430 2761/64/4430
f 2757/65/4431 2761/64/4431 2762/70/4431
f 2758/69/4432 2757/65/4432 2762/71/4432
f 2759/67/4433 2758/66/4433 2762/72/4433
f 2760/68/4434 2759/67/4434 2762/73/4434
f 2761/64/4435 2760/68/4435 2762/74/4435
f 2763/53/4436 2764/54/4436 2765/55/4436
f 2764/54/4437 2763/56/4437 2768/57/4437
f 2763/58/4438 2765/59/4438 2766/60/4438
f 2763/61/4439 2766/60/4439 2767/62/4439
f 2763/63/4440 2767/62/4440 2768/57/4440
f 2764/54/4441 2768/57/4441 2773/64/4441
f 2765/55/4442 2764/54/4442 2769/65/4442
f 2766/60/4443 2765/59/4443 2770/66/4443
f 2767/62/4444 2766/60/4444 2771/67/4444
f 2768/57/4445 2767/62/4445 2772/68/4445
f 2764/54/4446 2773/64/4446 2769/65/4446
f 2765/55/4447 2769/65/4447 2770/69/4447
f 2766/60/4448 2770/66/4448 2771/67/4448
f 2767/62/4449 2771/67/4449 2772/68/4449
f 2768/57/4450 2772/68/4450 2773/64/4450
f 2769/65/4451 2773/64/4451 2774/70/4451
f 2770/69/4452 2769/65/4452 2774/71/4452
f 2771/67/4453 2770/66/4453 2774/72/4453
f 2772/68/4454 2771/67/4454 2774/73/4454
f 2773/64/4455 2772/68/4455 2774/74/4455
f 2787/53/4476 2788/54/4476 2789/55/4476
f 2788/54/4477 2787/56/4477 2792/57/4477
f 2787/58/4478 2789/59/4478 2790/60/4478
f 2787/61/4479 2790/60/4479 2791/62/4479
f 2787/63/4480 2791/62/4480 2792/57/4480
f 2788/54/4481 2792/57/4481 2797/64/4481
f 2789/55/4482 2788/54/4482 2793/65/4482
f 2790/60/4483 2789/59/4483 2794/66/4483
f 2791/62/4484 2790/60/4484 2795/67/4484
f 2792/57/4485 2791/62/4485 2796/68/4485
f 2788/54/4486 2797/64/4486 2793/65/4486
f 2789/55/4487 2793/65/4487 2794/69/4487
f 2790/60/4488 2794/66/4488 2795/67/4488
f 2791/62/4489 2795/67/4489 2796/68/4489
f 2792/57/4490 2796/68/4490 2797/64/4490
f 2793/65/4491 2797/64/4491 2798/70/4491
f 2794/69/4492 2793/65/4492 2798/71/4492
f 2795/67/4493 2794/66/4493 2798/72/4493
f 2796/68/4494 2795/67/4494 2798/73/4494
f 2797/64/4495 2796/68/4495 2798/74/4495
f 2799/53/4496 2800/54/4496 2801/55/4496
f 2800/54/4497 2799/56/4497 2804/57/4497
f 2799/58/4498 2801/59/4498 2802/60/4498
f 2799/61/4499 2802/60/4499 2803/62/4499
f 2799/63/4500 2803/62/4500 2804/57/4500
f 2800/54/4501 2804/57/4501 2809/64/4501
f 2801/55/4502 2800/54/4502 2805/65/4502
f 2802/60/4503 2801/59/4503 2806/66/4503
f 2803/62/4504 2802/60/4504 2807/67/4504
f 2804/57/4505 2803/62/4505 2808/68/4505
f 2800/54/4506 2809/64/4506 2805/65/4506
f 2801/55/4507 2805/65/4507 2806/69/4507
f 2802/60/4508 2806/66/4508 2807/67/4508
f 2803/62/4509 2807/67/4509 2808/68/4509
f 2804/57/4510 2808/68/4510 2809/64/4510
f 2805/65/4511 2809/64/4511 2810/70/4511
f 2806/69/4512 2805/65/4512 2810/71/4512
f 2807/67/4513 2806/66/4513 2810/72/4513
f 2808/68/4514 2807/67/4514 2810/73/4514
f 2809/64/4515 2808/68/4515 2810/74/4515
